model,group,mel_over_thickness,extend_terminals,run_index,n_runs,max_edge_length,max_edge_length_fraction,mesh_vertices,mesh_faces,mesh_area,mesh_volume,bbox_diagonal,watertight,genus,component_count,thickness_median,thickness_p10,thickness_p90,skeleton_nodes,skeleton_edges,skeleton_length,n_terminals,n_branches,cyclomatic_number,morphology_nodes,morphology_edges,volume_ratio,volume_relative_error,area_ratio,area_relative_error,volume_ratio_overlaps,volume_relative_error_overlaps,area_ratio_overlaps,area_relative_error_overlaps,volume_ratio_sa_norm,volume_relative_error_sa_norm,runtime_s,rss_before_mb,peak_rss_mb,rss_delta_mb,runtime_scaling_exponent,ram_scaling_exponent
cylinder,demo,1.0,0,0,10,1.912393837228873,0.1840201827867785,34,64,68.55183781125503,30.614674464782315,10.392304845413264,True,0,1,1.912393837228873,1.1469497979252745,2.2724840589051523,4,3,9.81592185188444,2,0,0,7,6,0.9816796611392198,-0.018320338860780203,0.977529983395867,-0.022470016604132944,0.9816796611392198,-0.018320338860780203,0.977529983395867,-0.022470016604132944,1.023392865831037,0.023392865831036988,0.5320016000187024,151.12109375,151.859375,0.73828125,3.6130875778850893,-0.004077838876032884
cylinder,demo,1.0,1,0,10,1.912393837228873,0.1840201827867785,34,64,68.55183781125503,30.614674464782315,10.392304845413264,True,0,1,1.912393837228873,1.1469497979252745,2.2724840589051523,4,3,9.81592185188444,2,0,0,9,8,1.0968714012927052,0.09687140129270515,1.0603433804149074,0.06034338041490734,1.0968714012927052,0.09687140129270515,1.0603433804149074,0.06034338041490734,0.9807693258228439,-0.019230674177156026,0.5320016000187024,151.12109375,151.859375,0.73828125,2.163794386742965,-0.002782139824436265
cylinder,demo,1.0,0,1,10,1.912393837228873,0.1840201827867785,34,64,68.55183781125503,30.614674464782315,10.392304845413264,True,0,1,1.912393837228873,1.1469497979252745,2.2724840589051523,4,3,9.81592185188444,2,0,0,7,6,0.9817352904603832,-0.018264709539616775,0.9775751766564252,-0.02242482334357476,0.9817352904603832,-0.018264709539616775,0.9775751766564252,-0.02242482334357476,1.0233641630520602,0.02336416305206015,0.4477748000063002,152.00390625,152.171875,0.16796875,3.6130875778850893,-0.004077838876032884
cylinder,demo,1.0,1,1,10,1.912393837228873,0.1840201827867785,34,64,68.55183781125503,30.614674464782315,10.392304845413264,True,0,1,1.912393837228873,1.1469497979252745,2.2724840589051523,4,3,9.81592185188444,2,0,0,9,8,1.0969413260504977,0.09694132605049768,1.0603954250336323,0.06039542503363227,1.0969413260504977,0.09694132605049768,1.0603954250336323,0.06039542503363227,0.9807399363208793,-0.019260063679120688,0.4477748000063002,152.00390625,152.171875,0.16796875,2.163794386742965,-0.002782139824436265
cylinder,demo,1.0,0,2,10,1.912393837228873,0.1840201827867785,34,64,68.55183781125503,30.614674464782315,10.392304845413264,True,0,1,1.912393837228873,1.1469497979252745,2.2724840589051523,4,3,9.81592185188444,2,0,0,7,6,0.9816463168840681,-0.018353683115931895,0.9775028776854339,-0.022497122314566166,0.9816463168840681,-0.018353683115931895,0.9775028776854339,-0.022497122314566166,1.0234101037043974,0.023410103704397528,0.34070850000716746,152.1640625,152.23046875,0.06640625,3.6130875778850893,-0.004077838876032884
cylinder,demo,1.0,1,2,10,1.912393837228873,0.1840201827867785,34,64,68.55183781125503,30.614674464782315,10.392304845413264,True,0,1,1.912393837228873,1.1469497979252745,2.2724840589051523,4,3,9.81592185188444,2,0,0,9,8,1.096829471197905,0.09682947119790504,1.060312159638683,0.0603121596386831,1.096829471197905,0.09682947119790504,1.060312159638683,0.0603121596386831,0.9807869714550995,-0.019213028544900534,0.34070850000716746,152.1640625,152.23046875,0.06640625,2.163794386742965,-0.002782139824436265
cylinder,demo,1.0,0,3,10,1.912393837228873,0.1840201827867785,34,64,68.55183781125503,30.614674464782315,10.392304845413264,True,0,1,1.912393837228873,1.1469497979252745,2.2724840589051523,4,3,9.81592185188444,2,0,0,7,6,0.981654023535988,-0.018345976464012034,0.9775091119250972,-0.0224908880749029,0.981654023535988,-0.018345976464012034,0.9775091119250972,-0.0224908880749029,1.0234061799523984,0.023406179952398434,0.6250273000041489,152.21484375,152.25,0.03515625,3.6130875778850893,-0.004077838876032884
cylinder,demo,1.0,1,3,10,1.912393837228873,0.1840201827867785,34,64,68.55183781125503,30.614674464782315,10.392304845413264,True,0,1,1.912393837228873,1.1469497979252745,2.2724840589051523,4,3,9.81592185188444,2,0,0,9,8,1.0968390656643734,0.09683906566437343,1.0603192986955412,0.060319298695541264,1.0968390656643734,0.09683906566437343,1.0603192986955412,0.060319298695541264,0.9807829402015916,-0.019217059798408334,0.6250273000041489,152.21484375,152.25,0.03515625,2.163794386742965,-0.002782139824436265
cylinder,demo,1.0,0,4,10,1.912393837228873,0.1840201827867785,34,64,68.55183781125503,30.614674464782315,10.392304845413264,True,0,1,1.912393837228873,1.1469497979252745,2.2724840589051523,4,3,9.81592185188444,2,0,0,7,6,0.9815985517662146,-0.01840144823378539,0.977464126368337,-0.022535873631663015,0.9815985517662146,-0.01840144823378539,0.977464126368337,-0.022535873631663015,1.0234346488388448,0.023434648838844753,0.5825170000025537,152.23828125,152.27734375,0.0390625,3.6130875778850893,-0.004077838876032884
cylinder,demo,1.0,1,4,10,1.912393837228873,0.1840201827867785,34,64,68.55183781125503,30.614674464782315,10.392304845413264,True,0,1,1.912393837228873,1.1469497979252745,2.2724840589051523,4,3,9.81592185188444,2,0,0,9,8,1.0967694741585654,0.09676947415856546,1.0602675455845667,0.060267545584566665,1.0967694741585654,0.09676947415856546,1.0602675455845667,0.060267545584566665,0.9808121176557774,-0.01918788234422266,0.5825170000025537,152.23828125,152.27734375,0.0390625,2.163794386742965,-0.002782139824436265
cylinder,demo,1.0,0,5,10,1.912393837228873,0.1840201827867785,34,64,68.55183781125503,30.614674464782315,10.392304845413264,True,0,1,1.912393837228873,1.1469497979252745,2.2724840589051523,4,3,9.81592185188444,2,0,0,7,6,0.9816507075591877,-0.018349292440812324,0.9775066107050836,-0.022493389294916406,0.9816507075591877,-0.018349292440812324,0.9775066107050836,-0.022493389294916406,1.0234075137609406,0.023407513760940565,0.14173629999277182,152.26171875,152.28515625,0.0234375,3.6130875778850893,-0.004077838876032884
cylinder,demo,1.0,1,5,10,1.912393837228873,0.1840201827867785,34,64,68.55183781125503,30.614674464782315,10.392304845413264,True,0,1,1.912393837228873,1.1469497979252745,2.2724840589051523,4,3,9.81592185188444,2,0,0,9,8,1.0968353229853613,0.09683532298536125,1.0603165929636984,0.06031659296369832,1.0968353229853613,0.09683532298536125,1.0603165929636984,0.06031659296369832,0.98078438130088,-0.01921561869912008,0.14173629999277182,152.26171875,152.28515625,0.0234375,2.163794386742965,-0.002782139824436265
cylinder,demo,1.0,0,6,10,1.912393837228873,0.1840201827867785,34,64,68.55183781125503,30.614674464782315,10.392304845413264,True,0,1,1.912393837228873,1.1469497979252745,2.2724840589051523,4,3,9.81592185188444,2,0,0,7,6,0.9816777187989137,-0.01832228120108626,0.9775285232367791,-0.02247147676322096,0.9816777187989137,-0.01832228120108626,0.9775285232367791,-0.02247147676322096,1.0233936372018102,0.023393637201810216,0.3630604000063613,152.26953125,152.32421875,0.0546875,3.6130875778850893,-0.004077838876032884
cylinder,demo,1.0,1,6,10,1.912393837228873,0.1840201827867785,34,64,68.55183781125503,30.614674464782315,10.392304845413264,True,0,1,1.912393837228873,1.1469497979252745,2.2724840589051523,4,3,9.81592185188444,2,0,0,9,8,1.0968692309985624,0.09686923099856226,1.060341811006536,0.06034181100653598,1.0968692309985624,0.09686923099856226,1.060341811006536,0.06034181100653598,0.9807701627680007,-0.019229837231999357,0.3630604000063613,152.26953125,152.32421875,0.0546875,2.163794386742965,-0.002782139824436265
cylinder,demo,1.0,0,7,10,1.912393837228873,0.1840201827867785,34,64,68.55183781125503,30.614674464782315,10.392304845413264,True,0,1,1.912393837228873,1.1469497979252745,2.2724840589051523,4,3,9.81592185188444,2,0,0,7,6,0.981632653598231,-0.01836734640176898,0.9774917900583275,-0.0225082099416725,0.981632653598231,-0.01836734640176898,0.9774917900583275,-0.0225082099416725,1.023417129952366,0.02341712995236598,0.14091640000697225,152.3046875,152.328125,0.0234375,3.6130875778850893,-0.004077838876032884
cylinder,demo,1.0,1,7,10,1.912393837228873,0.1840201827867785,34,64,68.55183781125503,30.614674464782315,10.392304845413264,True,0,1,1.912393837228873,1.1469497979252745,2.2724840589051523,4,3,9.81592185188444,2,0,0,9,8,1.096812311618961,0.096812311618961,1.0602993962733147,0.060299396273314744,1.096812311618961,0.096812311618961,1.0602993962733147,0.060299396273314744,0.9807941694876336,-0.019205830512366392,0.14091640000697225,152.3046875,152.328125,0.0234375,2.163794386742965,-0.002782139824436265
cylinder,demo,1.0,0,8,10,1.912393837228873,0.1840201827867785,34,64,68.55183781125503,30.614674464782315,10.392304845413264,True,0,1,1.912393837228873,1.1469497979252745,2.2724840589051523,4,3,9.81592185188444,2,0,0,7,6,0.981646352690145,-0.01835364730985505,0.9775030217491647,-0.0224969782508353,0.981646352690145,-0.01835364730985505,0.9775030217491647,-0.0224969782508353,1.0234098619283136,0.023409861928313735,0.5323326000070665,152.3125,152.3515625,0.0390625,3.6130875778850893,-0.004077838876032884
cylinder,demo,1.0,1,8,10,1.912393837228873,0.1840201827867785,34,64,68.55183781125503,30.614674464782315,10.392304845413264,True,0,1,1.912393837228873,1.1469497979252745,2.2724840589051523,4,3,9.81592185188444,2,0,0,9,8,1.0968296836297555,0.09682968362975555,1.0603123883658117,0.06031238836581174,1.0968296836297555,0.09682968362975555,1.0603123883658117,0.06031238836581174,0.9807867607297871,-0.019213239270212908,0.5323326000070665,152.3125,152.3515625,0.0390625,2.163794386742965,-0.002782139824436265
cylinder,demo,1.0,0,9,10,1.912393837228873,0.1840201827867785,34,64,68.55183781125503,30.614674464782315,10.392304845413264,True,0,1,1.912393837228873,1.1469497979252745,2.2724840589051523,4,3,9.81592185188444,2,0,0,7,6,0.9816223276402158,-0.01837767235978411,0.9774834797610195,-0.022516520238980587,0.9816223276402158,-0.01837767235978411,0.9774834797610195,-0.022516520238980587,1.0234223059760381,0.02342230597603805,0.5872657999861985,152.33203125,152.36328125,0.03125,3.6130875778850893,-0.004077838876032884
cylinder,demo,1.0,1,9,10,1.912393837228873,0.1840201827867785,34,64,68.55183781125503,30.614674464782315,10.392304845413264,True,0,1,1.912393837228873,1.1469497979252745,2.2724840589051523,4,3,9.81592185188444,2,0,0,9,8,1.0967994368124092,0.09679943681240916,1.0602898643203378,0.06028986432033787,1.0967994368124092,0.09679943681240916,1.0602898643203378,0.06028986432033787,0.980799493623634,-0.019200506376366073,0.5872657999861985,152.33203125,152.36328125,0.03125,2.163794386742965,-0.002782139824436265
cylinder,demo,2.0,0,0,10,3.824787674457746,0.368040365573557,34,64,68.55183781125503,30.614674464782315,10.392304845413264,True,0,1,1.912393837228873,1.1469497979252745,2.2724840589051523,4,3,9.81592185188444,2,0,0,4,3,0.9815983532889421,-0.01840164671105797,0.9774635643377532,-0.0225364356622468,0.9815983532889421,-0.01840164671105797,0.9774635643377532,-0.0225364356622468,1.0234355335563017,0.02343553355630161,0.12893439998151734,152.34765625,152.39453125,0.046875,3.6130875778850893,-0.004077838876032884
cylinder,demo,2.0,1,0,10,3.824787674457746,0.368040365573557,34,64,68.55183781125503,30.614674464782315,10.392304845413264,True,0,1,1.912393837228873,1.1469497979252745,2.2724840589051523,4,3,9.81592185188444,2,0,0,6,5,1.0967684571879945,0.09676845718799443,1.0602665912436509,0.06026659124365085,1.0967684571879945,0.09676845718799443,1.0602665912436509,0.06026659124365085,0.9808128777867646,-0.019187122213235423,0.12893439998151734,152.34765625,152.39453125,0.046875,2.163794386742965,-0.002782139824436265
cylinder,demo,2.0,0,1,10,3.824787674457746,0.368040365573557,34,64,68.55183781125503,30.614674464782315,10.392304845413264,True,0,1,1.912393837228873,1.1469497979252745,2.2724840589051523,4,3,9.81592185188444,2,0,0,4,3,0.9816065903040999,-0.018393409695900045,0.9774697154889638,-0.02253028451103627,0.9816065903040999,-0.018393409695900045,0.9774697154889638,-0.02253028451103627,1.0234323380892825,0.023432338089282474,0.2437598000105936,152.375,152.41015625,0.03515625,3.6130875778850893,-0.004077838876032884
cylinder,demo,2.0,1,1,10,3.824787674457746,0.368040365573557,34,64,68.55183781125503,30.614674464782315,10.392304845413264,True,0,1,1.912393837228873,1.1469497979252745,2.2724840589051523,4,3,9.81592185188444,2,0,0,6,5,1.096777781695387,0.09677778169538709,1.060273263638383,0.060273263638383,1.096777781695387,0.09677778169538709,1.060273263638383,0.060273263638383,0.9808094098176772,-0.019190590182322845,0.2437598000105936,152.375,152.41015625,0.03515625,2.163794386742965,-0.002782139824436265
cylinder,demo,2.0,0,2,10,3.824787674457746,0.368040365573557,34,64,68.55183781125503,30.614674464782315,10.392304845413264,True,0,1,1.912393837228873,1.1469497979252745,2.2724840589051523,4,3,9.81592185188444,2,0,0,4,3,0.9816134901277134,-0.0183865098722866,0.9774748676504603,-0.022525132349539657,0.9816134901277134,-0.0183865098722866,0.9774748676504603,-0.022525132349539657,1.0234296622038628,0.02342966220386275,0.11781610001344234,152.39453125,152.42578125,0.03125,3.6130875778850893,-0.004077838876032884
cylinder,demo,2.0,1,2,10,3.824787674457746,0.368040365573557,34,64,68.55183781125503,30.614674464782315,10.392304845413264,True,0,1,1.912393837228873,1.1469497979252745,2.2724840589051523,4,3,9.81592185188444,2,0,0,6,5,1.0967855909770459,0.09678559097704578,1.0602788517089567,0.060278851708956686,1.0967855909770459,0.09678559097704578,1.0602788517089567,0.060278851708956686,0.9808065054767363,-0.019193494523263643,0.11781610001344234,152.39453125,152.42578125,0.03125,2.163794386742965,-0.002782139824436265
cylinder,demo,2.0,0,3,10,3.824787674457746,0.368040365573557,34,64,68.55183781125503,30.614674464782315,10.392304845413264,True,0,1,1.912393837228873,1.1469497979252745,2.2724840589051523,4,3,9.81592185188444,2,0,0,4,3,0.9815937872688956,-0.018406212731104408,0.9774601543428741,-0.022539845657125832,0.9815937872688956,-0.018406212731104408,0.9774601543428741,-0.022539845657125832,1.0234373053470491,0.023437305347049173,0.24226090000593103,152.4140625,152.44921875,0.03515625,3.6130875778850893,-0.004077838876032884
cylinder,demo,2.0,1,3,10,3.824787674457746,0.368040365573557,34,64,68.55183781125503,30.614674464782315,10.392304845413264,True,0,1,1.912393837228873,1.1469497979252745,2.2724840589051523,4,3,9.81592185188444,2,0,0,6,5,1.0967632880829217,0.09676328808292166,1.0602628921846977,0.06026289218469766,1.0967632880829217,0.09676328808292166,1.0602628921846977,0.06026289218469766,0.9808148005808174,-0.019185199419182647,0.24226090000593103,152.4140625,152.44921875,0.03515625,2.163794386742965,-0.002782139824436265
cylinder,demo,2.0,0,4,10,3.824787674457746,0.368040365573557,34,64,68.55183781125503,30.614674464782315,10.392304845413264,True,0,1,1.912393837228873,1.1469497979252745,2.2724840589051523,4,3,9.81592185188444,2,0,0,4,3,0.9816480699451243,-0.018351930054875724,0.977500685408516,-0.022499314591483965,0.9816480699451243,-0.018351930054875724,0.977500685408516,-0.022499314591483965,1.0234162581095885,0.023416258109588476,0.15541880001546815,152.43359375,152.45703125,0.0234375,3.6130875778850893,-0.004077838876032884
cylinder,demo,2.0,1,4,10,3.824787674457746,0.368040365573557,34,64,68.55183781125503,30.614674464782315,10.392304845413264,True,0,1,1.912393837228873,1.1469497979252745,2.2724840589051523,4,3,9.81592185188444,2,0,0,6,5,1.0968247175754637,0.09682471757546376,1.0603068487511,0.06030684875110001,1.0968247175754637,0.09682471757546376,1.0603068487511,0.06030684875110001,0.9807919550110912,-0.01920804498890887,0.15541880001546815,152.43359375,152.45703125,0.0234375,2.163794386742965,-0.002782139824436265
cylinder,demo,2.0,0,5,10,3.824787674457746,0.368040365573557,34,64,68.55183781125503,30.614674464782315,10.392304845413264,True,0,1,1.912393837228873,1.1469497979252745,2.2724840589051523,4,3,9.81592185188444,2,0,0,4,3,0.981646058233617,-0.018353941766383098,0.9774991832642963,-0.02250081673570374,0.981646058233617,-0.018353941766383098,0.9774991832642963,-0.02250081673570374,1.0234170383209757,0.023417038320975744,0.17572309999377467,152.4453125,152.46875,0.0234375,3.6130875778850893,-0.004077838876032884
cylinder,demo,2.0,1,5,10,3.824787674457746,0.368040365573557,34,64,68.55183781125503,30.614674464782315,10.392304845413264,True,0,1,1.912393837228873,1.1469497979252745,2.2724840589051523,4,3,9.81592185188444,2,0,0,6,5,1.0968224371069908,0.09682243710699086,1.060305217791734,0.06030521779173397,1.0968224371069908,0.09682243710699086,1.060305217791734,0.06030521779173397,0.980792801489333,-0.01920719851066704,0.17572309999377467,152.4453125,152.46875,0.0234375,2.163794386742965,-0.002782139824436265
cylinder,demo,2.0,0,6,10,3.824787674457746,0.368040365573557,34,64,68.55183781125503,30.614674464782315,10.392304845413264,True,0,1,1.912393837228873,1.1469497979252745,2.2724840589051523,4,3,9.81592185188444,2,0,0,4,3,0.9816238003066016,-0.01837619969339842,0.9774825638572474,-0.022517436142752593,0.9816238003066016,-0.01837619969339842,0.9774825638572474,-0.022517436142752593,1.0234256686689802,0.023425668668980198,0.059970000002067536,152.453125,152.48828125,0.03515625,3.6130875778850893,-0.004077838876032884
cylinder,demo,2.0,1,6,10,3.824787674457746,0.368040365573557,34,64,68.55183781125503,30.614674464782315,10.392304845413264,True,0,1,1.912393837228873,1.1469497979252745,2.2724840589051523,4,3,9.81592185188444,2,0,0,6,5,1.0967972521089295,0.09679725210892955,1.0602871954340547,0.06028719543405469,1.0967972521089295,0.09679725210892955,1.0602871954340547,0.06028719543405469,0.9808021694832666,-0.01919783051673342,0.059970000002067536,152.453125,152.48828125,0.03515625,2.163794386742965,-0.002782139824436265
cylinder,demo,2.0,0,7,10,3.824787674457746,0.368040365573557,34,64,68.55183781125503,30.614674464782315,10.392304845413264,True,0,1,1.912393837228873,1.1469497979252745,2.2724840589051523,4,3,9.81592185188444,2,0,0,4,3,0.9816021482671373,-0.01839785173286264,0.9774663980447557,-0.02253360195524439,0.9816021482671373,-0.01839785173286264,0.9774663980447557,-0.02253360195524439,1.0234340618644309,0.02343406186443083,0.24282130002393387,152.47265625,152.5,0.02734375,3.6130875778850893,-0.004077838876032884
cylinder,demo,2.0,1,7,10,3.824787674457746,0.368040365573557,34,64,68.55183781125503,30.614674464782315,10.392304845413264,True,0,1,1.912393837228873,1.1469497979252745,2.2724840589051523,4,3,9.81592185188444,2,0,0,6,5,1.096772752117934,0.09677275211793408,1.0602696645816359,0.06026966458163574,1.096772752117934,0.09677275211793408,1.0602696645816359,0.06026966458163574,0.9808112804083198,-0.01918871959168024,0.24282130002393387,152.47265625,152.5,0.02734375,2.163794386742965,-0.002782139824436265
cylinder,demo,2.0,0,8,10,3.824787674457746,0.368040365573557,34,64,68.55183781125503,30.614674464782315,10.392304845413264,True,0,1,1.912393837228873,1.1469497979252745,2.2724840589051523,4,3,9.81592185188444,2,0,0,4,3,0.9816970727766281,-0.01830292722337192,0.9775372762726534,-0.02246272372734659,0.9816970727766281,-0.01830292722337192,0.9775372762726534,-0.02246272372734659,1.0233972540221898,0.023397254022189947,0.05928459999267943,152.484375,152.51953125,0.03515625,3.6130875778850893,-0.004077838876032884
cylinder,demo,2.0,1,8,10,3.824787674457746,0.368040365573557,34,64,68.55183781125503,30.614674464782315,10.392304845413264,True,0,1,1.912393837228873,1.1469497979252745,2.2724840589051523,4,3,9.81592185188444,2,0,0,6,5,1.096880186435549,0.09688018643554912,1.0603465387498139,0.06034653874981387,1.096880186435549,0.09688018643554912,1.0603465387498139,0.06034653874981387,0.9807713294085636,-0.019228670591436445,0.05928459999267943,152.484375,152.51953125,0.03515625,2.163794386742965,-0.002782139824436265
cylinder,demo,2.0,0,9,10,3.824787674457746,0.368040365573557,34,64,68.55183781125503,30.614674464782315,10.392304845413264,True,0,1,1.912393837228873,1.1469497979252745,2.2724840589051523,4,3,9.81592185188444,2,0,0,4,3,0.9816170453449952,-0.018382954655004887,0.9774775201513256,-0.022522479848674413,0.9816170453449952,-0.018382954655004887,0.9774775201513256,-0.022522479848674413,1.023428287867982,0.023428287867981974,0.17684119998011738,152.50390625,152.5390625,0.03515625,3.6130875778850893,-0.004077838876032884
cylinder,demo,2.0,1,9,10,3.824787674457746,0.368040365573557,34,64,68.55183781125503,30.614674464782315,10.392304845413264,True,0,1,1.912393837228873,1.1469497979252745,2.2724840589051523,4,3,9.81592185188444,2,0,0,6,5,1.096789604513067,0.0967896045130669,1.0602817238844997,0.060281723884499656,1.096789604513067,0.0967896045130669,1.0602817238844997,0.060281723884499656,0.9808050121608175,-0.019194987839182505,0.17684119998011738,152.50390625,152.5390625,0.03515625,2.163794386742965,-0.002782139824436265
torus,demo,1.0,0,0,10,1.9609726375250154,0.13729554648250783,512,1024,156.27209872953597,76.44962188927714,14.2828568570857,True,1,1,1.9609726375250154,1.8241856084713384,2.0744752663198467,32,32,24.96298297330074,0,0,1,13,13,1.0117284320867177,0.011728432086717745,0.989013323383055,-0.010986676616944982,1.0117284320867177,0.011728432086717745,0.989013323383055,-0.010986676616944982,1.0343312844524228,0.034331284452422735,1.0333670999971218,155.87109375,157.43359375,1.5625,0.3455745579498745,-0.01575513019243256
torus,demo,1.0,1,0,10,1.9609726375250154,0.13729554648250783,512,1024,156.27209872953597,76.44962188927714,14.2828568570857,True,1,1,1.9609726375250154,1.8241856084713384,2.0744752663198467,32,32,24.96298297330074,0,0,1,13,13,1.0117284320867177,0.011728432086717745,0.989013323383055,-0.010986676616944982,1.0117284320867177,0.011728432086717745,0.989013323383055,-0.010986676616944982,1.0343312844524228,0.034331284452422735,1.0333670999971218,155.87109375,157.43359375,1.5625,0.3455745579498745,-0.01575513019243256
torus,demo,1.0,0,1,10,1.9609726375250154,0.13729554648250783,512,1024,156.27209872953597,76.44962188927714,14.2828568570857,True,1,1,1.9609726375250154,1.8241856084713384,2.0744752663198467,32,32,24.96298297330074,0,0,1,13,13,1.0126707523353669,0.012670752335366919,0.9894957716989762,-0.01050422830102384,1.0126707523353669,0.012670752335366919,0.9894957716989762,-0.01050422830102384,1.0342852993721423,0.03428529937214229,1.828643800021382,157.41796875,157.69921875,0.28125,0.3455745579498745,-0.01575513019243256
torus,demo,1.0,1,1,10,1.9609726375250154,0.13729554648250783,512,1024,156.27209872953597,76.44962188927714,14.2828568570857,True,1,1,1.9609726375250154,1.8241856084713384,2.0744752663198467,32,32,24.96298297330074,0,0,1,13,13,1.0126707523353669,0.012670752335366919,0.9894957716989762,-0.01050422830102384,1.0126707523353669,0.012670752335366919,0.9894957716989762,-0.01050422830102384,1.0342852993721423,0.03428529937214229,1.828643800021382,157.41796875,157.69921875,0.28125,0.3455745579498745,-0.01575513019243256
torus,demo,1.0,0,2,10,1.9609726375250154,0.13729554648250783,512,1024,156.27209872953597,76.44962188927714,14.2828568570857,True,1,1,1.9609726375250154,1.8241856084713384,2.0744752663198467,32,32,24.96298297330074,0,0,1,13,13,1.012527434779,0.012527434779000007,0.9894955902335828,-0.010504409766417207,1.012527434779,0.012527434779000007,0.9894955902335828,-0.010504409766417207,1.0341393076290692,0.0341393076290693,1.7631179000018165,157.68359375,157.79296875,0.109375,0.3455745579498745,-0.01575513019243256
torus,demo,1.0,1,2,10,1.9609726375250154,0.13729554648250783,512,1024,156.27209872953597,76.44962188927714,14.2828568570857,True,1,1,1.9609726375250154,1.8241856084713384,2.0744752663198467,32,32,24.96298297330074,0,0,1,13,13,1.012527434779,0.012527434779000007,0.9894955902335828,-0.010504409766417207,1.012527434779,0.012527434779000007,0.9894955902335828,-0.010504409766417207,1.0341393076290692,0.0341393076290693,1.7631179000018165,157.68359375,157.79296875,0.109375,0.3455745579498745,-0.01575513019243256
torus,demo,1.0,0,3,10,1.9609726375250154,0.13729554648250783,512,1024,156.27209872953597,76.44962188927714,14.2828568570857,True,1,1,1.9609726375250154,1.8241856084713384,2.0744752663198467,32,32,24.96298297330074,0,0,1,13,13,1.0120266330605274,0.012026633060527406,0.9889741214800292,-0.011025878519970837,1.0120266330605274,0.012026633060527406,0.9889741214800292,-0.011025878519970837,1.0347181516367447,0.03471815163674468,1.286056600016309,157.77734375,157.9765625,0.19921875,0.3455745579498745,-0.01575513019243256
torus,demo,1.0,1,3,10,1.9609726375250154,0.13729554648250783,512,1024,156.27209872953597,76.44962188927714,14.2828568570857,True,1,1,1.9609726375250154,1.8241856084713384,2.0744752663198467,32,32,24.96298297330074,0,0,1,13,13,1.0120266330605274,0.012026633060527406,0.9889741214800292,-0.011025878519970837,1.0120266330605274,0.012026633060527406,0.9889741214800292,-0.011025878519970837,1.0347181516367447,0.03471815163674468,1.286056600016309,157.77734375,157.9765625,0.19921875,0.3455745579498745,-0.01575513019243256
torus,demo,1.0,0,4,10,1.9609726375250154,0.13729554648250783,512,1024,156.27209872953597,76.44962188927714,14.2828568570857,True,1,1,1.9609726375250154,1.8241856084713384,2.0744752663198467,32,32,24.96298297330074,0,0,1,13,13,1.0129124077879406,0.012912407787940661,0.9897028930436533,-0.010297106956346645,1.0129124077879406,0.012912407787940661,0.9897028930436533,-0.010297106956346645,1.0340991549986065,0.03409915499860645,1.7962359000230208,157.96484375,158.0390625,0.07421875,0.3455745579498745,-0.01575513019243256
torus,demo,1.0,1,4,10,1.9609726375250154,0.13729554648250783,512,1024,156.27209872953597,76.44962188927714,14.2828568570857,True,1,1,1.9609726375250154,1.8241856084713384,2.0744752663198467,32,32,24.96298297330074,0,0,1,13,13,1.0129124077879406,0.012912407787940661,0.9897028930436533,-0.010297106956346645,1.0129124077879406,0.012912407787940661,0.9897028930436533,-0.010297106956346645,1.0340991549986065,0.03409915499860645,1.7962359000230208,157.96484375,158.0390625,0.07421875,0.3455745579498745,-0.01575513019243256
torus,demo,1.0,0,5,10,1.9609726375250154,0.13729554648250783,512,1024,156.27209872953597,76.44962188927714,14.2828568570857,True,1,1,1.9609726375250154,1.8241856084713384,2.0744752663198467,32,32,24.96298297330074,0,0,1,13,13,1.0128334342007312,0.012833434200731178,0.9896087511175496,-0.01039124888245039,1.0128334342007312,0.012833434200731178,0.9896087511175496,-0.01039124888245039,1.0342152907972288,0.034215290797228765,1.5707185000064783,158.0234375,158.20703125,0.18359375,0.3455745579498745,-0.01575513019243256
torus,demo,1.0,1,5,10,1.9609726375250154,0.13729554648250783,512,1024,156.27209872953597,76.44962188927714,14.2828568570857,True,1,1,1.9609726375250154,1.8241856084713384,2.0744752663198467,32,32,24.96298297330074,0,0,1,13,13,1.0128334342007312,0.012833434200731178,0.9896087511175496,-0.01039124888245039,1.0128334342007312,0.012833434200731178,0.9896087511175496,-0.01039124888245039,1.0342152907972288,0.034215290797228765,1.5707185000064783,158.0234375,158.20703125,0.18359375,0.3455745579498745,-0.01575513019243256
torus,demo,1.0,0,6,10,1.9609726375250154,0.13729554648250783,512,1024,156.27209872953597,76.44962188927714,14.2828568570857,True,1,1,1.9609726375250154,1.8241856084713384,2.0744752663198467,32,32,24.96298297330074,0,0,1,13,13,1.0129631077084804,0.012963107708480505,0.9897786199215661,-0.010221380078433848,1.0129631077084804,0.012963107708480505,0.9897786199215661,-0.010221380078433848,1.0339926977596177,0.0339926977596176,1.105059399997117,158.1875,158.25,0.0625,0.3455745579498745,-0.01575513019243256
torus,demo,1.0,1,6,10,1.9609726375250154,0.13729554648250783,512,1024,156.27209872953597,76.44962188927714,14.2828568570857,True,1,1,1.9609726375250154,1.8241856084713384,2.0744752663198467,32,32,24.96298297330074,0,0,1,13,13,1.0129631077084804,0.012963107708480505,0.9897786199215661,-0.010221380078433848,1.0129631077084804,0.012963107708480505,0.9897786199215661,-0.010221380078433848,1.0339926977596177,0.0339926977596176,1.105059399997117,158.1875,158.25,0.0625,0.3455745579498745,-0.01575513019243256
torus,demo,1.0,0,7,10,1.9609726375250154,0.13729554648250783,512,1024,156.27209872953597,76.44962188927714,14.2828568570857,True,1,1,1.9609726375250154,1.8241856084713384,2.0744752663198467,32,32,24.96298297330074,0,0,1,13,13,1.0121086338533638,0.012108633853363766,0.9893711671715961,-0.010628832828403885,1.0121086338533638,0.012108633853363766,0.9893711671715961,-0.010628832828403885,1.0339716412771223,0.0339716412771222,0.8514529000094626,158.234375,158.5078125,0.2734375,0.3455745579498745,-0.01575513019243256
torus,demo,1.0,1,7,10,1.9609726375250154,0.13729554648250783,512,1024,156.27209872953597,76.44962188927714,14.2828568570857,True,1,1,1.9609726375250154,1.8241856084713384,2.0744752663198467,32,32,24.96298297330074,0,0,1,13,13,1.0121086338533638,0.012108633853363766,0.9893711671715961,-0.010628832828403885,1.0121086338533638,0.012108633853363766,0.9893711671715961,-0.010628832828403885,1.0339716412771223,0.0339716412771222,0.8514529000094626,158.234375,158.5078125,0.2734375,0.3455745579498745,-0.01575513019243256
torus,demo,1.0,0,8,10,1.9609726375250154,0.13729554648250783,512,1024,156.27209872953597,76.44962188927714,14.2828568570857,True,1,1,1.9609726375250154,1.8241856084713384,2.0744752663198467,32,32,24.96298297330074,0,0,1,13,13,1.0130407707581555,0.013040770758155407,0.9895625817248588,-0.010437418275141228,1.0130407707581555,0.013040770758155407,0.9895625817248588,-0.010437418275141228,1.0345234703552046,0.03452347035520455,1.8235233000013977,158.4921875,158.72265625,0.23046875,0.3455745579498745,-0.01575513019243256
torus,demo,1.0,1,8,10,1.9609726375250154,0.13729554648250783,512,1024,156.27209872953597,76.44962188927714,14.2828568570857,True,1,1,1.9609726375250154,1.8241856084713384,2.0744752663198467,32,32,24.96298297330074,0,0,1,13,13,1.0130407707581555,0.013040770758155407,0.9895625817248588,-0.010437418275141228,1.0130407707581555,0.013040770758155407,0.9895625817248588,-0.010437418275141228,1.0345234703552046,0.03452347035520455,1.8235233000013977,158.4921875,158.72265625,0.23046875,0.3455745579498745,-0.01575513019243256
torus,demo,1.0,0,9,10,1.9609726375250154,0.13729554648250783,512,1024,156.27209872953597,76.44962188927714,14.2828568570857,True,1,1,1.9609726375250154,1.8241856084713384,2.0744752663198467,32,32,24.96298297330074,0,0,1,13,13,1.0119610014708338,0.01196100147083386,0.9892230287748571,-0.010776971225142833,1.0119610014708338,0.01196100147083386,0.9892230287748571,-0.010776971225142833,1.0341304579972666,0.034130457997266474,0.7829075000190642,158.703125,158.7421875,0.0390625,0.3455745579498745,-0.01575513019243256
torus,demo,1.0,1,9,10,1.9609726375250154,0.13729554648250783,512,1024,156.27209872953597,76.44962188927714,14.2828568570857,True,1,1,1.9609726375250154,1.8241856084713384,2.0744752663198467,32,32,24.96298297330074,0,0,1,13,13,1.0119610014708338,0.01196100147083386,0.9892230287748571,-0.010776971225142833,1.0119610014708338,0.01196100147083386,0.9892230287748571,-0.010776971225142833,1.0341304579972666,0.034130457997266474,0.7829075000190642,158.703125,158.7421875,0.0390625,0.3455745579498745,-0.01575513019243256
torus,demo,2.0,0,0,10,3.9219452750500308,0.27459109296501566,512,1024,156.27209872953597,76.44962188927714,14.2828568570857,True,1,1,1.9609726375250154,1.8241856084713384,2.0744752663198467,32,32,24.96298297330074,0,0,1,7,7,1.0720529050907335,0.07205290509073353,1.0055006237657826,0.005500623765782562,1.0720529050907335,0.07205290509073353,1.0055006237657826,0.005500623765782562,1.0603557128937806,0.06035571289378067,0.9809259000176098,158.72265625,158.76953125,0.046875,0.3455745579498745,-0.01575513019243256
torus,demo,2.0,1,0,10,3.9219452750500308,0.27459109296501566,512,1024,156.27209872953597,76.44962188927714,14.2828568570857,True,1,1,1.9609726375250154,1.8241856084713384,2.0744752663198467,32,32,24.96298297330074,0,0,1,7,7,1.0720529050907335,0.07205290509073353,1.0055006237657826,0.005500623765782562,1.0720529050907335,0.07205290509073353,1.0055006237657826,0.005500623765782562,1.0603557128937806,0.06035571289378067,0.9809259000176098,158.72265625,158.76953125,0.046875,0.3455745579498745,-0.01575513019243256
torus,demo,2.0,0,1,10,3.9219452750500308,0.27459109296501566,512,1024,156.27209872953597,76.44962188927714,14.2828568570857,True,1,1,1.9609726375250154,1.8241856084713384,2.0744752663198467,32,32,24.96298297330074,0,0,1,7,7,1.0717551426570893,0.07175514265708927,1.005828278509644,0.005828278509644045,1.0717551426570893,0.07175514265708927,1.005828278509644,0.005828278509644045,1.0593706824625106,0.059370682462510635,0.9842793999996502,158.75390625,158.88671875,0.1328125,0.3455745579498745,-0.01575513019243256
torus,demo,2.0,1,1,10,3.9219452750500308,0.27459109296501566,512,1024,156.27209872953597,76.44962188927714,14.2828568570857,True,1,1,1.9609726375250154,1.8241856084713384,2.0744752663198467,32,32,24.96298297330074,0,0,1,7,7,1.0717551426570893,0.07175514265708927,1.005828278509644,0.005828278509644045,1.0717551426570893,0.07175514265708927,1.005828278509644,0.005828278509644045,1.0593706824625106,0.059370682462510635,0.9842793999996502,158.75390625,158.88671875,0.1328125,0.3455745579498745,-0.01575513019243256
torus,demo,2.0,0,2,10,3.9219452750500308,0.27459109296501566,512,1024,156.27209872953597,76.44962188927714,14.2828568570857,True,1,1,1.9609726375250154,1.8241856084713384,2.0744752663198467,32,32,24.96298297330074,0,0,1,7,7,1.0714867134631372,0.07148671346313716,1.0053312546201916,0.005331254620191494,1.0714867134631372,0.07148671346313716,1.0053312546201916,0.005331254620191494,1.0601528397447777,0.060152839744777746,0.9701626999885775,158.87109375,158.93359375,0.0625,0.3455745579498745,-0.01575513019243256
torus,demo,2.0,1,2,10,3.9219452750500308,0.27459109296501566,512,1024,156.27209872953597,76.44962188927714,14.2828568570857,True,1,1,1.9609726375250154,1.8241856084713384,2.0744752663198467,32,32,24.96298297330074,0,0,1,7,7,1.0714867134631372,0.07148671346313716,1.0053312546201916,0.005331254620191494,1.0714867134631372,0.07148671346313716,1.0053312546201916,0.005331254620191494,1.0601528397447777,0.060152839744777746,0.9701626999885775,158.87109375,158.93359375,0.0625,0.3455745579498745,-0.01575513019243256
torus,demo,2.0,0,3,10,3.9219452750500308,0.27459109296501566,512,1024,156.27209872953597,76.44962188927714,14.2828568570857,True,1,1,1.9609726375250154,1.8241856084713384,2.0744752663198467,32,32,24.96298297330074,0,0,1,7,7,1.0711533239521254,0.07115332395212527,1.0051918169124252,0.0051918169124251096,1.0711533239521254,0.07115332395212527,1.0051918169124252,0.0051918169124251096,1.060116991393887,0.06011699139388702,0.9928691999812145,158.9140625,158.953125,0.0390625,0.3455745579498745,-0.01575513019243256
torus,demo,2.0,1,3,10,3.9219452750500308,0.27459109296501566,512,1024,156.27209872953597,76.44962188927714,14.2828568570857,True,1,1,1.9609726375250154,1.8241856084713384,2.0744752663198467,32,32,24.96298297330074,0,0,1,7,7,1.0711533239521254,0.07115332395212527,1.0051918169124252,0.0051918169124251096,1.0711533239521254,0.07115332395212527,1.0051918169124252,0.0051918169124251096,1.060116991393887,0.06011699139388702,0.9928691999812145,158.9140625,158.953125,0.0390625,0.3455745579498745,-0.01575513019243256
torus,demo,2.0,0,4,10,3.9219452750500308,0.27459109296501566,512,1024,156.27209872953597,76.44962188927714,14.2828568570857,True,1,1,1.9609726375250154,1.8241856084713384,2.0744752663198467,32,32,24.96298297330074,0,0,1,7,7,1.0708830333928323,0.07088303339283221,1.0050862732948773,0.005086273294877226,1.0708830333928323,0.07088303339283221,1.0050862732948773,0.005086273294877226,1.0600720772208596,0.06007207722085951,0.8343505000229925,158.9375,158.9765625,0.0390625,0.3455745579498745,-0.01575513019243256
torus,demo,2.0,1,4,10,3.9219452750500308,0.27459109296501566,512,1024,156.27209872953597,76.44962188927714,14.2828568570857,True,1,1,1.9609726375250154,1.8241856084713384,2.0744752663198467,32,32,24.96298297330074,0,0,1,7,7,1.0708830333928323,0.07088303339283221,1.0050862732948773,0.005086273294877226,1.0708830333928323,0.07088303339283221,1.0050862732948773,0.005086273294877226,1.0600720772208596,0.06007207722085951,0.8343505000229925,158.9375,158.9765625,0.0390625,0.3455745579498745,-0.01575513019243256
torus,demo,2.0,0,5,10,3.9219452750500308,0.27459109296501566,512,1024,156.27209872953597,76.44962188927714,14.2828568570857,True,1,1,1.9609726375250154,1.8241856084713384,2.0744752663198467,32,32,24.96298297330074,0,0,1,7,7,1.071372220312303,0.07137222031230299,1.0052311608993814,0.005231160899381276,1.071372220312303,0.07137222031230299,1.0052311608993814,0.005231160899381276,1.0602506687173114,0.060250668717311384,0.97233970000525,158.9609375,159.00390625,0.04296875,0.3455745579498745,-0.01575513019243256
torus,demo,2.0,1,5,10,3.9219452750500308,0.27459109296501566,512,1024,156.27209872953597,76.44962188927714,14.2828568570857,True,1,1,1.9609726375250154,1.8241856084713384,2.0744752663198467,32,32,24.96298297330074,0,0,1,7,7,1.071372220312303,0.07137222031230299,1.0052311608993814,0.005231160899381276,1.071372220312303,0.07137222031230299,1.0052311608993814,0.005231160899381276,1.0602506687173114,0.060250668717311384,0.97233970000525,158.9609375,159.00390625,0.04296875,0.3455745579498745,-0.01575513019243256
torus,demo,2.0,0,6,10,3.9219452750500308,0.27459109296501566,512,1024,156.27209872953597,76.44962188927714,14.2828568570857,True,1,1,1.9609726375250154,1.8241856084713384,2.0744752663198467,32,32,24.96298297330074,0,0,1,7,7,1.0712647257624475,0.0712647257624475,1.0052499259974295,0.005249925997429477,1.0712647257624475,0.0712647257624475,1.0052499259974295,0.005249925997429477,1.0601046785394377,0.06010467853943767,0.9619300999911502,158.984375,159.03515625,0.05078125,0.3455745579498745,-0.01575513019243256
torus,demo,2.0,1,6,10,3.9219452750500308,0.27459109296501566,512,1024,156.27209872953597,76.44962188927714,14.2828568570857,True,1,1,1.9609726375250154,1.8241856084713384,2.0744752663198467,32,32,24.96298297330074,0,0,1,7,7,1.0712647257624475,0.0712647257624475,1.0052499259974295,0.005249925997429477,1.0712647257624475,0.0712647257624475,1.0052499259974295,0.005249925997429477,1.0601046785394377,0.06010467853943767,0.9619300999911502,158.984375,159.03515625,0.05078125,0.3455745579498745,-0.01575513019243256
torus,demo,2.0,0,7,10,3.9219452750500308,0.27459109296501566,512,1024,156.27209872953597,76.44962188927714,14.2828568570857,True,1,1,1.9609726375250154,1.8241856084713384,2.0744752663198467,32,32,24.96298297330074,0,0,1,7,7,1.0716973987450475,0.0716973987450476,1.0054699705439911,0.00546997054399123,1.0716973987450475,0.0716973987450476,1.0054699705439911,0.00546997054399123,1.0600687125926198,0.06006871259261986,0.850042099977145,159.015625,159.0546875,0.0390625,0.3455745579498745,-0.01575513019243256
torus,demo,2.0,1,7,10,3.9219452750500308,0.27459109296501566,512,1024,156.27209872953597,76.44962188927714,14.2828568570857,True,1,1,1.9609726375250154,1.8241856084713384,2.0744752663198467,32,32,24.96298297330074,0,0,1,7,7,1.0716973987450475,0.0716973987450476,1.0054699705439911,0.00546997054399123,1.0716973987450475,0.0716973987450476,1.0054699705439911,0.00546997054399123,1.0600687125926198,0.06006871259261986,0.850042099977145,159.015625,159.0546875,0.0390625,0.3455745579498745,-0.01575513019243256
torus,demo,2.0,0,8,10,3.9219452750500308,0.27459109296501566,512,1024,156.27209872953597,76.44962188927714,14.2828568570857,True,1,1,1.9609726375250154,1.8241856084713384,2.0744752663198467,32,32,24.96298297330074,0,0,1,7,7,1.0712263698902453,0.07122636989024544,1.0052394814132168,0.005239481413216868,1.0712263698902453,0.07122636989024544,1.0052394814132168,0.005239481413216868,1.0600887922252693,0.06008879222526941,0.9747094000049401,159.03515625,159.08203125,0.046875,0.3455745579498745,-0.01575513019243256
torus,demo,2.0,1,8,10,3.9219452750500308,0.27459109296501566,512,1024,156.27209872953597,76.44962188927714,14.2828568570857,True,1,1,1.9609726375250154,1.8241856084713384,2.0744752663198467,32,32,24.96298297330074,0,0,1,7,7,1.0712263698902453,0.07122636989024544,1.0052394814132168,0.005239481413216868,1.0712263698902453,0.07122636989024544,1.0052394814132168,0.005239481413216868,1.0600887922252693,0.06008879222526941,0.9747094000049401,159.03515625,159.08203125,0.046875,0.3455745579498745,-0.01575513019243256
torus,demo,2.0,0,9,10,3.9219452750500308,0.27459109296501566,512,1024,156.27209872953597,76.44962188927714,14.2828568570857,True,1,1,1.9609726375250154,1.8241856084713384,2.0744752663198467,32,32,24.96298297330074,0,0,1,7,7,1.0712327281798764,0.07123272817987633,1.0056629083799589,0.005662908379958965,1.0712327281798764,0.07123272817987633,1.0056629083799589,0.005662908379958965,1.059202484195856,0.059202484195856026,0.5689159999892581,159.06640625,159.11328125,0.046875,0.3455745579498745,-0.01575513019243256
torus,demo,2.0,1,9,10,3.9219452750500308,0.27459109296501566,512,1024,156.27209872953597,76.44962188927714,14.2828568570857,True,1,1,1.9609726375250154,1.8241856084713384,2.0744752663198467,32,32,24.96298297330074,0,0,1,7,7,1.0712327281798764,0.07123272817987633,1.0056629083799589,0.005662908379958965,1.0712327281798764,0.07123272817987633,1.0056629083799589,0.005662908379958965,1.059202484195856,0.059202484195856026,0.5689159999892581,159.06640625,159.11328125,0.046875,0.3455745579498745,-0.01575513019243256
branching,demo,1.0,0,0,10,1.5175893707916654,0.26570072951297535,1417,2830,22.31765189479163,5.107126917476649,5.71164924376903,True,0,1,1.5175893707916654,0.19709833925187262,1.7408249527617943,137,136,5.852448085447328,4,2,0,7,6,0.84774204418831,-0.15225795581169002,0.9250083340373263,-0.07499166596267368,0.7449494243258766,-0.2550505756741233,0.8523286282648685,-0.1476713717351314,0.9641608643459587,-0.03583913565404125,0.6327170000004116,163.2265625,163.6953125,0.46875,2.3894111757843883,-0.04146243123688956
branching,demo,1.0,1,0,10,1.5175893707916654,0.26570072951297535,1417,2830,22.31765189479163,5.107126917476649,5.71164924376903,True,0,1,1.5175893707916654,0.19709833925187262,1.7408249527617943,137,136,5.852448085447328,4,2,0,11,10,1.1681671415221744,0.16816714152217432,1.0573787254292277,0.05737872542922777,1.065374521659741,0.06537452165974111,0.9846990196567701,-0.015300980343229952,1.057265524942824,0.057265524942824,0.6327170000004116,163.2265625,163.6953125,0.46875,4.688676584395864,-0.1360721512161691
branching,demo,1.0,0,1,10,1.5175893707916654,0.26570072951297535,1417,2830,22.31765189479163,5.107126917476649,5.71164924376903,True,0,1,1.5175893707916654,0.19709833925187262,1.7408249527617943,137,136,5.852448085447328,4,2,0,7,6,0.9095403560737942,-0.09045964392620574,0.9355568927018048,-0.06444310729819529,0.7961082528217208,-0.20389174717827913,0.8567567362084864,-0.14324326379151364,1.015907631702893,0.015907631702892937,0.17544969997834414,163.67578125,163.7734375,0.09765625,2.3894111757843883,-0.04146243123688956
branching,demo,1.0,1,1,10,1.5175893707916654,0.26570072951297535,1417,2830,22.31765189479163,5.107126917476649,5.71164924376903,True,0,1,1.5175893707916654,0.19709833925187262,1.7408249527617943,137,136,5.852448085447328,4,2,0,11,10,1.23274640237375,0.23274640237374997,1.0687490827431119,0.06874908274311185,1.1193142991216765,0.11931429912167657,0.9899489262497935,-0.01005107375020649,1.0939485631104002,0.09394856311040031,0.17544969997834414,163.67578125,163.7734375,0.09765625,4.688676584395864,-0.1360721512161691
branching,demo,1.0,0,2,10,1.5175893707916654,0.26570072951297535,1417,2830,22.31765189479163,5.107126917476649,5.71164924376903,True,0,1,1.5175893707916654,0.19709833925187262,1.7408249527617943,137,136,5.852448085447328,4,2,0,7,6,0.8376324337206152,-0.16236756627938473,0.916951406211553,-0.08304859378844695,0.7377433905366493,-0.26225660946335067,0.845523423297343,-0.15447657670265708,0.9664709282104612,-0.033529071789538796,0.5905957999930251,163.7578125,163.98828125,0.23046875,2.3894111757843883,-0.04146243123688956
branching,demo,1.0,1,2,10,1.5175893707916654,0.26570072951297535,1417,2830,22.31765189479163,5.107126917476649,5.71164924376903,True,0,1,1.5175893707916654,0.19709833925187262,1.7408249527617943,137,136,5.852448085447328,4,2,0,11,10,1.1571066144732491,0.15710661447324914,1.0490798538107726,0.049079853810772615,1.057217571289283,0.05721757128928317,0.9776518708965624,-0.02234812910343766,1.0621016342133907,0.06210163421339067,0.5905957999930251,163.7578125,163.98828125,0.23046875,4.688676584395864,-0.1360721512161691
branching,demo,1.0,0,3,10,1.5175893707916654,0.26570072951297535,1417,2830,22.31765189479163,5.107126917476649,5.71164924376903,True,0,1,1.5175893707916654,0.19709833925187262,1.7408249527617943,137,136,5.852448085447328,4,2,0,7,6,0.9177733838122824,-0.08222661618771762,0.9363679509352216,-0.0636320490647784,0.8037092701294348,-0.19629072987056523,0.8572957365574213,-0.14270426344257867,1.0236984020377036,0.023698402037703546,0.17857530000037514,163.97265625,163.9921875,0.01953125,2.3894111757843883,-0.04146243123688956
branching,demo,1.0,1,3,10,1.5175893707916654,0.26570072951297535,1417,2830,22.31765189479163,5.107126917476649,5.71164924376903,True,0,1,1.5175893707916654,0.19709833925187262,1.7408249527617943,137,136,5.852448085447328,4,2,0,11,10,1.2409319807063437,0.24093198070634378,1.069548063580829,0.0695480635808291,1.1268678670234962,0.1268678670234962,0.9904758492030289,-0.00952415079697115,1.0996706803437437,0.09967068034374381,0.17857530000037514,163.97265625,163.9921875,0.01953125,4.688676584395864,-0.1360721512161691
branching,demo,1.0,0,4,10,1.5175893707916654,0.26570072951297535,1417,2830,22.31765189479163,5.107126917476649,5.71164924376903,True,0,1,1.5175893707916654,0.19709833925187262,1.7408249527617943,137,136,5.852448085447328,4,2,0,7,6,0.9181374506742164,-0.08186254932578362,0.9376377005830089,-0.06236229941699116,0.8077962949272459,-0.19220370507275403,0.8603638451783592,-0.13963615482164082,1.0218776170513435,0.02187761705134342,0.1971989999874495,163.96875,164.0859375,0.1171875,2.3894111757843883,-0.04146243123688956
branching,demo,1.0,1,4,10,1.5175893707916654,0.26570072951297535,1417,2830,22.31765189479163,5.107126917476649,5.71164924376903,True,0,1,1.5175893707916654,0.19709833925187262,1.7408249527617943,137,136,5.852448085447328,4,2,0,11,10,1.241278639731209,0.24127863973120894,1.0708108888412087,0.07081088884120877,1.1309374839842385,0.13093748398423852,0.9935370334365591,-0.006462966563440882,1.0975768505747336,0.09757685057473361,0.1971989999874495,163.96875,164.0859375,0.1171875,4.688676584395864,-0.1360721512161691
branching,demo,1.0,0,5,10,1.5175893707916654,0.26570072951297535,1417,2830,22.31765189479163,5.107126917476649,5.71164924376903,True,0,1,1.5175893707916654,0.19709833925187262,1.7408249527617943,137,136,5.852448085447328,4,2,0,7,6,0.9233388773061307,-0.07666112269386928,0.93819271247248,-0.06180728752752001,0.812861325927811,-0.18713867407218895,0.8608927184091187,-0.1391072815908812,1.0266870287212848,0.02668702872128482,0.19407860000501387,164.06640625,164.48828125,0.421875,2.3894111757843883,-0.04146243123688956
branching,demo,1.0,1,5,10,1.5175893707916654,0.26570072951297535,1417,2830,22.31765189479163,5.107126917476649,5.71164924376903,True,0,1,1.5175893707916654,0.19709833925187262,1.7408249527617943,137,136,5.852448085447328,4,2,0,11,10,1.2465239059864863,0.24652390598648635,1.071365996208245,0.07136599620824481,1.1360463546081667,0.1360463546081667,0.9940660021448836,-0.005933997855116395,1.1011591020514522,0.10115910205145215,0.19407860000501387,164.06640625,164.48828125,0.421875,4.688676584395864,-0.1360721512161691
branching,demo,1.0,0,6,10,1.5175893707916654,0.26570072951297535,1417,2830,22.31765189479163,5.107126917476649,5.71164924376903,True,0,1,1.5175893707916654,0.19709833925187262,1.7408249527617943,137,136,5.852448085447328,4,2,0,7,6,0.9129061613364641,-0.08709383866353594,0.9350506527003537,-0.06494934729964633,0.8028647688048974,-0.1971352311951025,0.8579871220140726,-0.14201287798592746,1.0206756210851702,0.020675621085170206,0.19731010001851246,164.46875,164.89453125,0.42578125,2.3894111757843883,-0.04146243123688956
branching,demo,1.0,1,6,10,1.5175893707916654,0.26570072951297535,1417,2830,22.31765189479163,5.107126917476649,5.71164924376903,True,0,1,1.5175893707916654,0.19709833925187262,1.7408249527617943,137,136,5.852448085447328,4,2,0,11,10,1.2360626028160329,0.23606260281603278,1.0682087725525555,0.06820877255255543,1.1260212102844662,0.12602121028446622,0.9911452418662743,-0.008854758133725712,1.097793816318627,0.09779381631862684,0.19731010001851246,164.46875,164.89453125,0.42578125,4.688676584395864,-0.1360721512161691
branching,demo,1.0,0,7,10,1.5175893707916654,0.26570072951297535,1417,2830,22.31765189479163,5.107126917476649,5.71164924376903,True,0,1,1.5175893707916654,0.19709833925187262,1.7408249527617943,137,136,5.852448085447328,4,2,0,7,6,0.9011161380184151,-0.09888386198158491,0.9322104120707009,-0.06778958792929916,0.7873905501834796,-0.2126094498165204,0.8533042386423428,-0.14669576135765722,1.0123414454212274,0.012341445421227453,0.17043739999644458,164.87890625,164.9453125,0.06640625,2.3894111757843883,-0.04146243123688956
branching,demo,1.0,1,7,10,1.5175893707916654,0.26570072951297535,1417,2830,22.31765189479163,5.107126917476649,5.71164924376903,True,0,1,1.5175893707916654,0.19709833925187262,1.7408249527617943,137,136,5.852448085447328,4,2,0,11,10,1.224075100242205,0.22407510024220495,1.065334855852581,0.06533485585258102,1.1103495124072695,0.11034951240726945,0.986428682424223,-0.013571317575777035,1.0926441430986973,0.09264414309869735,0.17043739999644458,164.87890625,164.9453125,0.06640625,4.688676584395864,-0.1360721512161691
branching,demo,1.0,0,8,10,1.5175893707916654,0.26570072951297535,1417,2830,22.31765189479163,5.107126917476649,5.71164924376903,True,0,1,1.5175893707916654,0.19709833925187262,1.7408249527617943,137,136,5.852448085447328,4,2,0,7,6,0.8506577429189736,-0.14934225708102647,0.9225334791869427,-0.07746652081305733,0.7502513182886027,-0.2497486817113973,0.8508738541945443,-0.14912614580545575,0.9717895911027014,-0.028210408897298606,0.6187562999839429,164.92578125,165.33984375,0.4140625,2.3894111757843883,-0.04146243123688956
branching,demo,1.0,1,8,10,1.5175893707916654,0.26570072951297535,1417,2830,22.31765189479163,5.107126917476649,5.71164924376903,True,0,1,1.5175893707916654,0.19709833925187262,1.7408249527617943,137,136,5.852448085447328,4,2,0,11,10,1.1737434139495122,0.17374341394951223,1.055570568422194,0.05557056842219401,1.0733369893191413,0.07333698931914141,0.9839109434297958,-0.01608905657020425,1.0654967382026908,0.06549673820269084,0.6187562999839429,164.92578125,165.33984375,0.4140625,4.688676584395864,-0.1360721512161691
branching,demo,1.0,0,9,10,1.5175893707916654,0.26570072951297535,1417,2830,22.31765189479163,5.107126917476649,5.71164924376903,True,0,1,1.5175893707916654,0.19709833925187262,1.7408249527617943,137,136,5.852448085447328,4,2,0,7,6,0.8461764982735486,-0.15382350172645148,0.9208724438754116,-0.0791275561245885,0.7462293104520068,-0.2537706895479932,0.8494521103905208,-0.1505478896094792,0.9694691442981264,-0.03053085570187369,0.6375448999751825,165.32421875,165.4375,0.11328125,2.3894111757843883,-0.04146243123688956
branching,demo,1.0,1,9,10,1.5175893707916654,0.26570072951297535,1417,2830,22.31765189479163,5.107126917476649,5.71164924376903,True,0,1,1.5175893707916654,0.19709833925187262,1.7408249527617943,137,136,5.852448085447328,4,2,0,11,10,1.1670365919289551,0.16703659192895504,1.0533465221825908,0.05334652218259088,1.0670894041074133,0.0670894041074133,0.9819261886977001,-0.01807381130229985,1.0634863800363674,0.06348638003636735,0.6375448999751825,165.32421875,165.4375,0.11328125,4.688676584395864,-0.1360721512161691
branching,demo,2.0,0,0,10,3.035178741583331,0.5314014590259507,1417,2830,22.31765189479163,5.107126917476649,5.71164924376903,True,0,1,1.5175893707916654,0.19709833925187262,1.7408249527617943,137,136,5.852448085447328,4,2,0,6,5,0.8283352606575912,-0.17166473934240875,0.9196514769774412,-0.0803485230225588,0.7247810251882169,-0.2752189748117831,0.8466071001111048,-0.1533928998888951,0.951147852124726,-0.048852147875274074,0.4004553999984637,165.41796875,165.4453125,0.02734375,2.3894111757843883,-0.04146243123688956
branching,demo,2.0,1,0,10,3.035178741583331,0.5314014590259507,1417,2830,22.31765189479163,5.107126917476649,5.71164924376903,True,0,1,1.5175893707916654,0.19709833925187262,1.7408249527617943,137,136,5.852448085447328,4,2,0,10,9,1.1513704246832368,0.15137042468323691,1.0526813826525043,0.05268138265250443,1.0478161892138624,0.04781618921386254,0.9796370057861683,-0.02036299421383171,1.0503329610015748,0.05033296100157487,0.4004553999984637,165.41796875,165.4453125,0.02734375,4.688676584395864,-0.1360721512161691
branching,demo,2.0,0,1,10,3.035178741583331,0.5314014590259507,1417,2830,22.31765189479163,5.107126917476649,5.71164924376903,True,0,1,1.5175893707916654,0.19709833925187262,1.7408249527617943,137,136,5.852448085447328,4,2,0,6,5,0.8330365004430383,-0.16696349955696163,0.9130136724753323,-0.08698632752466771,0.7325638309880299,-0.2674361690119701,0.8413489847870537,-0.15865101521294633,0.9679887861372306,-0.03201121386276943,0.29138849998707883,165.4296875,165.5390625,0.109375,2.3894111757843883,-0.04146243123688956
branching,demo,2.0,1,1,10,3.035178741583331,0.5314014590259507,1417,2830,22.31765189479163,5.107126917476649,5.71164924376903,True,0,1,1.5175893707916654,0.19709833925187262,1.7408249527617943,137,136,5.852448085447328,4,2,0,10,9,1.156136015692965,0.15613601569296504,1.0460860405799917,0.046086040579991584,1.0556633462379565,0.05566334623795658,0.9744213528917129,-0.02557864710828705,1.0665968453088814,0.0665968453088815,0.29138849998707883,165.4296875,165.5390625,0.109375,4.688676584395864,-0.1360721512161691
branching,demo,2.0,0,2,10,3.035178741583331,0.5314014590259507,1417,2830,22.31765189479163,5.107126917476649,5.71164924376903,True,0,1,1.5175893707916654,0.19709833925187262,1.7408249527617943,137,136,5.852448085447328,4,2,0,6,5,0.9230908383003135,-0.07690916169968656,0.9370613857913264,-0.06293861420867367,0.8109981940154385,-0.18900180598456148,0.8589957428859081,-0.14100425711409195,1.0284493295543033,0.028449329554303415,0.13428090000525117,165.5234375,165.54296875,0.01953125,2.3894111757843883,-0.04146243123688956
branching,demo,2.0,1,2,10,3.035178741583331,0.5314014590259507,1417,2830,22.31765189479163,5.107126917476649,5.71164924376903,True,0,1,1.5175893707916654,0.19709833925187262,1.7408249527617943,137,136,5.852448085447328,4,2,0,10,9,1.2462718043735748,0.24627180437357468,1.0702461970003057,0.07024619700030574,1.1341791600886997,0.1341791600886996,0.9921805540948875,-0.00781944590511256,1.1030229638908084,0.10302296389080855,0.13428090000525117,165.5234375,165.54296875,0.01953125,4.688676584395864,-0.1360721512161691
branching,demo,2.0,0,3,10,3.035178741583331,0.5314014590259507,1417,2830,22.31765189479163,5.107126917476649,5.71164924376903,True,0,1,1.5175893707916654,0.19709833925187262,1.7408249527617943,137,136,5.852448085447328,4,2,0,6,5,0.8259835052635637,-0.17401649473643632,0.9168450378478488,-0.0831549621521512,0.7244649635735381,-0.27553503642646193,0.8446645448602409,-0.15533545513975913,0.9531755500510724,-0.04682444994892768,0.39610330000869,165.5234375,165.5859375,0.0625,2.3894111757843883,-0.04146243123688956
branching,demo,2.0,1,3,10,3.035178741583331,0.5314014590259507,1417,2830,22.31765189479163,5.107126917476649,5.71164924376903,True,0,1,1.5175893707916654,0.19709833925187262,1.7408249527617943,137,136,5.852448085447328,4,2,0,10,9,1.149027061156773,0.14902706115677292,1.0498799442099032,0.049879944209903146,1.0475085194667475,0.0475085194667475,0.9776994512222952,-0.022300548777704803,1.053226929723289,0.05322692972328904,0.39610330000869,165.5234375,165.5859375,0.0625,4.688676584395864,-0.1360721512161691
branching,demo,2.0,0,4,10,3.035178741583331,0.5314014590259507,1417,2830,22.31765189479163,5.107126917476649,5.71164924376903,True,0,1,1.5175893707916654,0.19709833925187262,1.7408249527617943,137,136,5.852448085447328,4,2,0,6,5,0.8981383449899922,-0.10186165501000775,0.9300321449041357,-0.06996785509586437,0.7901985503370691,-0.20980144966293093,0.854166301762716,-0.14583369823728393,1.0130406924465982,0.01304069244659814,0.14889539999421686,165.5703125,165.6015625,0.03125,2.3894111757843883,-0.04146243123688956
branching,demo,2.0,1,4,10,3.035178741583331,0.5314014590259507,1417,2830,22.31765189479163,5.107126917476649,5.71164924376903,True,0,1,1.5175893707916654,0.19709833925187262,1.7408249527617943,137,136,5.852448085447328,4,2,0,10,9,1.2212327745037495,0.22123277450374937,1.0631643705778242,0.06316437057782409,1.1132929798508262,0.11329297985082618,0.9872985274364046,-0.012701472563595481,1.093979122386018,0.09397912238601809,0.14889539999421686,165.5703125,165.6015625,0.03125,4.688676584395864,-0.1360721512161691
branching,demo,2.0,0,5,10,3.035178741583331,0.5314014590259507,1417,2830,22.31765189479163,5.107126917476649,5.71164924376903,True,0,1,1.5175893707916654,0.19709833925187262,1.7408249527617943,137,136,5.852448085447328,4,2,0,6,5,0.8265763838119172,-0.1734236161880828,0.9146060125045725,-0.08539398749542754,0.7264558818067935,-0.27354411819320645,0.843024403178339,-0.15697559682166096,0.9576913372887834,-0.0423086627112166,0.37330770000698976,165.58203125,165.62109375,0.0390625,2.3894111757843883,-0.04146243123688956
branching,demo,2.0,1,5,10,3.035178741583331,0.5314014590259507,1417,2830,22.31765189479163,5.107126917476649,5.71164924376903,True,0,1,1.5175893707916654,0.19709833925187262,1.7408249527617943,137,136,5.852448085447328,4,2,0,10,9,1.1496329893762083,0.14963298937620823,1.0476404725451707,0.04764047254517063,1.0495124873710846,0.04951248737108466,0.9760588632189373,-0.02394113678106264,1.0578139512801996,0.057813951280199595,0.37330770000698976,165.58203125,165.62109375,0.0390625,4.688676584395864,-0.1360721512161691
branching,demo,2.0,0,6,10,3.035178741583331,0.5314014590259507,1417,2830,22.31765189479163,5.107126917476649,5.71164924376903,True,0,1,1.5175893707916654,0.19709833925187262,1.7408249527617943,137,136,5.852448085447328,4,2,0,6,5,0.822007480201973,-0.17799251979802697,0.9131738629148932,-0.0868261370851068,0.722342201326183,-0.277657798673817,0.8418685183274567,-0.1581314816725433,0.9547922391250638,-0.04520776087493611,0.3772375999833457,165.6015625,165.74609375,0.14453125,2.3894111757843883,-0.04146243123688956
branching,demo,2.0,1,6,10,3.035178741583331,0.5314014590259507,1417,2830,22.31765189479163,5.107126917476649,5.71164924376903,True,0,1,1.5175893707916654,0.19709833925187262,1.7408249527617943,137,136,5.852448085447328,4,2,0,10,9,1.145091270293629,0.1450912702936289,1.046217880774065,0.04621788077406497,1.0454259914178388,0.04542599141783877,0.9749125361866284,-0.025087463813371517,1.0562271690430822,0.05622716904308228,0.3772375999833457,165.6015625,165.74609375,0.14453125,4.688676584395864,-0.1360721512161691
branching,demo,2.0,0,7,10,3.035178741583331,0.5314014590259507,1417,2830,22.31765189479163,5.107126917476649,5.71164924376903,True,0,1,1.5175893707916654,0.19709833925187262,1.7408249527617943,137,136,5.852448085447328,4,2,0,6,5,0.8235987369455322,-0.17640126305446785,0.9128893750154812,-0.0871106249845188,0.7237237897169273,-0.2762762102830727,0.8415344266345868,-0.15846557336541323,0.9571499658219997,-0.04285003417800024,0.32047530001727864,165.7265625,166.00390625,0.27734375,2.3894111757843883,-0.04146243123688956
branching,demo,2.0,1,7,10,3.035178741583331,0.5314014590259507,1417,2830,22.31765189479163,5.107126917476649,5.71164924376903,True,0,1,1.5175893707916654,0.19709833925187262,1.7408249527617943,137,136,5.852448085447328,4,2,0,10,9,1.1466452007640449,0.14664520076404486,1.0459330309947985,0.04593303099479845,1.04677025353544,0.04677025353543998,0.974578082613904,-0.025421917386095973,1.0581644561359385,0.05816445613593844,0.32047530001727864,165.7265625,166.00390625,0.27734375,4.688676584395864,-0.1360721512161691
branching,demo,2.0,0,8,10,3.035178741583331,0.5314014590259507,1417,2830,22.31765189479163,5.107126917476649,5.71164924376903,True,0,1,1.5175893707916654,0.19709833925187262,1.7408249527617943,137,136,5.852448085447328,4,2,0,6,5,0.8202219636038192,-0.1797780363961808,0.9135033999237571,-0.0864966000762429,0.7201573146030639,-0.2798426853969361,0.8420542961475612,-0.1579457038524388,0.9521390787240912,-0.04786092127590883,0.37775780001538806,165.984375,166.12890625,0.14453125,2.3894111757843883,-0.04146243123688956
branching,demo,2.0,1,8,10,3.035178741583331,0.5314014590259507,1417,2830,22.31765189479163,5.107126917476649,5.71164924376903,True,0,1,1.5175893707916654,0.19709833925187262,1.7408249527617943,137,136,5.852448085447328,4,2,0,10,9,1.143269535514959,0.14326953551495886,1.0465372661392767,0.04653726613927671,1.0432048865142036,0.04320488651420357,0.9750881623630808,-0.0249118376369192,1.0539807437695652,0.05398074376956521,0.37775780001538806,165.984375,166.12890625,0.14453125,4.688676584395864,-0.1360721512161691
branching,demo,2.0,0,9,10,3.035178741583331,0.5314014590259507,1417,2830,22.31765189479163,5.107126917476649,5.71164924376903,True,0,1,1.5175893707916654,0.19709833925187262,1.7408249527617943,137,136,5.852448085447328,4,2,0,6,5,0.8288716071400586,-0.1711283928599414,0.9219351619988456,-0.07806483800115435,0.7238971640783468,-0.27610283592165324,0.8483230239428037,-0.1516769760571963,0.9479163032726279,-0.0520836967273721,0.3780399999814108,166.109375,166.12890625,0.01953125,2.3894111757843883,-0.04146243123688956
branching,demo,2.0,1,9,10,3.035178741583331,0.5314014590259507,1417,2830,22.31765189479163,5.107126917476649,5.71164924376903,True,0,1,1.5175893707916654,0.19709833925187262,1.7408249527617943,137,136,5.852448085447328,4,2,0,10,9,1.1519324097998245,0.15193240979982436,1.054977508484455,0.05497750848445508,1.0469579667381126,0.046957966738112526,0.9813653704284131,-0.018634629571586854,1.0467442532703066,0.04674425327030664,0.3780399999814108,166.109375,166.12890625,0.01953125,4.688676584395864,-0.1360721512161691
TS1,spine,1.0,0,0,10,77.94336479617206,0.028756609750529995,2378,4788,3124839.692276849,70083740.23409876,2710.4504137430713,True,9,1,77.94336479617206,38.889990323702904,164.70858134688547,376,383,8828.702750704158,17,25,8,120,126,2.2904525061345224,1.2904525061345224,1.4756525121763175,0.4756525121763176,1.4325218666365511,0.4325218666365511,1.2070736926228498,0.2070736926228499,1.1897658390981074,0.18976583909810743,22.2384325999883,171.1796875,181.89453125,10.71484375,1.4007133206127578,-0.052787634772381846
TS1,spine,1.0,1,0,10,77.94336479617206,0.028756609750529995,2378,4788,3124839.692276849,70083740.23409876,2710.4504137430713,True,9,1,77.94336479617206,38.889990323702904,164.70858134688547,376,383,8828.702750704158,17,25,8,129,135,2.3337050009004563,1.3337050009004563,1.495324708700343,0.49532470870034295,1.475774361402485,0.47577436140248497,1.2267458891468745,0.22674588914687463,1.1787508290679516,0.17875082906795156,22.2384325999883,171.1796875,181.89453125,10.71484375,1.540704755355812,-0.05806338721917226
TS1,spine,1.0,0,1,10,77.94336479617206,0.028756609750529995,2378,4788,3124839.692276849,70083740.23409876,2710.4504137430713,True,9,1,77.94336479617206,38.889990323702904,164.70858134688547,376,383,8828.702750704158,17,25,8,120,126,2.2850262260345,1.2850262260344998,1.447856568998209,0.4478565689982089,1.507358818332944,0.5073588183329439,1.1930592038988133,0.19305920389881323,1.2117241234897085,0.21172412348970843,22.191829700022936,176.859375,178.30078125,1.44140625,1.4007133206127578,-0.052787634772381846
TS1,spine,1.0,1,1,10,77.94336479617206,0.028756609750529995,2378,4788,3124839.692276849,70083740.23409876,2710.4504137430713,True,9,1,77.94336479617206,38.889990323702904,164.70858134688547,376,383,8828.702750704158,17,25,8,129,135,2.326917252062568,1.3269172520625678,1.4671999503740754,0.46719995037407536,1.549249844361012,0.5492498443610122,1.2124025852746796,0.21240258527467967,1.1996783879216197,0.19967838792161982,22.191829700022936,176.859375,178.30078125,1.44140625,1.540704755355812,-0.05806338721917226
TS1,spine,1.0,0,2,10,77.94336479617206,0.028756609750529995,2378,4788,3124839.692276849,70083740.23409876,2710.4504137430713,True,9,1,77.94336479617206,38.889990323702904,164.70858134688547,376,383,8828.702750704158,17,25,8,120,126,2.272202838538547,1.2722028385385473,1.4674235955157042,0.4674235955157042,1.3269318667311412,0.32693186673114116,1.182001492983046,0.1820014929830461,1.1880451372346996,0.18804513723469962,22.04433879998396,177.55859375,179.25,1.69140625,1.4007133206127578,-0.052787634772381846
TS1,spine,1.0,1,2,10,77.94336479617206,0.028756609750529995,2378,4788,3124839.692276849,70083740.23409876,2710.4504137430713,True,9,1,77.94336479617206,38.889990323702904,164.70858134688547,376,383,8828.702750704158,17,25,8,129,135,2.313334194501539,1.313334194501539,1.4866938562287326,0.4866938562287326,1.3680632226941332,0.36806322269413305,1.2012717536960746,0.20127175369607467,1.1766287382563734,0.1766287382563734,22.04433879998396,177.55859375,179.25,1.69140625,1.540704755355812,-0.05806338721917226
TS1,spine,1.0,0,3,10,77.94336479617206,0.028756609750529995,2378,4788,3124839.692276849,70083740.23409876,2710.4504137430713,True,9,1,77.94336479617206,38.889990323702904,164.70858134688547,376,383,8828.702750704158,17,25,8,120,126,2.239635065203204,1.2396350652032042,1.4428928720256464,0.44289287202564637,1.4135900562267574,0.4135900562267574,1.1806135244505698,0.1806135244505698,1.1994736995361661,0.19947369953616603,21.86697619999177,178.2109375,179.25,1.0390625,1.4007133206127578,-0.052787634772381846
TS1,spine,1.0,1,3,10,77.94336479617206,0.028756609750529995,2378,4788,3124839.692276849,70083740.23409876,2710.4504137430713,True,9,1,77.94336479617206,38.889990323702904,164.70858134688547,376,383,8828.702750704158,17,25,8,129,135,2.281709803755252,1.2817098037552517,1.4623498926685705,0.46234989266857046,1.4556647947788048,0.45566479477880495,1.2000705450934928,0.20007054509349284,1.187980560432097,0.18798056043209707,21.86697619999177,178.2109375,179.25,1.0390625,1.540704755355812,-0.05806338721917226
TS1,spine,1.0,0,4,10,77.94336479617206,0.028756609750529995,2378,4788,3124839.692276849,70083740.23409876,2710.4504137430713,True,9,1,77.94336479617206,38.889990323702904,164.70858134688547,376,383,8828.702750704158,17,25,8,120,126,2.2976593697334486,1.2976593697334486,1.4783792178126411,0.4783792178126411,1.3573259889390612,0.3573259889390612,1.1945160570339468,0.19451605703394684,1.1904347812587897,0.19043478125878974,22.08724369999254,178.1015625,180.53515625,2.43359375,1.4007133206127578,-0.052787634772381846
TS1,spine,1.0,1,4,10,77.94336479617206,0.028756609750529995,2378,4788,3124839.692276849,70083740.23409876,2710.4504137430713,True,9,1,77.94336479617206,38.889990323702904,164.70858134688547,376,383,8828.702750704158,17,25,8,129,135,2.3393612169115046,1.3393612169115048,1.4977277562426496,0.49772775624264964,1.3990278361171171,0.39902783611711706,1.2138645954639549,0.21386459546395478,1.1791395738553876,0.1791395738553875,22.08724369999254,178.1015625,180.53515625,2.43359375,1.540704755355812,-0.05806338721917226
TS1,spine,1.0,0,5,10,77.94336479617206,0.028756609750529995,2378,4788,3124839.692276849,70083740.23409876,2710.4504137430713,True,9,1,77.94336479617206,38.889990323702904,164.70858134688547,376,383,8828.702750704158,17,25,8,120,126,2.2535869784398863,1.2535869784398863,1.443846855125611,0.443846855125611,1.4157129412854843,0.4157129412854842,1.1791872824531273,0.17918728245312743,1.204789431656605,0.2047894316566049,22.145173400000203,179.21875,185.578125,6.359375,1.4007133206127578,-0.052787634772381846
TS1,spine,1.0,1,5,10,77.94336479617206,0.028756609750529995,2378,4788,3124839.692276849,70083740.23409876,2710.4504137430713,True,9,1,77.94336479617206,38.889990323702904,164.70858134688547,376,383,8828.702750704158,17,25,8,129,135,2.2968854416762867,1.2968854416762867,1.463578107626116,0.4635781076261162,1.4590114045218843,0.45901140452188416,1.1989185349536324,0.19891853495363243,1.1932642302179675,0.19326423021796751,22.145173400000203,179.21875,185.578125,6.359375,1.540704755355812,-0.05806338721917226
TS1,spine,1.0,0,6,10,77.94336479617206,0.028756609750529995,2378,4788,3124839.692276849,70083740.23409876,2710.4504137430713,True,9,1,77.94336479617206,38.889990323702904,164.70858134688547,376,383,8828.702750704158,17,25,8,120,126,2.1608014303663095,1.1608014303663092,1.4172635038308485,0.41726350383084854,1.2571845723897568,0.2571845723897568,1.1454238041842175,0.1454238041842175,1.2016776184653464,0.20167761846534643,16.762226899998495,179.41015625,183.0390625,3.62890625,1.4007133206127578,-0.052787634772381846
TS1,spine,1.0,1,6,10,77.94336479617206,0.028756609750529995,2378,4788,3124839.692276849,70083740.23409876,2710.4504137430713,True,9,1,77.94336479617206,38.889990323702904,164.70858134688547,376,383,8828.702750704158,17,25,8,129,135,2.203814210603786,1.203814210603786,1.4368978643176191,0.4368978643176192,1.3001973526272335,0.3001973526272334,1.1650581646709874,0.16505816467098752,1.1911607464669285,0.1911607464669284,16.762226899998495,179.41015625,183.0390625,3.62890625,1.540704755355812,-0.05806338721917226
TS1,spine,1.0,0,7,10,77.94336479617206,0.028756609750529995,2378,4788,3124839.692276849,70083740.23409876,2710.4504137430713,True,9,1,77.94336479617206,38.889990323702904,164.70858134688547,376,383,8828.702750704158,17,25,8,120,126,2.2866255840650047,1.286625584065005,1.4740021059933295,0.4740021059933294,1.3727060231772745,0.3727060231772746,1.1943081882620903,0.19430818826209023,1.18903179208315,0.18903179208314996,22.026337400020566,183.01953125,183.73046875,0.7109375,1.4007133206127578,-0.052787634772381846
TS1,spine,1.0,1,7,10,77.94336479617206,0.028756609750529995,2378,4788,3124839.692276849,70083740.23409876,2710.4504137430713,True,9,1,77.94336479617206,38.889990323702904,164.70858134688547,376,383,8828.702750704158,17,25,8,129,135,2.3288552085104337,1.3288552085104337,1.4934658846966147,0.4934658846966146,1.4149356476227035,0.41493564762270346,1.2137719669653753,0.2137719669653753,1.1778325528895233,0.1778325528895233,22.026337400020566,183.01953125,183.73046875,0.7109375,1.540704755355812,-0.05806338721917226
TS1,spine,1.0,0,8,10,77.94336479617206,0.028756609750529995,2378,4788,3124839.692276849,70083740.23409876,2710.4504137430713,True,9,1,77.94336479617206,38.889990323702904,164.70858134688547,376,383,8828.702750704158,17,25,8,120,126,2.3092768587895747,1.3092768587895744,1.472548940381391,0.47254894038139084,1.3935574386682243,0.39355743866822435,1.1916351046120852,0.1916351046120853,1.1979809693645498,0.19798096936454976,21.992784700007178,181.75,183.87890625,2.12890625,1.4007133206127578,-0.052787634772381846
TS1,spine,1.0,1,8,10,77.94336479617206,0.028756609750529995,2378,4788,3124839.692276849,70083740.23409876,2710.4504137430713,True,9,1,77.94336479617206,38.889990323702904,164.70858134688547,376,383,8828.702750704158,17,25,8,129,135,2.3519892320593345,1.3519892320593345,1.4920711307101289,0.492071130710129,1.4362698119379844,0.43626981193798436,1.211157294940824,0.21115729494082403,1.1864776247282913,0.18647762472829135,21.992784700007178,181.75,183.87890625,2.12890625,1.540704755355812,-0.05806338721917226
TS1,spine,1.0,0,9,10,77.94336479617206,0.028756609750529995,2378,4788,3124839.692276849,70083740.23409876,2710.4504137430713,True,9,1,77.94336479617206,38.889990323702904,164.70858134688547,376,383,8828.702750704158,17,25,8,120,126,2.3070985213774984,1.3070985213774982,1.4871341944449326,0.4871341944449325,1.3529106976393714,0.35291069763937144,1.2014071728410693,0.2014071728410693,1.185928990543499,0.18592899054349907,21.75011110000196,181.66796875,184.609375,2.94140625,1.4007133206127578,-0.052787634772381846
TS1,spine,1.0,1,9,10,77.94336479617206,0.028756609750529995,2378,4788,3124839.692276849,70083740.23409876,2710.4504137430713,True,9,1,77.94336479617206,38.889990323702904,164.70858134688547,376,383,8828.702750704158,17,25,8,129,135,2.349412945760948,1.3494129457609478,1.506535520710119,0.5065355207101191,1.395225122022821,0.3952251220228209,1.2208084991062564,0.22080849910625647,1.1749683247482856,0.1749683247482857,21.75011110000196,181.66796875,184.609375,2.94140625,1.540704755355812,-0.05806338721917226
TS1,spine,2.0,0,0,10,155.88672959234412,0.05751321950105999,2378,4788,3124839.692276849,70083740.23409876,2710.4504137430713,True,9,1,77.94336479617206,38.889990323702904,164.70858134688547,376,383,8828.702750704158,17,25,8,69,75,2.491985914547514,1.4919859145475138,1.410498533935507,0.410498533935507,1.345978277464264,0.3459782774642639,1.088002277313845,0.08800227731384487,1.3323697456081443,0.33236974560814425,12.303664200007915,183.359375,187.16015625,3.80078125,1.4007133206127578,-0.052787634772381846
TS1,spine,2.0,1,0,10,155.88672959234412,0.05751321950105999,2378,4788,3124839.692276849,70083740.23409876,2710.4504137430713,True,9,1,77.94336479617206,38.889990323702904,164.70858134688547,376,383,8828.702750704158,17,25,8,78,84,2.5376533396930547,1.5376533396930545,1.4317148349170536,0.43171483491705365,1.3916457026098048,0.3916457026098048,1.1092185782953914,0.10921857829539137,1.3132939068701823,0.31329390687018244,12.303664200007915,183.359375,187.16015625,3.80078125,1.540704755355812,-0.05806338721917226
TS1,spine,2.0,0,1,10,155.88672959234412,0.05751321950105999,2378,4788,3124839.692276849,70083740.23409876,2710.4504137430713,True,9,1,77.94336479617206,38.889990323702904,164.70858134688547,376,383,8828.702750704158,17,25,8,69,75,2.4540571078881235,1.4540571078881237,1.3996595349378622,0.39965953493786227,1.2868548760320169,0.286854876032017,1.0748957868486666,0.07489578684866671,1.3335938251611237,0.3335938251611238,12.294688499998301,182.80859375,187.4765625,4.66796875,1.4007133206127578,-0.052787634772381846
TS1,spine,2.0,1,1,10,155.88672959234412,0.05751321950105999,2378,4788,3124839.692276849,70083740.23409876,2710.4504137430713,True,9,1,77.94336479617206,38.889990323702904,164.70858134688547,376,383,8828.702750704158,17,25,8,78,84,2.49942136130307,1.49942136130307,1.4208061937857464,0.4208061937857464,1.3322191294469634,0.33221912944696336,1.0960424456965496,0.09604244569654953,1.3147663012694504,0.31476630126945027,12.294688499998301,182.80859375,187.4765625,4.66796875,1.540704755355812,-0.05806338721917226
TS1,spine,2.0,0,2,10,155.88672959234412,0.05751321950105999,2378,4788,3124839.692276849,70083740.23409876,2710.4504137430713,True,9,1,77.94336479617206,38.889990323702904,164.70858134688547,376,383,8828.702750704158,17,25,8,69,75,2.4302070739643766,1.4302070739643766,1.3938940657293184,0.39389406572931845,1.2532737881630223,0.25327378816302226,1.0662515332007214,0.0662515332007213,1.3300489316461948,0.33004893164619464,12.030812999990303,183.81640625,187.6953125,3.87890625,1.4007133206127578,-0.052787634772381846
TS1,spine,2.0,1,2,10,155.88672959234412,0.05751321950105999,2378,4788,3124839.692276849,70083740.23409876,2710.4504137430713,True,9,1,77.94336479617206,38.889990323702904,164.70858134688547,376,383,8828.702750704158,17,25,8,78,84,2.475981068763157,1.475981068763157,1.4151475273569878,0.4151475273569878,1.2990477829618026,0.29904778296180257,1.0875049948283904,0.08750499482839044,1.311391107657787,0.31139110765778716,12.030812999990303,183.81640625,187.6953125,3.87890625,1.540704755355812,-0.05806338721917226
TS1,spine,2.0,0,3,10,155.88672959234412,0.05751321950105999,2378,4788,3124839.692276849,70083740.23409876,2710.4504137430713,True,9,1,77.94336479617206,38.889990323702904,164.70858134688547,376,383,8828.702750704158,17,25,8,69,75,2.461027692160895,1.461027692160895,1.4023246223206003,0.4023246223206004,1.2610465457505007,0.2610465457505006,1.0698993750390813,0.06989937503908124,1.3353674652628333,0.33536746526283345,12.325343499978771,183.48828125,187.07421875,3.5859375,1.4007133206127578,-0.052787634772381846
TS1,spine,2.0,1,3,10,155.88672959234412,0.05751321950105999,2378,4788,3124839.692276849,70083740.23409876,2710.4504137430713,True,9,1,77.94336479617206,38.889990323702904,164.70858134688547,376,383,8828.702750704158,17,25,8,78,84,2.505955309608075,1.5059553096080749,1.4234149610180131,0.4234149610180132,1.3059741631976804,0.3059741631976805,1.0909897137364937,0.0909897137364937,1.3164534823970169,0.3164534823970169,12.325343499978771,183.48828125,187.07421875,3.5859375,1.540704755355812,-0.05806338721917226
TS1,spine,2.0,0,4,10,155.88672959234412,0.05751321950105999,2378,4788,3124839.692276849,70083740.23409876,2710.4504137430713,True,9,1,77.94336479617206,38.889990323702904,164.70858134688547,376,383,8828.702750704158,17,25,8,69,75,2.4367376468765483,1.436737646876548,1.4015270157563207,0.40152701575632066,1.2941659230382818,0.29416592303828193,1.0815360292019562,0.08153602920195625,1.3250995608390066,0.32509956083900654,12.080359399988083,187.0546875,187.421875,0.3671875,1.4007133206127578,-0.052787634772381846
TS1,spine,2.0,1,4,10,155.88672959234412,0.05751321950105999,2378,4788,3124839.692276849,70083740.23409876,2710.4504137430713,True,9,1,77.94336479617206,38.889990323702904,164.70858134688547,376,383,8828.702750704158,17,25,8,78,84,2.4815822996259365,1.4815822996259367,1.4225544179384444,0.42255441793844445,1.3390105757876705,0.3390105757876704,1.1025634313840795,0.10256343138407943,1.306699600727352,0.30669960072735186,12.080359399988083,187.0546875,187.421875,0.3671875,1.540704755355812,-0.05806338721917226
TS1,spine,2.0,0,5,10,155.88672959234412,0.05751321950105999,2378,4788,3124839.692276849,70083740.23409876,2710.4504137430713,True,9,1,77.94336479617206,38.889990323702904,164.70858134688547,376,383,8828.702750704158,17,25,8,69,75,2.500528284493293,1.5005282844932932,1.415942952959343,0.41594295295934297,1.2948782743285356,0.2948782743285356,1.083282066470257,0.08328206647025688,1.3311885111373916,0.33118851113739156,11.817321299982723,186.0546875,186.96484375,0.91015625,1.4007133206127578,-0.052787634772381846
TS1,spine,2.0,1,5,10,155.88672959234412,0.05751321950105999,2378,4788,3124839.692276849,70083740.23409876,2710.4504137430713,True,9,1,77.94336479617206,38.889990323702904,164.70858134688547,376,383,8828.702750704158,17,25,8,78,84,2.5450656473439195,1.5450656473439195,1.4369172388087617,0.43691723880876177,1.3394156371791617,0.33941563717916173,1.1042563523196756,0.10425635231967564,1.3121468564686218,0.3121468564686219,11.817321299982723,186.0546875,186.96484375,0.91015625,1.540704755355812,-0.05806338721917226
TS1,spine,2.0,0,6,10,155.88672959234412,0.05751321950105999,2378,4788,3124839.692276849,70083740.23409876,2710.4504137430713,True,9,1,77.94336479617206,38.889990323702904,164.70858134688547,376,383,8828.702750704158,17,25,8,69,75,2.5006923552405613,1.5006923552405613,1.4091128712711618,0.40911287127116175,1.3152882529574748,0.3152882529574747,1.0799658319390393,0.07996583193903932,1.3403122755873127,0.34031227558731275,11.84808840000187,184.4140625,187.44140625,3.02734375,1.4007133206127578,-0.052787634772381846
TS1,spine,2.0,1,6,10,155.88672959234412,0.05751321950105999,2378,4788,3124839.692276849,70083740.23409876,2710.4504137430713,True,9,1,77.94336479617206,38.889990323702904,164.70858134688547,376,383,8828.702750704158,17,25,8,78,84,2.546040131319596,1.5460401313195962,1.430289410679181,0.4302894106791809,1.3606360290365096,0.3606360290365095,1.101142371347058,0.10114237134705802,1.3209570200105158,0.32095702001051596,11.84808840000187,184.4140625,187.44140625,3.02734375,1.540704755355812,-0.05806338721917226
TS1,spine,2.0,0,7,10,155.88672959234412,0.05751321950105999,2378,4788,3124839.692276849,70083740.23409876,2710.4504137430713,True,9,1,77.94336479617206,38.889990323702904,164.70858134688547,376,383,8828.702750704158,17,25,8,69,75,2.2928874993851847,1.2928874993851847,1.3651722103144766,0.36517221031447655,1.0513461426887694,0.05134614268876933,1.0277623709780943,0.027762370978094267,1.317894981403238,0.3178949814032379,9.230050199985271,187.08984375,187.265625,0.17578125,1.4007133206127578,-0.052787634772381846
TS1,spine,2.0,1,7,10,155.88672959234412,0.05751321950105999,2378,4788,3124839.692276849,70083740.23409876,2710.4504137430713,True,9,1,77.94336479617206,38.889990323702904,164.70858134688547,376,383,8828.702750704158,17,25,8,78,84,2.3370231938397796,1.3370231938397794,1.3860337401546492,0.38603374015464914,1.0954818371433641,0.09548183714336421,1.0486239008182663,0.04862390081826627,1.3008086264368959,0.3008086264368959,9.230050199985271,187.08984375,187.265625,0.17578125,1.540704755355812,-0.05806338721917226
TS1,spine,2.0,0,8,10,155.88672959234412,0.05751321950105999,2378,4788,3124839.692276849,70083740.23409876,2710.4504137430713,True,9,1,77.94336479617206,38.889990323702904,164.70858134688547,376,383,8828.702750704158,17,25,8,69,75,2.477223875101064,1.477223875101064,1.40753606419569,0.40753606419568994,1.2731885682900999,0.27318856829009985,1.0741004784792567,0.07410047847925667,1.3337857322440887,0.3337857322440888,11.987113799987128,184.96484375,189.33203125,4.3671875,1.4007133206127578,-0.052787634772381846
TS1,spine,2.0,1,8,10,155.88672959234412,0.05751321950105999,2378,4788,3124839.692276849,70083740.23409876,2710.4504137430713,True,9,1,77.94336479617206,38.889990323702904,164.70858134688547,376,383,8828.702750704158,17,25,8,78,84,2.522145291335757,1.522145291335757,1.428616293083724,0.4286162930837242,1.3181099845247928,0.3181099845247927,1.095180707367291,0.09518070736729092,1.3147999784069566,0.31479997840695667,11.987113799987128,184.96484375,189.33203125,4.3671875,1.540704755355812,-0.05806338721917226
TS1,spine,2.0,0,9,10,155.88672959234412,0.05751321950105999,2378,4788,3124839.692276849,70083740.23409876,2710.4504137430713,True,9,1,77.94336479617206,38.889990323702904,164.70858134688547,376,383,8828.702750704158,17,25,8,69,75,2.2206133108156774,1.2206133108156774,1.3469969702903706,0.34699697029037063,0.979373212873682,-0.02062678712631808,1.011064720273632,0.011064720273632122,1.3119142336626077,0.3119142336626078,7.7213859999901615,188.05078125,188.46484375,0.4140625,1.4007133206127578,-0.052787634772381846
TS1,spine,2.0,1,9,10,155.88672959234412,0.05751321950105999,2378,4788,3124839.692276849,70083740.23409876,2710.4504137430713,True,9,1,77.94336479617206,38.889990323702904,164.70858134688547,376,383,8828.702750704158,17,25,8,78,84,2.265458774601956,1.265458774601956,1.367963251809793,0.36796325180979295,1.0242186766599608,0.024218676659960803,1.032031001793054,0.03203100179305413,1.2958046593923305,0.2958046593923304,7.7213859999901615,188.05078125,188.46484375,0.4140625,1.540704755355812,-0.05806338721917226
TS2,spine,1.0,0,0,10,72.77440396597993,0.11797826909606364,508,1016,209546.08322919015,3764802.054484278,616.8458354540146,True,1,1,72.77440396597993,31.138173893996544,120.34362546721954,122,122,657.7528570120653,4,4,1,11,11,1.7334218538692723,0.7334218538692724,1.1464682623391929,0.14646826233919283,1.2420679600787028,0.24206796007870288,0.9655474362674612,-0.03445256373253875,1.3460110859643966,0.34601108596439656,1.4499645000032615,187.8203125,187.84375,0.0234375,2.025630118935491,0.03894357063804828
TS2,spine,1.0,1,0,10,72.77440396597993,0.11797826909606364,508,1016,209546.08322919015,3764802.054484278,616.8458354540146,True,1,1,72.77440396597993,31.138173893996544,120.34362546721954,122,122,657.7528570120653,4,4,1,13,13,1.7665381535208888,0.7665381535208887,1.1729050519846025,0.1729050519846025,1.2751842597303191,0.27518425973031924,0.9919842259128709,-0.008015774087129085,1.3103359509311474,0.3103359509311474,1.4499645000032615,187.8203125,187.84375,0.0234375,1.9409798525856057,0.04786708849981633
TS2,spine,1.0,0,1,10,72.77440396597993,0.11797826909606364,508,1016,209546.08322919015,3764802.054484278,616.8458354540146,True,1,1,72.77440396597993,31.138173893996544,120.34362546721954,122,122,657.7528570120653,4,4,1,11,11,1.744003383020929,0.7440033830209289,1.1521569857246439,0.15215698572464395,1.23781896922503,0.23781896922503012,0.9683110117472676,-0.03168898825273237,1.343016918114799,0.3430169181147991,1.410266099992441,187.8203125,187.83984375,0.01953125,2.025630118935491,0.03894357063804828
TS2,spine,1.0,1,1,10,72.77440396597993,0.11797826909606364,508,1016,209546.08322919015,3764802.054484278,616.8458354540146,True,1,1,72.77440396597993,31.138173893996544,120.34362546721954,122,122,657.7528570120653,4,4,1,13,13,1.7771014655982609,0.7771014655982609,1.1785752897227035,0.17857528972270345,1.270917051802362,0.2709170518023621,0.9947293157453272,-0.005270684254672851,1.3076108936621131,0.30761089366211314,1.410266099992441,187.8203125,187.83984375,0.01953125,1.9409798525856057,0.04786708849981633
TS2,spine,1.0,0,2,10,72.77440396597993,0.11797826909606364,508,1016,209546.08322919015,3764802.054484278,616.8458354540146,True,1,1,72.77440396597993,31.138173893996544,120.34362546721954,122,122,657.7528570120653,4,4,1,11,11,1.3397732858872013,0.33977328588720124,1.034561498704597,0.03456149870459704,0.8590118857724047,-0.1409881142275953,0.8562172862351719,-0.14378271376482812,1.263035825323931,0.2630358253239311,0.7422768999822438,187.81640625,187.8359375,0.01953125,2.025630118935491,0.03894357063804828
TS2,spine,1.0,1,2,10,72.77440396597993,0.11797826909606364,508,1016,209546.08322919015,3764802.054484278,616.8458354540146,True,1,1,72.77440396597993,31.138173893996544,120.34362546721954,122,122,657.7528570120653,4,4,1,13,13,1.373013647784038,0.373013647784038,1.0610565105783705,0.06105651057837038,0.8922522476692415,-0.10774775233075856,0.8827122981089452,-0.1172877018910548,1.2368298081134286,0.23682980811342869,0.7422768999822438,187.81640625,187.8359375,0.01953125,1.9409798525856057,0.04786708849981633
TS2,spine,1.0,0,3,10,72.77440396597993,0.11797826909606364,508,1016,209546.08322919015,3764802.054484278,616.8458354540146,True,1,1,72.77440396597993,31.138173893996544,120.34362546721954,122,122,657.7528570120653,4,4,1,11,11,1.5322563980503392,0.5322563980503391,1.092301292254598,0.09230129225459799,1.0268655901106394,0.02686559011063939,0.9085079939016887,-0.09149200609831129,1.3080038127330782,0.3080038127330782,1.0738193999859504,187.81640625,187.8359375,0.01953125,2.025630118935491,0.03894357063804828
TS2,spine,1.0,1,3,10,72.77440396597993,0.11797826909606364,508,1016,209546.08322919015,3764802.054484278,616.8458354540146,True,1,1,72.77440396597993,31.138173893996544,120.34362546721954,122,122,657.7528570120653,4,4,1,13,13,1.5653749724704413,0.5653749724704413,1.1187337036880085,0.11873370368800855,1.0599841645307415,0.059984164530741575,0.9349404053350993,-0.06505959466490073,1.276686965448034,0.2766869654480339,1.0738193999859504,187.81640625,187.8359375,0.01953125,1.9409798525856057,0.04786708849981633
TS2,spine,1.0,0,4,10,72.77440396597993,0.11797826909606364,508,1016,209546.08322919015,3764802.054484278,616.8458354540146,True,1,1,72.77440396597993,31.138173893996544,120.34362546721954,122,122,657.7528570120653,4,4,1,11,11,1.4176947180755268,0.4176947180755268,1.0573425996944263,0.057342599694426254,0.9395488776676384,-0.060451122332361606,0.8798040952143635,-0.1201959047856365,1.2839818355716455,0.2839818355716455,0.8249529000022449,187.81640625,187.8359375,0.01953125,2.025630118935491,0.03894357063804828
TS2,spine,1.0,1,4,10,72.77440396597993,0.11797826909606364,508,1016,209546.08322919015,3764802.054484278,616.8458354540146,True,1,1,72.77440396597993,31.138173893996544,120.34362546721954,122,122,657.7528570120653,4,4,1,13,13,1.4509074638728994,0.4509074638728993,1.0838174944386834,0.08381749443868333,0.9727616234650109,-0.027238376534989107,0.9062789899586206,-0.09372101004137944,1.254977607745795,0.2549776077457951,0.8249529000022449,187.81640625,187.8359375,0.01953125,1.9409798525856057,0.04786708849981633
TS2,spine,1.0,0,5,10,72.77440396597993,0.11797826909606364,508,1016,209546.08322919015,3764802.054484278,616.8458354540146,True,1,1,72.77440396597993,31.138173893996544,120.34362546721954,122,122,657.7528570120653,4,4,1,11,11,1.7412841794527156,0.7412841794527157,1.1522497865979056,0.15224978659790564,1.2358805159496828,0.23588051594968293,0.9684126180570408,-0.03158738194295922,1.340590959412187,0.340590959412187,1.409638699988136,187.81640625,187.8359375,0.01953125,2.025630118935491,0.03894357063804828
TS2,spine,1.0,1,5,10,72.77440396597993,0.11797826909606364,508,1016,209546.08322919015,3764802.054484278,616.8458354540146,True,1,1,72.77440396597993,31.138173893996544,120.34362546721954,122,122,657.7528570120653,4,4,1,13,13,1.774509818647133,0.7745098186471332,1.1787391352190444,0.1787391352190444,1.2691061551441003,0.2691061551441004,0.9949019666781795,-0.005098033321820476,1.3052031900682308,0.30520319006823077,1.409638699988136,187.81640625,187.8359375,0.01953125,1.9409798525856057,0.04786708849981633
TS2,spine,1.0,0,6,10,72.77440396597993,0.11797826909606364,508,1016,209546.08322919015,3764802.054484278,616.8458354540146,True,1,1,72.77440396597993,31.138173893996544,120.34362546721954,122,122,657.7528570120653,4,4,1,11,11,1.714437935989861,0.7144379359898609,1.1418091954842176,0.14180919548421758,1.2301958431127655,0.23019584311276556,0.9624905873742724,-0.037509412625727614,1.3416468848525749,0.34164688485257483,1.427100499975495,187.81640625,187.8359375,0.01953125,2.025630118935491,0.03894357063804828
TS2,spine,1.0,1,6,10,72.77440396597993,0.11797826909606364,508,1016,209546.08322919015,3764802.054484278,616.8458354540146,True,1,1,72.77440396597993,31.138173893996544,120.34362546721954,122,122,657.7528570120653,4,4,1,13,13,1.7475662291470737,0.7475662291470736,1.1682573821583582,0.1682573821583581,1.2633241362699783,0.2633241362699782,0.9889387740484129,-0.011061225951587088,1.3062716986827245,0.30627169868272464,1.427100499975495,187.81640625,187.8359375,0.01953125,1.9409798525856057,0.04786708849981633
TS2,spine,1.0,0,7,10,72.77440396597993,0.11797826909606364,508,1016,209546.08322919015,3764802.054484278,616.8458354540146,True,1,1,72.77440396597993,31.138173893996544,120.34362546721954,122,122,657.7528570120653,4,4,1,11,11,1.4592182292464144,0.4592182292464143,1.073404998376371,0.07340499837637093,0.9698088037136792,-0.030191196286320797,0.8931137534402236,-0.10688624655977642,1.2861583371858882,0.2861583371858883,0.8711677999817766,187.81640625,187.8359375,0.01953125,2.025630118935491,0.03894357063804828
TS2,spine,1.0,1,7,10,72.77440396597993,0.11797826909606364,508,1016,209546.08322919015,3764802.054484278,616.8458354540146,True,1,1,72.77440396597993,31.138173893996544,120.34362546721954,122,122,657.7528570120653,4,4,1,13,13,1.4924264012121973,0.49242640121219733,1.0998783273303598,0.09987832733035992,1.0030169756794622,0.0030169756794621973,0.9195870823942126,-0.08041291760578743,1.256507563531757,0.256507563531757,0.8711677999817766,187.81640625,187.8359375,0.01953125,1.9409798525856057,0.04786708849981633
TS2,spine,1.0,0,8,10,72.77440396597993,0.11797826909606364,508,1016,209546.08322919015,3764802.054484278,616.8458354540146,True,1,1,72.77440396597993,31.138173893996544,120.34362546721954,122,122,657.7528570120653,4,4,1,11,11,1.5093872715576684,0.5093872715576685,1.0863720889982214,0.08637208899822134,1.0188570731681543,0.018857073168154423,0.9059586158665772,-0.09404138413342274,1.3007397755436367,0.30073977554363673,1.0659726000158116,187.81640625,187.8359375,0.01953125,2.025630118935491,0.03894357063804828
TS2,spine,1.0,1,8,10,72.77440396597993,0.11797826909606364,508,1016,209546.08322919015,3764802.054484278,616.8458354540146,True,1,1,72.77440396597993,31.138173893996544,120.34362546721954,122,122,657.7528570120653,4,4,1,13,13,1.5425299714676297,0.5425299714676296,1.112820135049199,0.112820135049199,1.0519997730781157,0.051999773078115576,0.932406661917555,-0.06759333808244507,1.2697485089348457,0.2697485089348458,1.0659726000158116,187.81640625,187.8359375,0.01953125,1.9409798525856057,0.04786708849981633
TS2,spine,1.0,0,9,10,72.77440396597993,0.11797826909606364,508,1016,209546.08322919015,3764802.054484278,616.8458354540146,True,1,1,72.77440396597993,31.138173893996544,120.34362546721954,122,122,657.7528570120653,4,4,1,11,11,1.7095115178127418,0.7095115178127417,1.143719755428742,0.14371975542874196,1.2138943396503274,0.21389433965032745,0.9620049518273472,-0.0379950481726527,1.3348401710471496,0.3348401710471497,1.4260359999898355,187.81640625,187.8359375,0.01953125,2.025630118935491,0.03894357063804828
TS2,spine,1.0,1,9,10,72.77440396597993,0.11797826909606364,508,1016,209546.08322919015,3764802.054484278,616.8458354540146,True,1,1,72.77440396597993,31.138173893996544,120.34362546721954,122,122,657.7528570120653,4,4,1,13,13,1.742713129922105,0.742713129922105,1.1701933062640377,0.17019330626403772,1.2470959517596907,0.2470959517596908,0.9884785026626429,-0.011521497337357097,1.2999358171965245,0.2999358171965245,1.4260359999898355,187.81640625,187.8359375,0.01953125,1.9409798525856057,0.04786708849981633
TS2,spine,2.0,0,0,10,145.54880793195986,0.23595653819212728,508,1016,209546.08322919015,3764802.054484278,616.8458354540146,True,1,1,72.77440396597993,31.138173893996544,120.34362546721954,122,122,657.7528570120653,4,4,1,7,7,1.79910135577487,0.79910135577487,1.162728452559925,0.162728452559925,1.2831691081845835,0.2831691081845834,0.9760335594059194,-0.023966440594080606,1.3614253660965834,0.3614253660965834,0.6390343999955803,187.81640625,187.8359375,0.01953125,2.025630118935491,0.03894357063804828
TS2,spine,2.0,1,0,10,145.54880793195986,0.23595653819212728,508,1016,209546.08322919015,3764802.054484278,616.8458354540146,True,1,1,72.77440396597993,31.138173893996544,120.34362546721954,122,122,657.7528570120653,4,4,1,9,9,1.8328292829525035,0.8328292829525036,1.1897302315678209,0.18973023156782085,1.316897035362217,0.31689703536221697,1.0030353384138153,0.003035338413815239,1.3241134512131274,0.3241134512131273,0.6390343999955803,187.81640625,187.8359375,0.01953125,1.9409798525856057,0.04786708849981633
TS2,spine,2.0,0,1,10,145.54880793195986,0.23595653819212728,508,1016,209546.08322919015,3764802.054484278,616.8458354540146,True,1,1,72.77440396597993,31.138173893996544,120.34362546721954,122,122,657.7528570120653,4,4,1,7,7,1.948988926915031,0.9489889269150309,1.2108381370728822,0.21083813707288224,1.4168689224699413,0.4168689224699414,1.0210310070092763,0.021031007009276254,1.3647078208021879,0.36470782080218794,0.8205032999976538,187.81640625,187.8359375,0.01953125,2.025630118935491,0.03894357063804828
TS2,spine,2.0,1,1,10,145.54880793195986,0.23595653819212728,508,1016,209546.08322919015,3764802.054484278,616.8458354540146,True,1,1,72.77440396597993,31.138173893996544,120.34362546721954,122,122,657.7528570120653,4,4,1,9,9,1.9827243036427957,0.9827243036427958,1.2378656695627375,0.23786566956273758,1.4506042991977064,0.4506042991977064,1.0480585394991317,0.048058539499131726,1.326324406955829,0.32632440695582904,0.8205032999976538,187.81640625,187.8359375,0.01953125,1.9409798525856057,0.04786708849981633
TS2,spine,2.0,0,2,10,145.54880793195986,0.23595653819212728,508,1016,209546.08322919015,3764802.054484278,616.8458354540146,True,1,1,72.77440396597993,31.138173893996544,120.34362546721954,122,122,657.7528570120653,4,4,1,7,7,1.9377686659973823,0.9377686659973823,1.2065608302846815,0.20656083028468145,1.4142429501514062,0.4142429501514061,1.0185545059296288,0.018554505929628706,1.3654125484923558,0.3654125484923559,0.8266934999846853,187.81640625,187.8359375,0.01953125,2.025630118935491,0.03894357063804828
TS2,spine,2.0,1,2,10,145.54880793195986,0.23595653819212728,508,1016,209546.08322919015,3764802.054484278,616.8458354540146,True,1,1,72.77440396597993,31.138173893996544,120.34362546721954,122,122,657.7528570120653,4,4,1,9,9,1.9715223398299209,0.9715223398299208,1.2335917938736263,0.23359179387362636,1.4479966239839446,0.44799662398394463,1.0455854695185736,0.04558546951857361,1.3269903597451824,0.32699035974518237,0.8266934999846853,187.81640625,187.8359375,0.01953125,1.9409798525856057,0.04786708849981633
TS2,spine,2.0,0,3,10,145.54880793195986,0.23595653819212728,508,1016,209546.08322919015,3764802.054484278,616.8458354540146,True,1,1,72.77440396597993,31.138173893996544,120.34362546721954,122,122,657.7528570120653,4,4,1,7,7,1.9351702420857109,0.9351702420857109,1.209958766502929,0.20995876650292894,1.4177668272316422,0.41776682723164227,1.02335977760693,0.02335977760693004,1.3562929275602684,0.3562929275602685,0.8055930999980774,187.81640625,187.8984375,0.08203125,2.025630118935491,0.03894357063804828
TS2,spine,2.0,1,3,10,145.54880793195986,0.23595653819212728,508,1016,209546.08322919015,3764802.054484278,616.8458354540146,True,1,1,72.77440396597993,31.138173893996544,120.34362546721954,122,122,657.7528570120653,4,4,1,9,9,1.968835554034052,0.9688355540340521,1.2369416276064362,0.2369416276064362,1.4514321391799836,0.45143213917998354,1.0503426387104373,0.050342638710437294,1.318290498461734,0.3182904984617342,0.8055930999980774,187.81640625,187.8984375,0.08203125,1.9409798525856057,0.04786708849981633
TS2,spine,2.0,0,4,10,145.54880793195986,0.23595653819212728,508,1016,209546.08322919015,3764802.054484278,616.8458354540146,True,1,1,72.77440396597993,31.138173893996544,120.34362546721954,122,122,657.7528570120653,4,4,1,7,7,1.9527748514985754,0.9527748514985754,1.2142687489388806,0.21426874893888054,1.4296836912741684,0.42968369127416833,1.0261665678266172,0.026166567826617162,1.3593916974922295,0.35939169749222966,0.8739156000083312,187.87890625,187.8984375,0.01953125,2.025630118935491,0.03894357063804828
TS2,spine,2.0,1,4,10,145.54880793195986,0.23595653819212728,508,1016,209546.08322919015,3764802.054484278,616.8458354540146,True,1,1,72.77440396597993,31.138173893996544,120.34362546721954,122,122,657.7528570120653,4,4,1,9,9,1.986568872388005,0.9865688723880052,1.2413276513270315,0.24132765132703152,1.463477712163598,0.463477712163598,1.053225470214768,0.053225470214768145,1.3211134731166487,0.3211134731166487,0.8739156000083312,187.87890625,187.8984375,0.01953125,1.9409798525856057,0.04786708849981633
TS2,spine,2.0,0,5,10,145.54880793195986,0.23595653819212728,508,1016,209546.08322919015,3764802.054484278,616.8458354540146,True,1,1,72.77440396597993,31.138173893996544,120.34362546721954,122,122,657.7528570120653,4,4,1,7,7,1.6253578713731727,0.6253578713731727,1.113014185386467,0.11301418538646699,1.1368404134824854,0.13684041348248552,0.9327331576759031,-0.06726684232409685,1.3368473068878781,0.3368473068878781,0.4267030000046361,184.24609375,184.55859375,0.3125,2.025630118935491,0.03894357063804828
TS2,spine,2.0,1,5,10,145.54880793195986,0.23595653819212728,508,1016,209546.08322919015,3764802.054484278,616.8458354540146,True,1,1,72.77440396597993,31.138173893996544,120.34362546721954,122,122,657.7528570120653,4,4,1,9,9,1.6589990378666246,0.6589990378666247,1.1399312615309614,0.1399312615309614,1.1704815799759376,0.17048157997593755,0.9596502338203977,-0.040349766179602314,1.3021996750573503,0.3021996750573503,0.4267030000046361,184.24609375,184.55859375,0.3125,1.9409798525856057,0.04786708849981633
TS2,spine,2.0,0,6,10,145.54880793195986,0.23595653819212728,508,1016,209546.08322919015,3764802.054484278,616.8458354540146,True,1,1,72.77440396597993,31.138173893996544,120.34362546721954,122,122,657.7528570120653,4,4,1,7,7,1.9465987546218086,0.9465987546218088,1.211684625827196,0.21168462582719602,1.4169774277792742,0.4169774277792741,1.0219332218931436,0.021933221893143565,1.3610586725212315,0.3610586725212314,0.8029878000088502,184.5390625,184.55859375,0.01953125,2.025630118935491,0.03894357063804828
TS2,spine,2.0,1,6,10,145.54880793195986,0.23595653819212728,508,1016,209546.08322919015,3764802.054484278,616.8458354540146,True,1,1,72.77440396597993,31.138173893996544,120.34362546721954,122,122,657.7528570120653,4,4,1,9,9,1.9803248782727447,0.9803248782727446,1.2387030000699033,0.23870300006990325,1.45070355143021,0.45070355143021007,1.0489515961358509,0.04895159613585078,1.3228348286931184,0.3228348286931184,0.8029878000088502,184.5390625,184.55859375,0.01953125,1.9409798525856057,0.04786708849981633
TS2,spine,2.0,0,7,10,145.54880793195986,0.23595653819212728,508,1016,209546.08322919015,3764802.054484278,616.8458354540146,True,1,1,72.77440396597993,31.138173893996544,120.34362546721954,122,122,657.7528570120653,4,4,1,7,7,1.6955705833198924,0.6955705833198924,1.1344156881489833,0.13441568814898325,1.1823111716143284,0.1823111716143285,0.9485738778620622,-0.051426122137937874,1.3464068271223888,0.34640682712238874,0.5058220000064466,184.5390625,184.67578125,0.13671875,2.025630118935491,0.03894357063804828
TS2,spine,2.0,1,7,10,145.54880793195986,0.23595653819212728,508,1016,209546.08322919015,3764802.054484278,616.8458354540146,True,1,1,72.77440396597993,31.138173893996544,120.34362546721954,122,122,657.7528570120653,4,4,1,9,9,1.7292592464630279,0.7292592464630278,1.1613614234542358,0.16136142345423574,1.2159998347574639,0.21599983475746382,0.9755196131673145,-0.024480386832685504,1.3108490623926206,0.3108490623926205,0.5058220000064466,184.5390625,184.67578125,0.13671875,1.9409798525856057,0.04786708849981633
TS2,spine,2.0,0,8,10,145.54880793195986,0.23595653819212728,508,1016,209546.08322919015,3764802.054484278,616.8458354540146,True,1,1,72.77440396597993,31.138173893996544,120.34362546721954,122,122,657.7528570120653,4,4,1,7,7,1.9266104056943145,0.9266104056943145,1.205608562980999,0.20560856298099903,1.405952306541573,0.4059523065415732,1.0180291564245376,0.01802915642453758,1.3596640621562601,0.35966406215626007,0.8097770000167657,184.65625,184.67578125,0.01953125,2.025630118935491,0.03894357063804828
TS2,spine,2.0,1,8,10,145.54880793195986,0.23595653819212728,508,1016,209546.08322919015,3764802.054484278,616.8458354540146,True,1,1,72.77440396597993,31.138173893996544,120.34362546721954,122,122,657.7528570120653,4,4,1,9,9,1.9603554797086165,0.9603554797086165,1.232651219691054,0.23265121969105387,1.439697380555875,0.43969738055587504,1.0450718131345924,0.04507181313459243,1.321494005017346,0.32149400501734593,0.8097770000167657,184.65625,184.67578125,0.01953125,1.9409798525856057,0.04786708849981633
TS2,spine,2.0,0,9,10,145.54880793195986,0.23595653819212728,508,1016,209546.08322919015,3764802.054484278,616.8458354540146,True,1,1,72.77440396597993,31.138173893996544,120.34362546721954,122,122,657.7528570120653,4,4,1,7,7,1.8541125755215813,0.8541125755215814,1.1815710967932076,0.18157109679320768,1.3294330708681992,0.32943307086819923,0.9930796406077554,-0.006920359392244572,1.3608515826441783,0.3608515826441782,0.6871217000007164,184.65625,184.67578125,0.01953125,2.025630118935491,0.03894357063804828
TS2,spine,2.0,1,9,10,145.54880793195986,0.23595653819212728,508,1016,209546.08322919015,3764802.054484278,616.8458354540146,True,1,1,72.77440396597993,31.138173893996544,120.34362546721954,122,122,657.7528570120653,4,4,1,9,9,1.8877273030466746,0.8877273030466746,1.2085187254378482,0.2085187254378482,1.3630477983932925,0.3630477983932925,1.020027269252396,0.020027269252395938,1.32325049564607,0.32325049564607006,0.6871217000007164,184.65625,184.67578125,0.01953125,1.9409798525856057,0.04786708849981633
TS3,spine,1.0,0,0,10,93.40399274580557,0.048870804262502655,8008,16058,3150472.63330633,84287550.97597824,1911.243208605677,False,,3,93.40399274580557,42.852431682542075,177.90413601231722,714,723,10391.084203830545,36,47,10,114,122,2.6395395333621585,1.6395395333621587,1.8294997304600202,0.8294997304600201,1.6811011665681233,0.6811011665681231,1.4877284828493194,0.48772848284931947,0.9874300193345891,-0.012569980665410934,43.69685259999824,197.4375,280.26953125,82.83203125,1.1272636370061955,0.2093378687148773
TS3,spine,1.0,1,0,10,93.40399274580557,0.048870804262502655,8008,16058,3150472.63330633,84287550.97597824,1911.243208605677,False,,3,93.40399274580557,42.852431682542075,177.90413601231722,714,723,10391.084203830545,36,47,10,125,133,2.674358374437217,1.6743583744372168,1.8538113023946021,0.8538113023946022,1.7159200076431818,0.7159200076431818,1.5120400547839015,0.5120400547839015,0.970597272846001,-0.029402727153998998,43.69685259999824,197.4375,280.26953125,82.83203125,1.119583656686624,0.47719067565204193
TS3,spine,1.0,0,1,10,93.40399274580557,0.048870804262502655,8008,16058,3150472.63330633,84287550.97597824,1911.243208605677,False,,3,93.40399274580557,42.852431682542075,177.90413601231722,714,723,10391.084203830545,36,47,10,114,122,2.6736039661474327,1.6736039661474325,1.793323581611812,0.7933235816118119,0.9819902172989543,-0.018009782701045692,1.322631822118175,0.32263182211817504,1.0221792525385054,0.022179252538505306,44.36584360001143,206.25,305.83984375,99.58984375,1.1272636370061955,0.2093378687148773
TS3,spine,1.0,1,1,10,93.40399274580557,0.048870804262502655,8008,16058,3150472.63330633,84287550.97597824,1911.243208605677,False,,3,93.40399274580557,42.852431682542075,177.90413601231722,714,723,10391.084203830545,36,47,10,125,133,2.707939873204357,1.7079398732043567,1.8174753120885527,0.8174753120885526,1.0163261243558785,0.016326124355878616,1.346783552594916,0.3467835525949159,1.0040512951397151,0.004051295139715054,44.36584360001143,206.25,305.83984375,99.58984375,1.119583656686624,0.47719067565204193
TS3,spine,1.0,0,2,10,93.40399274580557,0.048870804262502655,8008,16058,3150472.63330633,84287550.97597824,1911.243208605677,False,,3,93.40399274580557,42.852431682542075,177.90413601231722,714,723,10391.084203830545,36,47,10,114,122,2.611106200030935,1.6111062000309349,1.7960849736356108,0.7960849736356108,0.8966471902710018,-0.10335280972899819,1.3196984674752765,0.3196984674752765,1.0018438929920073,0.0018438929920073707,43.745770299981814,211.56640625,265.44140625,53.875,1.1272636370061955,0.2093378687148773
TS3,spine,1.0,1,2,10,93.40399274580557,0.048870804262502655,8008,16058,3150472.63330633,84287550.97597824,1911.243208605677,False,,3,93.40399274580557,42.852431682542075,177.90413601231722,714,723,10391.084203830545,36,47,10,125,133,2.646082958086649,1.646082958086649,1.8204698087142916,0.8204698087142916,0.9316239483267162,-0.06837605167328373,1.3440833025539574,0.34408330255395736,0.9844596009741344,-0.015540399025865589,43.745770299981814,211.56640625,265.44140625,53.875,1.119583656686624,0.47719067565204193
TS3,spine,1.0,0,3,10,93.40399274580557,0.048870804262502655,8008,16058,3150472.63330633,84287550.97597824,1911.243208605677,False,,3,93.40399274580557,42.852431682542075,177.90413601231722,714,723,10391.084203830545,36,47,10,114,122,2.6500208527694413,1.650020852769441,1.774471840480761,0.7744718404807609,0.88028167275703,-0.11971832724297003,1.2932982366556383,0.29329823665563837,1.029572152988918,0.029572152988917962,43.56033799998113,215.03125,316.93359375,101.90234375,1.1272636370061955,0.2093378687148773
TS3,spine,1.0,1,3,10,93.40399274580557,0.048870804262502655,8008,16058,3150472.63330633,84287550.97597824,1911.243208605677,False,,3,93.40399274580557,42.852431682542075,177.90413601231722,714,723,10391.084203830545,36,47,10,125,133,2.6848812080491276,1.6848812080491276,1.7988202306694336,0.7988202306694336,0.9151420280367165,-0.08485797196328351,1.3176466268443112,0.3176466268443112,1.0111680545561392,0.011168054556139203,43.56033799998113,215.03125,316.93359375,101.90234375,1.119583656686624,0.47719067565204193
TS3,spine,1.0,0,4,10,93.40399274580557,0.048870804262502655,8008,16058,3150472.63330633,84287550.97597824,1911.243208605677,False,,3,93.40399274580557,42.852431682542075,177.90413601231722,714,723,10391.084203830545,36,47,10,114,122,2.7493646671160823,1.7493646671160819,1.7216254439951364,0.7216254439951363,0.6667642231362509,-0.33323577686374906,1.1886341795426654,0.18863417954266534,1.0997565517954428,0.09975655179544275,43.743951499986,217.1953125,294.49609375,77.30078125,1.1272636370061955,0.2093378687148773
TS3,spine,1.0,1,4,10,93.40399274580557,0.048870804262502655,8008,16058,3150472.63330633,84287550.97597824,1911.243208605677,False,,3,93.40399274580557,42.852431682542075,177.90413601231722,714,723,10391.084203830545,36,47,10,125,133,2.784965491761875,1.7849654917618747,1.7462030067655807,0.7462030067655807,0.7023650477820437,-0.2976349522179564,1.21321174231311,0.21321174231311002,1.0785181954021026,0.0785181954021027,43.743951499986,217.1953125,294.49609375,77.30078125,1.119583656686624,0.47719067565204193
TS3,spine,1.0,0,5,10,93.40399274580557,0.048870804262502655,8008,16058,3150472.63330633,84287550.97597824,1911.243208605677,False,,3,93.40399274580557,42.852431682542075,177.90413601231722,714,723,10391.084203830545,36,47,10,114,122,2.8170059530240334,1.8170059530240337,1.8705576185518267,0.8705576185518266,1.081502910839751,0.08150291083975093,1.393371761798969,0.3933717617989688,1.0158748395649384,0.01587483956493849,41.80316139999195,222.5859375,317.69921875,95.11328125,1.1272636370061955,0.2093378687148773
TS3,spine,1.0,1,5,10,93.40399274580557,0.048870804262502655,8008,16058,3150472.63330633,84287550.97597824,1911.243208605677,False,,3,93.40399274580557,42.852431682542075,177.90413601231722,714,723,10391.084203830545,36,47,10,125,133,2.8518667664794224,1.8518667664794224,1.8948931404283382,0.8948931404283382,1.1163637242951396,0.11636372429513975,1.4177072836754805,0.41770728367548043,0.9979733057455203,-0.0020266942544796295,41.80316139999195,222.5859375,317.69921875,95.11328125,1.119583656686624,0.47719067565204193
TS3,spine,1.0,0,6,10,93.40399274580557,0.048870804262502655,8008,16058,3150472.63330633,84287550.97597824,1911.243208605677,False,,3,93.40399274580557,42.852431682542075,177.90413601231722,714,723,10391.084203830545,36,47,10,114,122,2.543659377896807,1.543659377896807,1.74965291648256,0.7496529164825602,0.6286903586008844,-0.37130964139911554,1.242632763972476,0.2426327639724758,1.0123053222912668,0.012305322291266732,41.56777140000486,225.34765625,286.7734375,61.42578125,1.1272636370061955,0.2093378687148773
TS3,spine,1.0,1,6,10,93.40399274580557,0.048870804262502655,8008,16058,3150472.63330633,84287550.97597824,1911.243208605677,False,,3,93.40399274580557,42.852431682542075,177.90413601231722,714,723,10391.084203830545,36,47,10,125,133,2.579334999314487,1.5793349993144872,1.77428744611069,0.7742874461106899,0.6643659800185645,-0.3356340199814355,1.2672672936006053,0.2672672936006053,0.994490221479499,-0.0055097785205011065,41.56777140000486,225.34765625,286.7734375,61.42578125,1.119583656686624,0.47719067565204193
TS3,spine,1.0,0,7,10,93.40399274580557,0.048870804262502655,8008,16058,3150472.63330633,84287550.97597824,1911.243208605677,False,,3,93.40399274580557,42.852431682542075,177.90413601231722,714,723,10391.084203830545,36,47,10,114,122,2.872570107987902,1.8725701079879018,1.7542258321871076,0.7542258321871076,0.7788426584974127,-0.22115734150258723,1.2148624102164713,0.21486241021647134,1.115258129996507,0.11525812999650697,41.73281399998814,224.921875,302.109375,77.1875,1.1272636370061955,0.2093378687148773
TS3,spine,1.0,1,7,10,93.40399274580557,0.048870804262502655,8008,16058,3150472.63330633,84287550.97597824,1911.243208605677,False,,3,93.40399274580557,42.852431682542075,177.90413601231722,714,723,10391.084203830545,36,47,10,125,133,2.9074532493293095,1.9074532493293097,1.7785711906496862,0.778571190649686,0.8137257998388203,-0.18627420016117968,1.2392077686790495,0.2392077686790495,1.093546549848848,0.09354654984884787,41.73281399998814,224.921875,302.109375,77.1875,1.119583656686624,0.47719067565204193
TS3,spine,1.0,0,8,10,93.40399274580557,0.048870804262502655,8008,16058,3150472.63330633,84287550.97597824,1911.243208605677,False,,3,93.40399274580557,42.852431682542075,177.90413601231722,714,723,10391.084203830545,36,47,10,114,122,2.599280296209063,1.5992802962090629,1.7387332307713397,0.7387332307713398,0.19887495664223517,-0.8011250433577648,1.15958919289684,0.15958919289683998,1.0423906389496902,0.0423906389496902,41.791534899995895,230.49609375,321.515625,91.01953125,1.1272636370061955,0.2093378687148773
TS3,spine,1.0,1,8,10,93.40399274580557,0.048870804262502655,8008,16058,3150472.63330633,84287550.97597824,1911.243208605677,False,,3,93.40399274580557,42.852431682542075,177.90413601231722,714,723,10391.084203830545,36,47,10,125,133,2.6341474482165435,1.634147448216544,1.7630975000008473,0.7630975000008474,0.23374210864971612,-0.7662578913502839,1.183953462126348,0.1839534621263482,1.0235899229750203,0.023589922975020314,41.791534899995895,230.49609375,321.515625,91.01953125,1.119583656686624,0.47719067565204193
TS3,spine,1.0,0,9,10,93.40399274580557,0.048870804262502655,8008,16058,3150472.63330633,84287550.97597824,1911.243208605677,False,,3,93.40399274580557,42.852431682542075,177.90413601231722,714,723,10391.084203830545,36,47,10,114,122,2.6577353506077452,1.6577353506077452,1.795456705803637,0.795456705803637,0.9760917525589548,-0.023908247441045295,1.3242101609650623,0.3242101609650623,1.0245070541574794,0.024507054157479547,42.197270599979674,232.046875,341.69921875,109.65234375,1.1272636370061955,0.2093378687148773
TS3,spine,1.0,1,9,10,93.40399274580557,0.048870804262502655,8008,16058,3150472.63330633,84287550.97597824,1911.243208605677,False,,3,93.40399274580557,42.852431682542075,177.90413601231722,714,723,10391.084203830545,36,47,10,125,133,2.6926864924938476,1.6926864924938476,1.819813799343194,0.819813799343194,1.011042894445057,0.01104289444505696,1.3485672545046192,0.34856725450461923,1.006568942204218,0.006568942204218088,42.197270599979674,232.046875,341.69921875,109.65234375,1.119583656686624,0.47719067565204193
TS3,spine,2.0,0,0,10,186.80798549161113,0.09774160852500531,8008,16058,3150472.63330633,84287550.97597824,1911.243208605677,False,,3,93.40399274580557,42.852431682542075,177.90413601231722,714,723,10391.084203830545,36,47,10,70,77,2.282455442206796,1.2824554422067964,1.500217763929347,0.500217763929347,0.8873384879429986,-0.1126615120570014,1.0906550025166637,0.09065500251666381,1.1321553203975254,0.13215532039752553,24.827774100005627,233.15234375,286.21875,53.06640625,1.1272636370061955,0.2093378687148773
TS3,spine,2.0,1,0,10,186.80798549161113,0.09774160852500531,8008,16058,3150472.63330633,84287550.97597824,1911.243208605677,False,,3,93.40399274580557,42.852431682542075,177.90413601231722,714,723,10391.084203830545,36,47,10,80,87,2.3061535004425786,1.3061535004425786,1.5187965052282724,0.5187965052282725,0.9110365461787809,-0.0889634538212191,1.1092337438155893,0.1092337438155892,1.1138632022766977,0.11386320227669762,24.827774100005627,233.15234375,286.21875,53.06640625,1.119583656686624,0.47719067565204193
TS3,spine,2.0,0,1,10,186.80798549161113,0.09774160852500531,8008,16058,3150472.63330633,84287550.97597824,1911.243208605677,False,,3,93.40399274580557,42.852431682542075,177.90413601231722,714,723,10391.084203830545,36,47,10,70,77,2.408706765721694,1.408706765721694,1.5648085078400105,0.5648085078400106,1.0859911606806654,0.08599116068066529,1.164750929639546,0.16475092963954605,1.1161058870768612,0.11610588707686119,25.318528800009517,233.6015625,291.62109375,58.01953125,1.1272636370061955,0.2093378687148773
TS3,spine,2.0,1,1,10,186.80798549161113,0.09774160852500531,8008,16058,3150472.63330633,84287550.97597824,1911.243208605677,False,,3,93.40399274580557,42.852431682542075,177.90413601231722,714,723,10391.084203830545,36,47,10,80,87,2.4323466484716985,1.4323466484716985,1.5833646761734175,0.5833646761734176,1.1096310434306698,0.10963104343066973,1.1833070979729534,0.18330709797295336,1.0982359001855508,0.09823590018555078,25.318528800009517,233.6015625,291.62109375,58.01953125,1.119583656686624,0.47719067565204193
TS3,spine,2.0,0,2,10,186.80798549161113,0.09774160852500531,8008,16058,3150472.63330633,84287550.97597824,1911.243208605677,False,,3,93.40399274580557,42.852431682542075,177.90413601231722,714,723,10391.084203830545,36,47,10,70,77,2.294678145248889,1.294678145248889,1.5569948917645178,0.5569948917645177,0.926177646621804,-0.07382235337819595,1.153924015227057,0.1539240152270568,1.0847848971872842,0.08478489718728431,25.65605379999033,233.6015625,273.72265625,40.12109375,1.1272636370061955,0.2093378687148773
TS3,spine,2.0,1,2,10,186.80798549161113,0.09774160852500531,8008,16058,3150472.63330633,84287550.97597824,1911.243208605677,False,,3,93.40399274580557,42.852431682542075,177.90413601231722,714,723,10391.084203830545,36,47,10,80,87,2.318405557380436,1.318405557380436,1.5755916022971361,0.5755916022971361,0.9499050587533507,-0.05009494124664924,1.1725207257596748,0.1725207257596747,1.0681322476327573,0.06813224763275738,25.65605379999033,233.6015625,273.72265625,40.12109375,1.119583656686624,0.47719067565204193
TS3,spine,2.0,0,3,10,186.80798549161113,0.09774160852500531,8008,16058,3150472.63330633,84287550.97597824,1911.243208605677,False,,3,93.40399274580557,42.852431682542075,177.90413601231722,714,723,10391.084203830545,36,47,10,70,77,2.6848037411032046,1.6848037411032046,1.632268951328157,0.632268951328157,0.8018783839427797,-0.19812161605722037,1.1372358023713705,0.13723580237137048,1.1573857341883438,0.1573857341883438,16.90299150001374,233.6015625,287.15234375,53.55078125,1.1272636370061955,0.2093378687148773
TS3,spine,2.0,1,3,10,186.80798549161113,0.09774160852500531,8008,16058,3150472.63330633,84287550.97597824,1911.243208605677,False,,3,93.40399274580557,42.852431682542075,177.90413601231722,714,723,10391.084203830545,36,47,10,80,87,2.7082878732993096,1.7082878732993092,1.6507278325469705,0.6507278325469705,0.8253625161388843,-0.1746374838611157,1.1556946835901845,0.15569468359018454,1.1383835381632,0.13838353816319998,16.90299150001374,233.6015625,287.15234375,53.55078125,1.119583656686624,0.47719067565204193
TS3,spine,2.0,0,4,10,186.80798549161113,0.09774160852500531,8008,16058,3150472.63330633,84287550.97597824,1911.243208605677,False,,3,93.40399274580557,42.852431682542075,177.90413601231722,714,723,10391.084203830545,36,47,10,70,77,2.5440778010712646,1.5440778010712646,1.5442211340532672,0.5442211340532672,0.6268207916237272,-0.3731792083762728,1.0452140573573065,0.04521405735730658,1.1903931262474363,0.19039312624743626,25.954275900003267,234.1640625,261.01953125,26.85546875,1.1272636370061955,0.2093378687148773
TS3,spine,2.0,1,4,10,186.80798549161113,0.09774160852500531,8008,16058,3150472.63330633,84287550.97597824,1911.243208605677,False,,3,93.40399274580557,42.852431682542075,177.90413601231722,714,723,10391.084203830545,36,47,10,80,87,2.567854854969581,1.5678548549695812,1.5628514857974158,0.5628514857974158,0.6505978455220435,-0.3494021544779565,1.0638444091014554,0.06384440910145532,1.1700966801524213,0.17009668015242127,25.954275900003267,234.1640625,261.01953125,26.85546875,1.119583656686624,0.47719067565204193
TS3,spine,2.0,0,5,10,186.80798549161113,0.09774160852500531,8008,16058,3150472.63330633,84287550.97597824,1911.243208605677,False,,3,93.40399274580557,42.852431682542075,177.90413601231722,714,723,10391.084203830545,36,47,10,70,77,2.2830421152769484,1.2830421152769482,1.5306713737805986,0.5306713737805987,0.9703347245366469,-0.02966527546335303,1.1230084811983903,0.12300848119839032,1.1035339102903365,0.10353391029033658,25.60275069999625,231.34375,276.15625,44.8125,1.1272636370061955,0.2093378687148773
TS3,spine,2.0,1,5,10,186.80798549161113,0.09774160852500531,8008,16058,3150472.63330633,84287550.97597824,1911.243208605677,False,,3,93.40399274580557,42.852431682542075,177.90413601231722,714,723,10391.084203830545,36,47,10,80,87,2.3067535150149725,1.3067535150149725,1.5492732711840984,0.5492732711840984,0.9940461242746712,-0.005953875725328795,1.1416103786018894,0.14161037860188952,1.0861943054712118,0.08619430547121182,25.60275069999625,231.34375,276.15625,44.8125,1.119583656686624,0.47719067565204193
TS3,spine,2.0,0,6,10,186.80798549161113,0.09774160852500531,8008,16058,3150472.63330633,84287550.97597824,1911.243208605677,False,,3,93.40399274580557,42.852431682542075,177.90413601231722,714,723,10391.084203830545,36,47,10,70,77,2.393443926691803,1.3934439266918026,1.5716117851275164,0.5716117851275164,0.8934381394741817,-0.10656186052581823,1.1405010206648967,0.14050102066489673,1.1035104266657854,0.10351042666578546,25.701703600003384,235.3203125,287.1171875,51.796875,1.1272636370061955,0.2093378687148773
TS3,spine,2.0,1,6,10,186.80798549161113,0.09774160852500531,8008,16058,3150472.63330633,84287550.97597824,1911.243208605677,False,,3,93.40399274580557,42.852431682542075,177.90413601231722,714,723,10391.084203830545,36,47,10,80,87,2.4171738451582727,1.4171738451582727,1.5902120219995037,0.5902120219995037,0.9171680579406519,-0.08283194205934809,1.1591012575368844,0.15910125753688434,1.086023801707743,0.08602380170774314,25.701703600003384,235.3203125,287.1171875,51.796875,1.119583656686624,0.47719067565204193
TS3,spine,2.0,0,7,10,186.80798549161113,0.09774160852500531,8008,16058,3150472.63330633,84287550.97597824,1911.243208605677,False,,3,93.40399274580557,42.852431682542075,177.90413601231722,714,723,10391.084203830545,36,47,10,70,77,2.522037797451443,1.5220377974514432,1.5500706477163162,0.5500706477163163,0.823275870908819,-0.17672412909118096,1.0861616667421594,0.08616166674215935,1.1835128030494435,0.18351280304944342,15.88830869999947,235.33203125,282.7265625,47.39453125,1.1272636370061955,0.2093378687148773
TS3,spine,2.0,1,7,10,186.80798549161113,0.09774160852500531,8008,16058,3150472.63330633,84287550.97597824,1911.243208605677,False,,3,93.40399274580557,42.852431682542075,177.90413601231722,714,723,10391.084203830545,36,47,10,80,87,2.545577703229391,1.5455777032293911,1.5685553970750858,0.5685553970750858,0.8468157766867666,-0.1531842233132334,1.104646416100929,0.10464641610092905,1.1637744778305699,0.16377447783056984,15.88830869999947,235.33203125,282.7265625,47.39453125,1.119583656686624,0.47719067565204193
TS3,spine,2.0,0,8,10,186.80798549161113,0.09774160852500531,8008,16058,3150472.63330633,84287550.97597824,1911.243208605677,False,,3,93.40399274580557,42.852431682542075,177.90413601231722,714,723,10391.084203830545,36,47,10,70,77,2.426769606811614,1.426769606811614,1.5196753939664087,0.5196753939664087,0.9630666249890191,-0.03693337501098091,1.0905301035578532,0.09053010355785317,1.1663799377437924,0.1663799377437924,25.001091599988285,234.45703125,287.03125,52.57421875,1.1272636370061955,0.2093378687148773
TS3,spine,2.0,1,8,10,186.80798549161113,0.09774160852500531,8008,16058,3150472.63330633,84287550.97597824,1911.243208605677,False,,3,93.40399274580557,42.852431682542075,177.90413601231722,714,723,10391.084203830545,36,47,10,80,87,2.4503806626308764,1.4503806626308766,1.5382171115332772,0.5382171115332771,0.9866776808082816,-0.013322319191718392,1.109071821124722,0.10907182112472193,1.1467934738569554,0.14679347385695543,25.001091599988285,234.45703125,287.03125,52.57421875,1.119583656686624,0.47719067565204193
TS3,spine,2.0,0,9,10,186.80798549161113,0.09774160852500531,8008,16058,3150472.63330633,84287550.97597824,1911.243208605677,False,,3,93.40399274580557,42.852431682542075,177.90413601231722,714,723,10391.084203830545,36,47,10,70,77,2.253324018459082,1.253324018459082,1.499357876972226,0.4993578769722259,1.0635662312881617,0.06356623128816179,1.1194253965553302,0.11942539655533024,1.1146531624246665,0.11465316242466647,25.84321269998327,235.32421875,267.87890625,32.5546875,1.1272636370061955,0.2093378687148773
TS3,spine,2.0,1,9,10,186.80798549161113,0.09774160852500531,8008,16058,3150472.63330633,84287550.97597824,1911.243208605677,False,,3,93.40399274580557,42.852431682542075,177.90413601231722,714,723,10391.084203830545,36,47,10,80,87,2.277037140446493,1.277037140446493,1.5179526839569726,0.5179526839569725,1.087279353275573,0.08727935327557292,1.1380202035400775,0.1380202035400774,1.0966750827008953,0.09667508270089524,25.84321269998327,235.32421875,267.87890625,32.5546875,1.119583656686624,0.47719067565204193
TS4,spine,1.0,0,0,10,106.17558930647016,0.037311176145292876,3333,6666,2215914.219802321,62868166.55277329,2845.6778980382023,True,1,1,106.17558930647016,41.758417064935294,197.07375769312816,319,319,6100.133297512871,13,13,1,58,58,1.8095040886153344,0.8095040886153343,1.2559197880262463,0.2559197880262462,1.332561463524708,0.33256146352470806,1.1026875738079542,0.1026875738079542,1.1984265590920054,0.19842655909200532,11.611801599996397,237.35546875,263.74609375,26.390625,1.4309285319780773,0.038754748637074725
TS4,spine,1.0,1,0,10,106.17558930647016,0.037311176145292876,3333,6666,2215914.219802321,62868166.55277329,2845.6778980382023,True,1,1,106.17558930647016,41.758417064935294,197.07375769312816,319,319,6100.133297512871,13,13,1,64,64,1.8185799041120392,0.8185799041120392,1.2658957957680237,0.2658957957680238,1.3416372790214128,0.34163727902141294,1.1126635815497317,0.11266358154973176,1.1850823379052662,0.18508233790526613,11.611801599996397,237.35546875,263.74609375,26.390625,1.7161800156829383,0.04648039621644741
TS4,spine,1.0,0,1,10,106.17558930647016,0.037311176145292876,3333,6666,2215914.219802321,62868166.55277329,2845.6778980382023,True,1,1,106.17558930647016,41.758417064935294,197.07375769312816,319,319,6100.133297512871,13,13,1,58,58,1.9370294497601457,0.9370294497601457,1.2857767342163147,0.2857767342163148,1.4619364814609104,0.4619364814609104,1.1331835572683264,0.1331835572683263,1.2289956488814788,0.22899564888147877,14.501641300012125,238.32421875,265.52734375,27.203125,1.4309285319780773,0.038754748637074725
TS4,spine,1.0,1,1,10,106.17558930647016,0.037311176145292876,3333,6666,2215914.219802321,62868166.55277329,2845.6778980382023,True,1,1,106.17558930647016,41.758417064935294,197.07375769312816,319,319,6100.133297512871,13,13,1,64,64,1.9460381466057355,0.9460381466057355,1.295693043555477,0.29569304355547704,1.4709451783065,0.47094517830649996,1.1430998666074885,0.14309986660748858,1.2152083386200834,0.2152083386200833,14.501641300012125,238.32421875,265.52734375,27.203125,1.7161800156829383,0.04648039621644741
TS4,spine,1.0,0,2,10,106.17558930647016,0.037311176145292876,3333,6666,2215914.219802321,62868166.55277329,2845.6778980382023,True,1,1,106.17558930647016,41.758417064935294,197.07375769312816,319,319,6100.133297512871,13,13,1,58,58,1.963238541491126,0.9632385414911261,1.288104819791992,0.28810481979199204,1.556469545008218,0.5564695450082179,1.1486296360587829,0.14862963605878288,1.2375518507802874,0.23755185078028732,13.941415899986168,233.53125,268.71875,35.1875,1.4309285319780773,0.038754748637074725
TS4,spine,1.0,1,2,10,106.17558930647016,0.037311176145292876,3333,6666,2215914.219802321,62868166.55277329,2845.6778980382023,True,1,1,106.17558930647016,41.758417064935294,197.07375769312816,319,319,6100.133297512871,13,13,1,64,64,1.9722176025186653,0.9722176025186653,1.298009132885282,0.2980091328852821,1.565448606035757,0.5654486060357571,1.158533949152073,0.1585339491520729,1.2235151712572405,0.22351517125724046,13.941415899986168,233.53125,268.71875,35.1875,1.7161800156829383,0.04648039621644741
TS4,spine,1.0,0,3,10,106.17558930647016,0.037311176145292876,3333,6666,2215914.219802321,62868166.55277329,2845.6778980382023,True,1,1,106.17558930647016,41.758417064935294,197.07375769312816,319,319,6100.133297512871,13,13,1,58,58,1.903849035125964,0.9038490351259642,1.2966830872988158,0.29668308729881576,1.4445097601248362,0.4445097601248362,1.1473786600208649,0.14737866002086497,1.1931812895359633,0.19318128953596334,13.449065799999516,233.53125,260.72265625,27.19140625,1.4309285319780773,0.038754748637074725
TS4,spine,1.0,1,3,10,106.17558930647016,0.037311176145292876,3333,6666,2215914.219802321,62868166.55277329,2845.6778980382023,True,1,1,106.17558930647016,41.758417064935294,197.07375769312816,319,319,6100.133297512871,13,13,1,64,64,1.9129006963255644,0.9129006963255643,1.306630088647218,0.306630088647218,1.4535614213244363,0.45356142132443633,1.1573256613692673,0.15732566136926723,1.1800411151043657,0.18004111510436568,13.449065799999516,233.53125,260.72265625,27.19140625,1.7161800156829383,0.04648039621644741
TS4,spine,1.0,0,4,10,106.17558930647016,0.037311176145292876,3333,6666,2215914.219802321,62868166.55277329,2845.6778980382023,True,1,1,106.17558930647016,41.758417064935294,197.07375769312816,319,319,6100.133297512871,13,13,1,58,58,1.9452922247149909,0.9452922247149907,1.2951302175557868,0.2951302175557868,1.4687671542546246,0.46876715425462445,1.144962337676667,0.14496233767666702,1.2177087418216173,0.21770874182161726,13.381389899994247,238.6640625,253.6015625,14.9375,1.4309285319780773,0.038754748637074725
TS4,spine,1.0,1,4,10,106.17558930647016,0.037311176145292876,3333,6666,2215914.219802321,62868166.55277329,2845.6778980382023,True,1,1,106.17558930647016,41.758417064935294,197.07375769312816,319,319,6100.133297512871,13,13,1,64,64,1.9543710648782133,0.9543710648782134,1.3050932191685811,0.3050932191685811,1.477845994417847,0.4778459944178471,1.1549253392894614,0.15492533928946137,1.2040500916772858,0.2040500916772859,13.381389899994247,238.6640625,253.6015625,14.9375,1.7161800156829383,0.04648039621644741
TS4,spine,1.0,0,5,10,106.17558930647016,0.037311176145292876,3333,6666,2215914.219802321,62868166.55277329,2845.6778980382023,True,1,1,106.17558930647016,41.758417064935294,197.07375769312816,319,319,6100.133297512871,13,13,1,58,58,2.0303977018814696,1.0303977018814696,1.3089835640675849,0.30898356406758487,1.5475225024712942,0.5475225024712941,1.1547882761187052,0.15478827611870524,1.246090751901826,0.24609075190182597,13.28573529998539,234.71875,259.78125,25.0625,1.4309285319780773,0.038754748637074725
TS4,spine,1.0,1,5,10,106.17558930647016,0.037311176145292876,3333,6666,2215914.219802321,62868166.55277329,2845.6778980382023,True,1,1,106.17558930647016,41.758417064935294,197.07375769312816,319,319,6100.133297512871,13,13,1,64,64,2.0393883280138136,1.0393883280138136,1.3188874669121822,0.31888746691218206,1.556513128603638,0.5565131286036381,1.1646921789633025,0.1646921789633024,1.2320118082479594,0.23201180824795942,13.28573529998539,234.71875,259.78125,25.0625,1.7161800156829383,0.04648039621644741
TS4,spine,1.0,0,6,10,106.17558930647016,0.037311176145292876,3333,6666,2215914.219802321,62868166.55277329,2845.6778980382023,True,1,1,106.17558930647016,41.758417064935294,197.07375769312816,319,319,6100.133297512871,13,13,1,58,58,2.0138127997066837,1.0138127997066837,1.3112352206199445,0.3112352206199444,1.5290354454509174,0.5290354454509173,1.1565932052995407,0.15659320529954077,1.2341246822022118,0.23412468220221191,13.194690300006187,234.83984375,270.39453125,35.5546875,1.4309285319780773,0.038754748637074725
TS4,spine,1.0,1,6,10,106.17558930647016,0.037311176145292876,3333,6666,2215914.219802321,62868166.55277329,2845.6778980382023,True,1,1,106.17558930647016,41.758417064935294,197.07375769312816,319,319,6100.133297512871,13,13,1,64,64,2.0228341182742176,1.0228341182742173,1.3211648630087107,0.3211648630087107,1.5380567640184513,0.5380567640184512,1.1665228476883072,0.1665228476883071,1.2202635001198112,0.22026350011981125,13.194690300006187,234.83984375,270.39453125,35.5546875,1.7161800156829383,0.04648039621644741
TS4,spine,1.0,0,7,10,106.17558930647016,0.037311176145292876,3333,6666,2215914.219802321,62868166.55277329,2845.6778980382023,True,1,1,106.17558930647016,41.758417064935294,197.07375769312816,319,319,6100.133297512871,13,13,1,58,58,1.9488850014894017,0.9488850014894018,1.2800077268511776,0.2800077268511775,1.5044052517731195,0.5044052517731195,1.136497231354549,0.13649723135454891,1.241007271109741,0.24100727110974104,13.241927600000054,234.796875,263.8515625,29.0546875,1.4309285319780773,0.038754748637074725
TS4,spine,1.0,1,7,10,106.17558930647016,0.037311176145292876,3333,6666,2215914.219802321,62868166.55277329,2845.6778980382023,True,1,1,106.17558930647016,41.758417064935294,197.07375769312816,319,319,6100.133297512871,13,13,1,64,64,1.957966527485746,0.9579665274857461,1.2899805219142964,0.2899805219142964,1.5134867777694638,0.5134867777694638,1.146470026417668,0.14647002641766785,1.2267938388352846,0.22679383883528467,13.241927600000054,234.796875,263.8515625,29.0546875,1.7161800156829383,0.04648039621644741
TS4,spine,1.0,0,8,10,106.17558930647016,0.037311176145292876,3333,6666,2215914.219802321,62868166.55277329,2845.6778980382023,True,1,1,106.17558930647016,41.758417064935294,197.07375769312816,319,319,6100.133297512871,13,13,1,58,58,1.9421169203967898,0.9421169203967898,1.2744608419455243,0.2744608419455244,1.5293020638103478,0.5293020638103478,1.1348922547304237,0.1348922547304236,1.2453425611600601,0.24534256116006017,13.344632200023625,235.22265625,252.72265625,17.5,1.4309285319780773,0.038754748637074725
TS4,spine,1.0,1,8,10,106.17558930647016,0.037311176145292876,3333,6666,2215914.219802321,62868166.55277329,2845.6778980382023,True,1,1,106.17558930647016,41.758417064935294,197.07375769312816,319,319,6100.133297512871,13,13,1,64,64,1.95119426310627,0.95119426310627,1.2844329398201815,0.28443293982018153,1.538379406519828,0.5383794065198279,1.1448643526050808,0.1448643526050807,1.2310146857903077,0.23101468579030768,13.344632200023625,235.22265625,252.72265625,17.5,1.7161800156829383,0.04648039621644741
TS4,spine,1.0,0,9,10,106.17558930647016,0.037311176145292876,3333,6666,2215914.219802321,62868166.55277329,2845.6778980382023,True,1,1,106.17558930647016,41.758417064935294,197.07375769312816,319,319,6100.133297512871,13,13,1,58,58,1.7334541084266126,0.7334541084266127,1.244149037915989,0.2441490379159889,1.2336079673995628,0.2336079673995628,1.0858119859868618,0.08581198598686185,1.172361698034352,0.17236169803435206,10.356657099997392,235.16796875,263.90625,28.73828125,1.4309285319780773,0.038754748637074725
TS4,spine,1.0,1,9,10,106.17558930647016,0.037311176145292876,3333,6666,2215914.219802321,62868166.55277329,2845.6778980382023,True,1,1,106.17558930647016,41.758417064935294,197.07375769312816,319,319,6100.133297512871,13,13,1,64,64,1.742512205945304,0.742512205945304,1.2541180686887012,0.2541180686887011,1.242666064918254,0.24266606491825404,1.095781016759574,0.09578101675957411,1.1596161731475023,0.15961617314750237,10.356657099997392,235.16796875,263.90625,28.73828125,1.7161800156829383,0.04648039621644741
TS4,spine,2.0,0,0,10,212.35117861294032,0.07462235229058575,3333,6666,2215914.219802321,62868166.55277329,2845.6778980382023,True,1,1,106.17558930647016,41.758417064935294,197.07375769312816,319,319,6100.133297512871,13,13,1,34,34,1.9625070305546584,0.9625070305546584,1.2862544475617874,0.2862544475617875,1.407836666128025,0.407836666128025,1.1080598540714504,0.10805985407145033,1.2263341781305308,0.22633417813053083,7.055061599996407,236.15234375,240.0703125,3.91796875,1.4309285319780773,0.038754748637074725
TS4,spine,2.0,1,0,10,212.35117861294032,0.07462235229058575,3333,6666,2215914.219802321,62868166.55277329,2845.6778980382023,True,1,1,106.17558930647016,41.758417064935294,197.07375769312816,319,319,6100.133297512871,13,13,1,41,41,1.973758410424074,0.9737584104240739,1.2981700937097174,0.29817009370971737,1.4190880459974404,0.41908804599744054,1.1199755002193803,0.1199755002193802,1.2094585532825994,0.20945855328259952,7.055061599996407,236.15234375,240.0703125,3.91796875,1.7161800156829383,0.04648039621644741
TS4,spine,2.0,0,1,10,212.35117861294032,0.07462235229058575,3333,6666,2215914.219802321,62868166.55277329,2845.6778980382023,True,1,1,106.17558930647016,41.758417064935294,197.07375769312816,319,319,6100.133297512871,13,13,1,34,34,2.0436267027808426,1.0436267027808424,1.2993945265851614,0.29939452658516136,1.560385252729922,0.5603852527299219,1.1337289994980038,0.1337289994980037,1.251748364324756,0.2517483643247559,6.99490279998281,240.05078125,247.80859375,7.7578125,1.4309285319780773,0.038754748637074725
TS4,spine,2.0,1,1,10,212.35117861294032,0.07462235229058575,3333,6666,2215914.219802321,62868166.55277329,2845.6778980382023,True,1,1,106.17558930647016,41.758417064935294,197.07375769312816,319,319,6100.133297512871,13,13,1,41,41,2.054869591766289,1.0548695917662887,1.3113006963258833,0.3113006963258833,1.5716281417153684,0.5716281417153682,1.1456351692387257,0.14563516923872571,1.2343436194374218,0.23434361943742174,6.99490279998281,240.05078125,247.80859375,7.7578125,1.7161800156829383,0.04648039621644741
TS4,spine,2.0,0,2,10,212.35117861294032,0.07462235229058575,3333,6666,2215914.219802321,62868166.55277329,2845.6778980382023,True,1,1,106.17558930647016,41.758417064935294,197.07375769312816,319,319,6100.133297512871,13,13,1,34,34,2.0347344564054004,1.0347344564054002,1.2961860496040138,0.29618604960401385,1.5526680819699537,0.5526680819699537,1.131194689994659,0.13119468999465894,1.2527342905943135,0.2527342905943136,6.998864699999103,239.3359375,240.796875,1.4609375,1.4309285319780773,0.038754748637074725
TS4,spine,2.0,1,2,10,212.35117861294032,0.07462235229058575,3333,6666,2215914.219802321,62868166.55277329,2845.6778980382023,True,1,1,106.17558930647016,41.758417064935294,197.07375769312816,319,319,6100.133297512871,13,13,1,41,41,2.04601996097538,1.04601996097538,1.3081248392817386,0.3081248392817386,1.5639535865399334,0.5639535865399333,1.1431334796723838,0.14313347967238368,1.2352911148156065,0.23529111481560644,6.998864699999103,239.3359375,240.796875,1.4609375,1.7161800156829383,0.04648039621644741
TS4,spine,2.0,0,3,10,212.35117861294032,0.07462235229058575,3333,6666,2215914.219802321,62868166.55277329,2845.6778980382023,True,1,1,106.17558930647016,41.758417064935294,197.07375769312816,319,319,6100.133297512871,13,13,1,34,34,1.937564235664933,0.9375642356649329,1.2821440066755694,0.2821440066755693,1.3762005647928037,0.3762005647928038,1.1028610945001898,0.1028610945001897,1.2193814092023887,0.21938140920238866,5.999292599997716,240.00390625,258.66796875,18.6640625,1.4309285319780773,0.038754748637074725
TS4,spine,2.0,1,3,10,212.35117861294032,0.07462235229058575,3333,6666,2215914.219802321,62868166.55277329,2845.6778980382023,True,1,1,106.17558930647016,41.758417064935294,197.07375769312816,319,319,6100.133297512871,13,13,1,41,41,1.9486682226649101,0.9486682226649101,1.2939601686608255,0.2939601686608255,1.3873045517927811,0.38730455179278106,1.114677256485446,0.11467725648544587,1.2027926997593783,0.20279269975937833,5.999292599997716,240.00390625,258.66796875,18.6640625,1.7161800156829383,0.04648039621644741
TS4,spine,2.0,0,4,10,212.35117861294032,0.07462235229058575,3333,6666,2215914.219802321,62868166.55277329,2845.6778980382023,True,1,1,106.17558930647016,41.758417064935294,197.07375769312816,319,319,6100.133297512871,13,13,1,34,34,1.843652259094871,0.843652259094871,1.2507853270320484,0.2507853270320484,1.327419248487007,0.32741924848700715,1.0774963273971283,0.07749632739712829,1.212149877697706,0.21214987769770607,4.822997599985683,240.6953125,258.5,17.8046875,1.4309285319780773,0.038754748637074725
TS4,spine,2.0,1,4,10,212.35117861294032,0.07462235229058575,3333,6666,2215914.219802321,62868166.55277329,2845.6778980382023,True,1,1,106.17558930647016,41.758417064935294,197.07375769312816,319,319,6100.133297512871,13,13,1,41,41,1.8545295701299542,0.8545295701299543,1.2624179690742474,0.2624179690742475,1.3382965595220904,0.3382965595220904,1.0891289694393274,0.08912896943932737,1.19580108824992,0.19580108824991982,4.822997599985683,240.6953125,258.5,17.8046875,1.7161800156829383,0.04648039621644741
TS4,spine,2.0,0,5,10,212.35117861294032,0.07462235229058575,3333,6666,2215914.219802321,62868166.55277329,2845.6778980382023,True,1,1,106.17558930647016,41.758417064935294,197.07375769312816,319,319,6100.133297512871,13,13,1,34,34,2.047861664387548,1.0478616643875478,1.2999187774492582,0.29991877744925816,1.5658415183877574,0.5658415183877574,1.1348014268888884,0.13480142688888844,1.2540655013593514,0.25406550135935135,7.101637400017353,235.7109375,240.28125,4.5703125,1.4309285319780773,0.038754748637074725
TS4,spine,2.0,1,5,10,212.35117861294032,0.07462235229058575,3333,6666,2215914.219802321,62868166.55277329,2845.6778980382023,True,1,1,106.17558930647016,41.758417064935294,197.07375769312816,319,319,6100.133297512871,13,13,1,41,41,2.0591001005169565,1.0591001005169567,1.3118313302214237,0.3118313302214238,1.5770799545171663,0.5770799545171663,1.1467139796610542,0.14671397966105407,1.2366228440564584,0.2366228440564583,7.101637400017353,235.7109375,240.28125,4.5703125,1.7161800156829383,0.04648039621644741
TS4,spine,2.0,0,6,10,212.35117861294032,0.07462235229058575,3333,6666,2215914.219802321,62868166.55277329,2845.6778980382023,True,1,1,106.17558930647016,41.758417064935294,197.07375769312816,319,319,6100.133297512871,13,13,1,34,34,2.077145700477939,1.077145700477939,1.3125488524925466,0.3125488524925466,1.5956575855290114,0.5956575855290115,1.147193519546417,0.14719351954641688,1.25021619833169,0.2502161983316899,6.992574900010368,240.26171875,247.7734375,7.51171875,1.4309285319780773,0.038754748637074725
TS4,spine,2.0,1,6,10,212.35117861294032,0.07462235229058575,3333,6666,2215914.219802321,62868166.55277329,2845.6778980382023,True,1,1,106.17558930647016,41.758417064935294,197.07375769312816,319,319,6100.133297512871,13,13,1,41,41,2.0883988953649104,1.0883988953649102,1.3244713005579236,0.32447130055792356,1.6069107804159828,0.6069107804159828,1.159115967611794,0.15911596761179386,1.232873261412686,0.2328732614126861,6.992574900010368,240.26171875,247.7734375,7.51171875,1.7161800156829383,0.04648039621644741
TS4,spine,2.0,0,7,10,212.35117861294032,0.07462235229058575,3333,6666,2215914.219802321,62868166.55277329,2845.6778980382023,True,1,1,106.17558930647016,41.758417064935294,197.07375769312816,319,319,6100.133297512871,13,13,1,34,34,2.046411690845185,1.0464116908451853,1.3024729850007337,0.30247298500073383,1.5669891265952924,0.5669891265952924,1.137867210537981,0.13786721053798093,1.2497929114288662,0.24979291142886628,6.99518219998572,239.75,248.265625,8.515625,1.4309285319780773,0.038754748637074725
TS4,spine,2.0,1,7,10,212.35117861294032,0.07462235229058575,3333,6666,2215914.219802321,62868166.55277329,2845.6778980382023,True,1,1,106.17558930647016,41.758417064935294,197.07375769312816,319,319,6100.133297512871,13,13,1,41,41,2.0575577036895676,1.0575577036895676,1.314317636301069,0.31431763630106885,1.5781351394396748,0.5781351394396747,1.149711861838316,0.14971186183831597,1.2325563386717027,0.2325563386717026,6.99518219998572,239.75,248.265625,8.515625,1.7161800156829383,0.04648039621644741
TS4,spine,2.0,0,8,10,212.35117861294032,0.07462235229058575,3333,6666,2215914.219802321,62868166.55277329,2845.6778980382023,True,1,1,106.17558930647016,41.758417064935294,197.07375769312816,319,319,6100.133297512871,13,13,1,34,34,1.9213827209399184,0.9213827209399182,1.2747787787008427,0.27477877870084266,1.3786857295085104,0.3786857295085103,1.0985872388392932,0.09858723883929327,1.2203275504342428,0.22032755043424285,6.337706199992681,240.9296875,242.9453125,2.015625,1.4309285319780773,0.038754748637074725
TS4,spine,2.0,1,8,10,212.35117861294032,0.07462235229058575,3333,6666,2215914.219802321,62868166.55277329,2845.6778980382023,True,1,1,106.17558930647016,41.758417064935294,197.07375769312816,319,319,6100.133297512871,13,13,1,41,41,1.9326516429896017,0.9326516429896017,1.2867101366465272,0.2867101366465273,1.3899546515581938,0.3899546515581938,1.1105185967849778,0.11051859678497787,1.2035249005140942,0.2035249005140942,6.337706199992681,240.9296875,242.9453125,2.015625,1.7161800156829383,0.04648039621644741
TS4,spine,2.0,0,9,10,212.35117861294032,0.07462235229058575,3333,6666,2215914.219802321,62868166.55277329,2845.6778980382023,True,1,1,106.17558930647016,41.758417064935294,197.07375769312816,319,319,6100.133297512871,13,13,1,34,34,2.0473412731601277,1.0473412731601277,1.299924954613505,0.2999249546135051,1.5702993872498352,0.5702993872498352,1.1357002901206044,0.13570029012060436,1.253308008308154,0.25330800830815414,7.065732400020352,240.60546875,243.28515625,2.6796875,1.4309285319780773,0.038754748637074725
TS4,spine,2.0,1,9,10,212.35117861294032,0.07462235229058575,3333,6666,2215914.219802321,62868166.55277329,2845.6778980382023,True,1,1,106.17558930647016,41.758417064935294,197.07375769312816,319,319,6100.133297512871,13,13,1,41,41,2.058565613477029,1.0585656134770292,1.311819449758429,0.31181944975842896,1.5815237275667366,0.5815237275667366,1.1475947852655282,0.14759478526552824,1.2358940077664406,0.23589400776644057,7.065732400020352,240.60546875,243.28515625,2.6796875,1.7161800156829383,0.04648039621644741
TS21,spine,1.0,0,0,10,66.62062516563648,0.07650959166645895,2017,4040,477408.79144877417,7358716.042037744,870.7486697362981,False,,3,66.62062516563648,26.687468526489276,97.88160653127716,251,251,1798.3802200257046,11,11,1,34,34,1.8169413494704494,0.8169413494704494,1.2524603795008025,0.2524603795008025,1.346318982169953,0.34631898216995316,1.0628682994645915,0.06286829946459155,1.2231515404854167,0.2231515404854168,5.970793699991191,240.6015625,241.859375,1.2578125,2.4334501490833116,-0.05323162528980232
TS21,spine,1.0,1,0,10,66.62062516563648,0.07650959166645895,2017,4040,477408.79144877417,7358716.042037744,870.7486697362981,False,,3,66.62062516563648,26.687468526489276,97.88160653127716,251,251,1798.3802200257046,11,11,1,41,41,1.8470660480286125,0.8470660480286125,1.2786417367861922,0.2786417367861921,1.3764436807281162,0.3764436807281163,1.0890496567499812,0.08904965674998122,1.1927116449479602,0.19271164494796014,5.970793699991191,240.6015625,241.859375,1.2578125,3.0745377898805923,-0.06725539195117873
TS21,spine,1.0,0,1,10,66.62062516563648,0.07650959166645895,2017,4040,477408.79144877417,7358716.042037744,870.7486697362981,False,,3,66.62062516563648,26.687468526489276,97.88160653127716,251,251,1798.3802200257046,11,11,1,34,34,1.7479771687703887,0.7479771687703886,1.223107557591022,0.22310755759102197,1.241572938366476,0.24157293836647592,1.0254562932263067,0.02545629322630669,1.2280209680051548,0.22802096800515492,5.986430599994492,238.53125,239.9609375,1.4296875,2.4334501490833116,-0.05323162528980232
TS21,spine,1.0,1,1,10,66.62062516563648,0.07650959166645895,2017,4040,477408.79144877417,7358716.042037744,870.7486697362981,False,,3,66.62062516563648,26.687468526489276,97.88160653127716,251,251,1798.3802200257046,11,11,1,41,41,1.777799535747946,0.7777995357479459,1.2491350100113017,0.24913501001130173,1.2713953053440332,0.2713953053440332,1.0514837456465869,0.051483745646586934,1.1978362581997264,0.1978362581997265,5.986430599994492,238.53125,239.9609375,1.4296875,3.0745377898805923,-0.06725539195117873
TS21,spine,1.0,0,2,10,66.62062516563648,0.07650959166645895,2017,4040,477408.79144877417,7358716.042037744,870.7486697362981,False,,3,66.62062516563648,26.687468526489276,97.88160653127716,251,251,1798.3802200257046,11,11,1,34,34,1.7823747200506719,0.7823747200506719,1.2352575741686485,0.23525757416864856,1.2652330993202117,0.2652330993202116,1.0328511533111286,0.03285115331112856,1.231552698385685,0.2315526983856851,4.601013499981491,238.80859375,243.70703125,4.8984375,2.4334501490833116,-0.05323162528980232
TS21,spine,1.0,1,2,10,66.62062516563648,0.07650959166645895,2017,4040,477408.79144877417,7358716.042037744,870.7486697362981,False,,3,66.62062516563648,26.687468526489276,97.88160653127716,251,251,1798.3802200257046,11,11,1,41,41,1.812125017978696,0.8121250179786962,1.2612308520163906,0.26123085201639057,1.2949833972482359,0.29498339724823586,1.058824431158871,0.05882443115887108,1.2012445222558923,0.2012445222558922,4.601013499981491,238.80859375,243.70703125,4.8984375,3.0745377898805923,-0.06725539195117873
TS21,spine,1.0,0,3,10,66.62062516563648,0.07650959166645895,2017,4040,477408.79144877417,7358716.042037744,870.7486697362981,False,,3,66.62062516563648,26.687468526489276,97.88160653127716,251,251,1798.3802200257046,11,11,1,34,34,1.749466946401241,0.7494669464012409,1.2251114326270045,0.22511143262700453,1.2497675292001509,0.249767529200151,1.0290098610106506,0.02900986101065063,1.2272219811510272,0.22722198115102724,6.081977499998175,243.68359375,243.68359375,0.0,2.4334501490833116,-0.05323162528980232
TS21,spine,1.0,1,3,10,66.62062516563648,0.07650959166645895,2017,4040,477408.79144877417,7358716.042037744,870.7486697362981,False,,3,66.62062516563648,26.687468526489276,97.88160653127716,251,251,1798.3802200257046,11,11,1,41,41,1.7795580200325545,0.7795580200325545,1.2512483050455874,0.2512483050455875,1.2798586028314645,0.2798586028314644,1.0551467334292333,0.055146733429233194,1.1972056789241616,0.19720567892416155,6.081977499998175,243.68359375,243.68359375,0.0,3.0745377898805923,-0.06725539195117873
TS21,spine,1.0,0,4,10,66.62062516563648,0.07650959166645895,2017,4040,477408.79144877417,7358716.042037744,870.7486697362981,False,,3,66.62062516563648,26.687468526489276,97.88160653127716,251,251,1798.3802200257046,11,11,1,34,34,1.7689749732105386,0.7689749732105385,1.2208233979471783,0.22082339794717834,1.2862094390640861,0.2862094390640862,1.0280096993020282,0.028009699302028273,1.238539384773652,0.23853938477365205,6.114974299998721,242.3671875,242.37890625,0.01171875,2.4334501490833116,-0.05323162528980232
TS21,spine,1.0,1,4,10,66.62062516563648,0.07650959166645895,2017,4040,477408.79144877417,7358716.042037744,870.7486697362981,False,,3,66.62062516563648,26.687468526489276,97.88160653127716,251,251,1798.3802200257046,11,11,1,41,41,1.799089699916216,0.7990896999162159,1.246940112051501,0.2469401120515008,1.3163241657697635,0.3163241657697636,1.054126413406351,0.0541264134063511,1.2070889684417359,0.20708896844173594,6.114974299998721,242.3671875,242.37890625,0.01171875,3.0745377898805923,-0.06725539195117873
TS21,spine,1.0,0,5,10,66.62062516563648,0.07650959166645895,2017,4040,477408.79144877417,7358716.042037744,870.7486697362981,False,,3,66.62062516563648,26.687468526489276,97.88160653127716,251,251,1798.3802200257046,11,11,1,34,34,1.7025584956077762,0.7025584956077761,1.2088366779398065,0.20883667793980648,1.2668532305633233,0.2668532305633234,1.028567907568354,0.028567907568353968,1.2198215633537577,0.2198215633537578,6.297181799978716,242.16796875,242.58203125,0.4140625,2.4334501490833116,-0.05323162528980232
TS21,spine,1.0,1,5,10,66.62062516563648,0.07650959166645895,2017,4040,477408.79144877417,7358716.042037744,870.7486697362981,False,,3,66.62062516563648,26.687468526489276,97.88160653127716,251,251,1798.3802200257046,11,11,1,41,41,1.732974102155124,0.7329741021551238,1.2350737131001353,0.23507371310013533,1.297268837110671,0.29726883711067115,1.0548049427286825,0.0548049427286826,1.1900039672453973,0.19000396724539734,6.297181799978716,242.16796875,242.58203125,0.4140625,3.0745377898805923,-0.06725539195117873
TS21,spine,1.0,0,6,10,66.62062516563648,0.07650959166645895,2017,4040,477408.79144877417,7358716.042037744,870.7486697362981,False,,3,66.62062516563648,26.687468526489276,97.88160653127716,251,251,1798.3802200257046,11,11,1,34,34,1.8227366025594567,0.8227366025594566,1.2601395633737378,0.2601395633737377,1.3388374011639737,0.33883740116397365,1.0674685366592476,0.06746853665924755,1.216288177323597,0.21628817732359698,6.246408200007863,242.5625,242.94140625,0.37890625,2.4334501490833116,-0.05323162528980232
TS21,spine,1.0,1,6,10,66.62062516563648,0.07650959166645895,2017,4040,477408.79144877417,7358716.042037744,870.7486697362981,False,,3,66.62062516563648,26.687468526489276,97.88160653127716,251,251,1798.3802200257046,11,11,1,41,41,1.852876006581962,0.852876006581962,1.2863390392287353,0.2863390392287352,1.3689768051864792,0.36897680518647913,1.0936680125142455,0.09366801251424554,1.186252226139999,0.18625222613999898,6.246408200007863,242.5625,242.94140625,0.37890625,3.0745377898805923,-0.06725539195117873
TS21,spine,1.0,0,7,10,66.62062516563648,0.07650959166645895,2017,4040,477408.79144877417,7358716.042037744,870.7486697362981,False,,3,66.62062516563648,26.687468526489276,97.88160653127716,251,251,1798.3802200257046,11,11,1,34,34,1.7760475381320595,0.7760475381320595,1.2230348950463565,0.2230348950463566,1.3346094063059173,0.3346094063059173,1.041571834986065,0.04157183498606488,1.2382979230064508,0.2382979230064508,6.271530800004257,238.38671875,240.44140625,2.0546875,2.4334501490833116,-0.05323162528980232
TS21,spine,1.0,1,7,10,66.62062516563648,0.07650959166645895,2017,4040,477408.79144877417,7358716.042037744,870.7486697362981,False,,3,66.62062516563648,26.687468526489276,97.88160653127716,251,251,1798.3802200257046,11,11,1,41,41,1.8060067437153713,0.8060067437153713,1.2490716334109129,0.2490716334109128,1.3645686118892293,0.36456861188922934,1.0676085733506215,0.06760857335062144,1.2067764675456945,0.20677646754569445,6.271530800004257,238.38671875,240.44140625,2.0546875,3.0745377898805923,-0.06725539195117873
TS21,spine,1.0,0,8,10,66.62062516563648,0.07650959166645895,2017,4040,477408.79144877417,7358716.042037744,870.7486697362981,False,,3,66.62062516563648,26.687468526489276,97.88160653127716,251,251,1798.3802200257046,11,11,1,34,34,1.7841772655029657,0.7841772655029658,1.2243411328159715,0.22434113281597148,1.3121003291798745,0.31210032917987457,1.0354690824521293,0.03546908245212942,1.2429078903031863,0.2429078903031863,6.348360899981344,238.41015625,246.69140625,8.28125,2.4334501490833116,-0.05323162528980232
TS21,spine,1.0,1,8,10,66.62062516563648,0.07650959166645895,2017,4040,477408.79144877417,7358716.042037744,870.7486697362981,False,,3,66.62062516563648,26.687468526489276,97.88160653127716,251,251,1798.3802200257046,11,11,1,41,41,1.8142776333641217,0.8142776333641216,1.2505247393682701,0.25052473936827,1.3422006970410305,0.34220069704103045,1.0616526890044287,0.06165268900442871,1.211112453720694,0.2111124537206941,6.348360899981344,238.41015625,246.69140625,8.28125,3.0745377898805923,-0.06725539195117873
TS21,spine,1.0,0,9,10,66.62062516563648,0.07650959166645895,2017,4040,477408.79144877417,7358716.042037744,870.7486697362981,False,,3,66.62062516563648,26.687468526489276,97.88160653127716,251,251,1798.3802200257046,11,11,1,34,34,1.734380622227222,0.7343806222272221,1.2287112249921572,0.22871122499215715,1.2727605240204092,0.2727605240204091,1.041620385984591,0.04162038598459102,1.2108533516339417,0.2108533516339416,6.372502099984558,242.9296875,242.9296875,0.0,2.4334501490833116,-0.05323162528980232
TS21,spine,1.0,1,9,10,66.62062516563648,0.07650959166645895,2017,4040,477408.79144877417,7358716.042037744,870.7486697362981,False,,3,66.62062516563648,26.687468526489276,97.88160653127716,251,251,1798.3802200257046,11,11,1,41,41,1.764297352104039,0.7642973521040389,1.254773608517387,0.2547736085173871,1.302677253897226,0.302677253897226,1.0676827695098212,0.06768276950982124,1.1815597633026211,0.1815597633026211,6.372502099984558,242.9296875,242.9296875,0.0,3.0745377898805923,-0.06725539195117873
TS21,spine,2.0,0,0,10,133.24125033127297,0.1530191833329179,2017,4040,477408.79144877417,7358716.042037744,870.7486697362981,False,,3,66.62062516563648,26.687468526489276,97.88160653127716,251,251,1798.3802200257046,11,11,1,21,21,2.019305020790269,1.0193050207902692,1.2429027334699958,0.24290273346999589,1.3660171165548118,0.3660171165548118,1.0098142175087506,0.009814217508750627,1.3543658863696613,0.3543658863696613,3.376678200002061,238.76953125,243.24609375,4.4765625,2.4334501490833116,-0.05323162528980232
TS21,spine,2.0,1,0,10,133.24125033127297,0.1530191833329179,2017,4040,477408.79144877417,7358716.042037744,870.7486697362981,False,,3,66.62062516563648,26.687468526489276,97.88160653127716,251,251,1798.3802200257046,11,11,1,28,28,2.050551632481725,1.050551632481725,1.269712628058927,0.26971262805892715,1.3972637282462674,0.3972637282462674,1.036624112097682,0.03662411209768201,1.3157353361368265,0.31573533613682636,3.376678200002061,238.76953125,243.24609375,4.4765625,3.0745377898805923,-0.06725539195117873
TS21,spine,2.0,0,1,10,133.24125033127297,0.1530191833329179,2017,4040,477408.79144877417,7358716.042037744,870.7486697362981,False,,3,66.62062516563648,26.687468526489276,97.88160653127716,251,251,1798.3802200257046,11,11,1,21,21,1.9538897008261797,0.9538897008261797,1.2247280393169029,0.22472803931690286,1.3050437542931903,0.3050437542931903,0.9923458775374732,-0.007654122462526805,1.3504249738325136,0.35042497383251353,2.7137743000057526,243.2265625,243.296875,0.0703125,2.4334501490833116,-0.05323162528980232
TS21,spine,2.0,1,1,10,133.24125033127297,0.1530191833329179,2017,4040,477408.79144877417,7358716.042037744,870.7486697362981,False,,3,66.62062516563648,26.687468526489276,97.88160653127716,251,251,1798.3802200257046,11,11,1,28,28,1.9851415528506324,0.9851415528506325,1.2515390056072055,0.2515390056072055,1.3362956063176434,0.3362956063176434,1.0191568438277758,0.019156843827775823,1.3124741189556965,0.3124741189556965,2.7137743000057526,243.2265625,243.296875,0.0703125,3.0745377898805923,-0.06725539195117873
TS21,spine,2.0,0,2,10,133.24125033127297,0.1530191833329179,2017,4040,477408.79144877417,7358716.042037744,870.7486697362981,False,,3,66.62062516563648,26.687468526489276,97.88160653127716,251,251,1798.3802200257046,11,11,1,21,21,1.9950775700456471,0.9950775700456471,1.2348375046122666,0.23483750461226655,1.3530705125090894,0.3530705125090894,1.0042122475197368,0.004212247519736786,1.3537001031818043,0.3537001031818044,3.397615900001256,243.27734375,243.30078125,0.0234375,2.4334501490833116,-0.05323162528980232
TS21,spine,2.0,1,2,10,133.24125033127297,0.1530191833329179,2017,4040,477408.79144877417,7358716.042037744,870.7486697362981,False,,3,66.62062516563648,26.687468526489276,97.88160653127716,251,251,1798.3802200257046,11,11,1,28,28,2.0259443240050774,1.0259443240050776,1.2614934866781344,0.2614934866781343,1.3839372664685199,0.38393726646851983,1.0308682295856049,0.030868229585604826,1.3151820317321976,0.3151820317321976,3.397615900001256,243.27734375,243.30078125,0.0234375,3.0745377898805923,-0.06725539195117873
TS21,spine,2.0,0,3,10,133.24125033127297,0.1530191833329179,2017,4040,477408.79144877417,7358716.042037744,870.7486697362981,False,,3,66.62062516563648,26.687468526489276,97.88160653127716,251,251,1798.3802200257046,11,11,1,21,21,1.9966035649646257,0.9966035649646255,1.2349307455801533,0.23493074558015314,1.3556524024326078,0.3556524024326077,1.0044907294231025,0.004490729423102422,1.3543757192424917,0.3543757192424918,3.4184420999954455,243.28125,243.421875,0.140625,2.4334501490833116,-0.05323162528980232
TS21,spine,2.0,1,3,10,133.24125033127297,0.1530191833329179,2017,4040,477408.79144877417,7358716.042037744,870.7486697362981,False,,3,66.62062516563648,26.687468526489276,97.88160653127716,251,251,1798.3802200257046,11,11,1,28,28,2.0279173953205647,1.027917395320565,1.2617921261966882,0.26179212619668835,1.386966232788547,0.386966232788547,1.0313521100396368,0.031352110039636887,1.3156548243681203,0.3156548243681203,3.4184420999954455,243.28125,243.421875,0.140625,3.0745377898805923,-0.06725539195117873
TS21,spine,2.0,0,4,10,133.24125033127297,0.1530191833329179,2017,4040,477408.79144877417,7358716.042037744,870.7486697362981,False,,3,66.62062516563648,26.687468526489276,97.88160653127716,251,251,1798.3802200257046,11,11,1,21,21,2.0295881026558003,1.0295881026558003,1.2493034073141005,0.24930340731410058,1.3759823390070292,0.37598233900702915,1.0150953821968167,0.015095382196816711,1.3478785659455284,0.3478785659455284,3.2755597999785095,243.40234375,247.4921875,4.08984375,2.4334501490833116,-0.05323162528980232
TS21,spine,2.0,1,4,10,133.24125033127297,0.1530191833329179,2017,4040,477408.79144877417,7358716.042037744,870.7486697362981,False,,3,66.62062516563648,26.687468526489276,97.88160653127716,251,251,1798.3802200257046,11,11,1,28,28,2.0604840169234793,1.0604840169234793,1.2759914053295762,0.2759914053295762,1.4068782532747082,0.4068782532747082,1.041783380212292,0.04178338021229209,1.3094826397583796,0.30948263975837975,3.2755597999785095,243.40234375,247.4921875,4.08984375,3.0745377898805923,-0.06725539195117873
TS21,spine,2.0,0,5,10,133.24125033127297,0.1530191833329179,2017,4040,477408.79144877417,7358716.042037744,870.7486697362981,False,,3,66.62062516563648,26.687468526489276,97.88160653127716,251,251,1798.3802200257046,11,11,1,21,21,1.976876179521641,0.9768761795216411,1.2276548431769714,0.2276548431769715,1.3396151371875276,0.3396151371875276,0.9979814694064593,-0.002018530593540715,1.3559394555408657,0.35593945554086565,3.3381775000016205,243.40234375,243.42578125,0.0234375,2.4334501490833116,-0.05323162528980232
TS21,spine,2.0,1,5,10,133.24125033127297,0.1530191833329179,2017,4040,477408.79144877417,7358716.042037744,870.7486697362981,False,,3,66.62062516563648,26.687468526489276,97.88160653127716,251,251,1798.3802200257046,11,11,1,28,28,2.008169865529717,1.0081698655297169,1.2544738500003472,0.25447385000034717,1.3709088231956035,0.37090882319560337,1.0248004762298348,0.024800476229834847,1.3172977455976005,0.3172977455976005,3.3381775000016205,243.40234375,243.42578125,0.0234375,3.0745377898805923,-0.06725539195117873
TS21,spine,2.0,0,6,10,133.24125033127297,0.1530191833329179,2017,4040,477408.79144877417,7358716.042037744,870.7486697362981,False,,3,66.62062516563648,26.687468526489276,97.88160653127716,251,251,1798.3802200257046,11,11,1,21,21,1.992249593649224,0.9922495936492239,1.2338056562263802,0.23380565622638014,1.3484950558553321,0.34849505585533225,1.0024977461864828,0.002497746186482804,1.3537742492802793,0.3537742492802794,3.373990699998103,243.40625,243.42578125,0.01953125,2.4334501490833116,-0.05323162528980232
TS21,spine,2.0,1,6,10,133.24125033127297,0.1530191833329179,2017,4040,477408.79144877417,7358716.042037744,870.7486697362981,False,,3,66.62062516563648,26.687468526489276,97.88160653127716,251,251,1798.3802200257046,11,11,1,28,28,2.0232364046018265,1.0232364046018263,1.2604810676332945,0.2604810676332944,1.3794818668079347,0.37948186680793466,1.0291731575933978,0.02917315759339781,1.315283946574905,0.31528394657490505,3.373990699998103,243.40625,243.42578125,0.01953125,3.0745377898805923,-0.06725539195117873
TS21,spine,2.0,0,7,10,133.24125033127297,0.1530191833329179,2017,4040,477408.79144877417,7358716.042037744,870.7486697362981,False,,3,66.62062516563648,26.687468526489276,97.88160653127716,251,251,1798.3802200257046,11,11,1,21,21,1.9875473261904388,0.9875473261904387,1.233365806320359,0.23336580632035905,1.3489003573018692,0.3489003573018693,1.003595412581911,0.0035954125819110247,1.3518144105361456,0.3518144105361456,3.2794278000073973,243.40625,243.42578125,0.01953125,2.4334501490833116,-0.05323162528980232
TS21,spine,2.0,1,7,10,133.24125033127297,0.1530191833329179,2017,4040,477408.79144877417,7358716.042037744,870.7486697362981,False,,3,66.62062516563648,26.687468526489276,97.88160653127716,251,251,1798.3802200257046,11,11,1,28,28,2.018914770055515,1.018914770055515,1.260229076584653,0.2602290765846531,1.3802678011669451,0.3802678011669452,1.030458682846205,0.0304586828462051,1.3132860412105458,0.3132860412105458,3.2794278000073973,243.40625,243.42578125,0.01953125,3.0745377898805923,-0.06725539195117873
TS21,spine,2.0,0,8,10,133.24125033127297,0.1530191833329179,2017,4040,477408.79144877417,7358716.042037744,870.7486697362981,False,,3,66.62062516563648,26.687468526489276,97.88160653127716,251,251,1798.3802200257046,11,11,1,21,21,1.9774400413462672,0.9774400413462673,1.2290247013616624,0.22902470136166247,1.3352586508171393,0.3352586508171394,0.9981586663719141,-0.0018413336280859289,1.3540099127656167,0.35400991276561655,3.277223300014157,243.40625,246.21484375,2.80859375,2.4334501490833116,-0.05323162528980232
TS21,spine,2.0,1,8,10,133.24125033127297,0.1530191833329179,2017,4040,477408.79144877417,7358716.042037744,870.7486697362981,False,,3,66.62062516563648,26.687468526489276,97.88160653127716,251,251,1798.3802200257046,11,11,1,28,28,2.008516514386133,1.0085165143861332,1.2557844985338842,0.2557844985338843,1.3663351238570056,0.36633512385700556,1.0249184635441357,0.024918463544135745,1.3154763972745933,0.3154763972745933,3.277223300014157,243.40625,246.21484375,2.80859375,3.0745377898805923,-0.06725539195117873
TS21,spine,2.0,0,9,10,133.24125033127297,0.1530191833329179,2017,4040,477408.79144877417,7358716.042037744,870.7486697362981,False,,3,66.62062516563648,26.687468526489276,97.88160653127716,251,251,1798.3802200257046,11,11,1,21,21,1.984599251702086,0.984599251702086,1.2305612993737274,0.23056129937372744,1.2963663864157096,0.2963663864157096,0.9881339081019312,-0.011866091898068804,1.3609690616897068,0.3609690616897069,1.853297300025588,246.1953125,246.1953125,0.0,2.4334501490833116,-0.05323162528980232
TS21,spine,2.0,1,9,10,133.24125033127297,0.1530191833329179,2017,4040,477408.79144877417,7358716.042037744,870.7486697362981,False,,3,66.62062516563648,26.687468526489276,97.88160653127716,251,251,1798.3802200257046,11,11,1,28,28,2.015538581806841,1.015538581806841,1.2572627702038224,0.2572627702038223,1.3273057165204647,0.3273057165204646,1.0148353789320261,0.014835378932026225,1.3226733630159426,0.32267336301594257,1.853297300025588,246.1953125,246.1953125,0.0,3.0745377898805923,-0.06725539195117873
TS24,spine,1.0,0,0,10,94.5948394598374,0.04816855016997171,3331,6666,1351432.4592967639,31208936.931725997,1963.8299082293713,True,2,1,94.5948394598374,37.63860503015996,136.9558575537136,323,324,4307.451132414145,13,15,2,52,53,2.001667267388956,1.0016672673889562,1.4382531508605023,0.4382531508605024,1.112533864831597,0.11253386483159694,1.1531556154155445,0.15315561541554437,1.0790466647016224,0.0790466647016223,10.28764009999577,245.9921875,247.68359375,1.69140625,1.3282550101945874,-0.021673395475381923
TS24,spine,1.0,1,0,10,94.5948394598374,0.04816855016997171,3331,6666,1351432.4592967639,31208936.931725997,1963.8299082293713,True,2,1,94.5948394598374,37.63860503015996,136.9558575537136,323,324,4307.451132414145,13,15,2,59,60,2.039833793778142,1.0398337937781423,1.4644925785901706,0.4644925785901707,1.1507003912207832,0.15070039122078305,1.1793950431452127,0.17939504314521262,1.058561836537436,0.05856183653743613,10.28764009999577,245.9921875,247.68359375,1.69140625,1.6595138352138301,-0.027078610185094273
TS24,spine,1.0,0,1,10,94.5948394598374,0.04816855016997171,3331,6666,1351432.4592967639,31208936.931725997,1963.8299082293713,True,2,1,94.5948394598374,37.63860503015996,136.9558575537136,323,324,4307.451132414145,13,15,2,52,53,2.1402443492662613,1.1402443492662613,1.465810646289439,0.46581064628943897,1.0823283621504864,0.0823283621504865,1.142956287235173,0.14295628723517304,1.1142248918046098,0.11422489180460978,10.374498200020753,247.6640625,249.2578125,1.59375,1.3282550101945874,-0.021673395475381923
TS24,spine,1.0,1,1,10,94.5948394598374,0.04816855016997171,3331,6666,1351432.4592967639,31208936.931725997,1963.8299082293713,True,2,1,94.5948394598374,37.63860503015996,136.9558575537136,323,324,4307.451132414145,13,15,2,59,60,2.178485673582895,1.1784856735828952,1.4920951359744958,0.4920951359744958,1.1205696864671206,0.12056968646712056,1.1692407769202298,0.16924077692022985,1.091959359038793,0.0919593590387931,10.374498200020753,247.6640625,249.2578125,1.59375,1.6595138352138301,-0.027078610185094273
TS24,spine,1.0,0,2,10,94.5948394598374,0.04816855016997171,3331,6666,1351432.4592967639,31208936.931725997,1963.8299082293713,True,2,1,94.5948394598374,37.63860503015996,136.9558575537136,323,324,4307.451132414145,13,15,2,52,53,2.049169086929686,1.0491690869296861,1.4546426126933165,0.4546426126933165,1.142624585210168,0.14262458521016808,1.1650678809366788,0.16506788093667873,1.0797628233338223,0.07976282333382224,10.789864699996542,249.23828125,249.828125,0.58984375,1.3282550101945874,-0.021673395475381923
TS24,spine,1.0,1,2,10,94.5948394598374,0.04816855016997171,3331,6666,1351432.4592967639,31208936.931725997,1963.8299082293713,True,2,1,94.5948394598374,37.63860503015996,136.9558575537136,323,324,4307.451132414145,13,15,2,59,60,2.087298333617907,1.0872983336179072,1.4808802106662349,0.48088021066623476,1.1807538318983894,0.18075383189838937,1.191305478909597,0.19130547890959698,1.0588648116787618,0.0588648116787618,10.789864699996542,249.23828125,249.828125,0.58984375,1.6595138352138301,-0.027078610185094273
TS24,spine,1.0,0,3,10,94.5948394598374,0.04816855016997171,3331,6666,1351432.4592967639,31208936.931725997,1963.8299082293713,True,2,1,94.5948394598374,37.63860503015996,136.9558575537136,323,324,4307.451132414145,13,15,2,52,53,1.960175338479823,0.9601753384798231,1.3879067023735001,0.3879067023735002,1.1030159758878058,0.10301597588780577,1.1103777466343083,0.11037774663430829,1.10983557535282,0.10983557535281994,10.801965200022096,249.07421875,249.73046875,0.65625,1.3282550101945874,-0.021673395475381923
TS24,spine,1.0,1,3,10,94.5948394598374,0.04816855016997171,3331,6666,1351432.4592967639,31208936.931725997,1963.8299082293713,True,2,1,94.5948394598374,37.63860503015996,136.9558575537136,323,324,4307.451132414145,13,15,2,59,60,1.9982810634787855,0.9982810634787855,1.4141249708367358,0.4141249708367358,1.1411217008867687,0.1411217008867686,1.1365960150975438,0.13659601509754388,1.0878370804077455,0.08783708040774549,10.801965200022096,249.07421875,249.73046875,0.65625,1.6595138352138301,-0.027078610185094273
TS24,spine,1.0,0,4,10,94.5948394598374,0.04816855016997171,3331,6666,1351432.4592967639,31208936.931725997,1963.8299082293713,True,2,1,94.5948394598374,37.63860503015996,136.9558575537136,323,324,4307.451132414145,13,15,2,52,53,1.9781186423831003,0.9781186423831003,1.4038935209460002,0.4038935209460001,1.1478032644274059,0.14780326442740582,1.1283198152124354,0.1283198152124353,1.105456184882286,0.10545618488228586,8.098749900003895,249.7109375,250.546875,0.8359375,1.3282550101945874,-0.021673395475381923
TS24,spine,1.0,1,4,10,94.5948394598374,0.04816855016997171,3331,6666,1351432.4592967639,31208936.931725997,1963.8299082293713,True,2,1,94.5948394598374,37.63860503015996,136.9558575537136,323,324,4307.451132414145,13,15,2,59,60,2.016476115380806,1.0164761153808062,1.4302180332796295,0.43021803327962943,1.1861607374251117,0.18616073742511166,1.1546443275460645,0.15464432754606458,1.083864736909565,0.083864736909565,8.098749900003895,249.7109375,250.546875,0.8359375,1.6595138352138301,-0.027078610185094273
TS24,spine,1.0,0,5,10,94.5948394598374,0.04816855016997171,3331,6666,1351432.4592967639,31208936.931725997,1963.8299082293713,True,2,1,94.5948394598374,37.63860503015996,136.9558575537136,323,324,4307.451132414145,13,15,2,52,53,1.9339528914830129,0.9339528914830129,1.3967463785987744,0.3967463785987744,1.1385834091735196,0.13858340917351966,1.1300398086635932,0.13003980866359333,1.0895283629697516,0.08952836296975165,10.760468799999217,250.08203125,250.609375,0.52734375,1.3282550101945874,-0.021673395475381923
TS24,spine,1.0,1,5,10,94.5948394598374,0.04816855016997171,3331,6666,1351432.4592967639,31208936.931725997,1963.8299082293713,True,2,1,94.5948394598374,37.63860503015996,136.9558575537136,323,324,4307.451132414145,13,15,2,59,60,1.9722099514257703,0.9722099514257703,1.4230306056500464,0.4230306056500463,1.176840469116277,0.17684046911627707,1.1563240357148652,0.15632403571486522,1.0686308139140672,0.06863081391406727,10.760468799999217,250.08203125,250.609375,0.52734375,1.6595138352138301,-0.027078610185094273
TS24,spine,1.0,0,6,10,94.5948394598374,0.04816855016997171,3331,6666,1351432.4592967639,31208936.931725997,1963.8299082293713,True,2,1,94.5948394598374,37.63860503015996,136.9558575537136,323,324,4307.451132414145,13,15,2,52,53,2.156070020205847,1.156070020205847,1.4416827981524327,0.44168279815243267,1.263233953943031,0.2632339539430311,1.1512350338658863,0.15123503386588627,1.1384939569593315,0.13849395695933148,10.661583399982192,249.87109375,250.51953125,0.6484375,1.3282550101945874,-0.021673395475381923
TS24,spine,1.0,1,6,10,94.5948394598374,0.04816855016997171,3331,6666,1351432.4592967639,31208936.931725997,1963.8299082293713,True,2,1,94.5948394598374,37.63860503015996,136.9558575537136,323,324,4307.451132414145,13,15,2,59,60,2.194351834048871,1.1943518340488712,1.4679808270692134,0.4679808270692135,1.3015157677860554,0.30151576778605543,1.177533062782667,0.17753306278266692,1.1146432561314774,0.1146432561314775,10.661583399982192,249.87109375,250.51953125,0.6484375,1.6595138352138301,-0.027078610185094273
TS24,spine,1.0,0,7,10,94.5948394598374,0.04816855016997171,3331,6666,1351432.4592967639,31208936.931725997,1963.8299082293713,True,2,1,94.5948394598374,37.63860503015996,136.9558575537136,323,324,4307.451132414145,13,15,2,52,53,1.922009870761681,0.922009870761681,1.4086810773292986,0.4086810773292985,1.0978513170969444,0.09785131709694435,1.1394754849318265,0.13947548493182646,1.0701635329809611,0.07016353298096104,10.952235100005055,250.21484375,251.25390625,1.0390625,1.3282550101945874,-0.021673395475381923
TS24,spine,1.0,1,7,10,94.5948394598374,0.04816855016997171,3331,6666,1351432.4592967639,31208936.931725997,1963.8299082293713,True,2,1,94.5948394598374,37.63860503015996,136.9558575537136,323,324,4307.451132414145,13,15,2,59,60,1.960005028819108,0.9600050288191081,1.4348479705479054,0.43484797054790547,1.1358464751543715,0.13584647515437145,1.1656423781504335,0.16564237815043356,1.0501328198579785,0.05013281985797856,10.952235100005055,250.21484375,251.25390625,1.0390625,1.6595138352138301,-0.027078610185094273
TS24,spine,1.0,0,8,10,94.5948394598374,0.04816855016997171,3331,6666,1351432.4592967639,31208936.931725997,1963.8299082293713,True,2,1,94.5948394598374,37.63860503015996,136.9558575537136,323,324,4307.451132414145,13,15,2,52,53,2.085547526446783,1.0855475264467833,1.4574412013770504,0.45744120137705035,1.1609964150301904,0.1609964150301903,1.1653715757030962,0.16537157570309619,1.0946250388586378,0.09462503885863777,10.75984540002537,250.01171875,250.01171875,0.0,1.3282550101945874,-0.021673395475381923
TS24,spine,1.0,1,8,10,94.5948394598374,0.04816855016997171,3331,6666,1351432.4592967639,31208936.931725997,1963.8299082293713,True,2,1,94.5948394598374,37.63860503015996,136.9558575537136,323,324,4307.451132414145,13,15,2,59,60,2.123772704498569,1.123772704498569,1.4837309883457739,0.4837309883457738,1.199221593081976,0.19922159308197598,1.1916613626718195,0.19166136267181963,1.073078266671574,0.07307826667157397,10.75984540002537,250.01171875,250.01171875,0.0,1.6595138352138301,-0.027078610185094273
TS24,spine,1.0,0,9,10,94.5948394598374,0.04816855016997171,3331,6666,1351432.4592967639,31208936.931725997,1963.8299082293713,True,2,1,94.5948394598374,37.63860503015996,136.9558575537136,323,324,4307.451132414145,13,15,2,52,53,1.9623560704232588,0.9623560704232587,1.3874085459815186,0.3874085459815185,1.1277609087599194,0.1277609087599193,1.1106617560397178,0.11066175603971784,1.1178089762984234,0.11780897629842335,6.594741200009594,249.6640625,250.66015625,0.99609375,1.3282550101945874,-0.021673395475381923
TS24,spine,1.0,1,9,10,94.5948394598374,0.04816855016997171,3331,6666,1351432.4592967639,31208936.931725997,1963.8299082293713,True,2,1,94.5948394598374,37.63860503015996,136.9558575537136,323,324,4307.451132414145,13,15,2,59,60,2.0010932407162025,1.0010932407162025,1.4138877973871768,0.41388779738717685,1.1664980790528632,0.16649807905286323,1.137141007445376,0.13714100744537613,1.0958058306268306,0.0958058306268306,6.594741200009594,249.6640625,250.66015625,0.99609375,1.6595138352138301,-0.027078610185094273
TS24,spine,2.0,0,0,10,189.1896789196748,0.09633710033994342,3331,6666,1351432.4592967639,31208936.931725997,1963.8299082293713,True,2,1,94.5948394598374,37.63860503015996,136.9558575537136,323,324,4307.451132414145,13,15,2,33,34,2.3333303740162865,1.3333303740162865,1.485687554881709,0.4856875548817089,1.2814843682984276,0.2814843682984276,1.161397386522812,0.16139738652281205,1.1556021706878155,0.15560217068781554,6.153533500008052,250.63671875,250.87890625,0.2421875,1.3282550101945874,-0.021673395475381923
TS24,spine,2.0,1,0,10,189.1896789196748,0.09633710033994342,3331,6666,1351432.4592967639,31208936.931725997,1963.8299082293713,True,2,1,94.5948394598374,37.63860503015996,136.9558575537136,323,324,4307.451132414145,13,15,2,41,42,2.381297681374866,1.381297681374866,1.5184418088191605,0.5184418088191605,1.3294516756570072,0.3294516756570072,1.1941516404602635,0.19415164046026348,1.1240817473186397,0.12408174731863963,6.153533500008052,250.63671875,250.87890625,0.2421875,1.6595138352138301,-0.027078610185094273
TS24,spine,2.0,0,1,10,189.1896789196748,0.09633710033994342,3331,6666,1351432.4592967639,31208936.931725997,1963.8299082293713,True,2,1,94.5948394598374,37.63860503015996,136.9558575537136,323,324,4307.451132414145,13,15,2,33,34,2.273487960524227,1.273487960524227,1.4502503438781091,0.45025034387810925,1.3138960590641364,0.3138960590641363,1.1431010798712593,0.14310107987125922,1.1711821268788456,0.17118212687884551,5.025336299993796,250.859375,251.46484375,0.60546875,1.3282550101945874,-0.021673395475381923
TS24,spine,2.0,1,1,10,189.1896789196748,0.09633710033994342,3331,6666,1351432.4592967639,31208936.931725997,1963.8299082293713,True,2,1,94.5948394598374,37.63860503015996,136.9558575537136,323,324,4307.451132414145,13,15,2,41,42,2.320476452499565,1.3204764524995654,1.482538474651439,0.482538474651439,1.3608845510394745,0.36088455103947453,1.175389210644589,0.17538921064458898,1.1392210240432845,0.1392210240432845,5.025336299993796,250.859375,251.46484375,0.60546875,1.6595138352138301,-0.027078610185094273
TS24,spine,2.0,0,2,10,189.1896789196748,0.09633710033994342,3331,6666,1351432.4592967639,31208936.931725997,1963.8299082293713,True,2,1,94.5948394598374,37.63860503015996,136.9558575537136,323,324,4307.451132414145,13,15,2,33,34,2.2174397344147163,1.2174397344147163,1.4478049627147092,0.44780496271470915,1.2717944866422468,0.27179448664224687,1.1431780755465155,0.1431780755465156,1.149776988544357,0.1497769885443569,3.793833800009452,251.4453125,251.4453125,0.0,1.3282550101945874,-0.021673395475381923
TS24,spine,2.0,1,2,10,189.1896789196748,0.09633710033994342,3331,6666,1351432.4592967639,31208936.931725997,1963.8299082293713,True,2,1,94.5948394598374,37.63860503015996,136.9558575537136,323,324,4307.451132414145,13,15,2,41,42,2.2659361604691304,1.2659361604691304,1.4808014181392102,0.4808014181392102,1.3202909126966613,0.32029091269666127,1.1761745309710165,0.17617453097101657,1.118668296998135,0.11866829699813503,3.793833800009452,251.4453125,251.4453125,0.0,1.6595138352138301,-0.027078610185094273
TS24,spine,2.0,0,3,10,189.1896789196748,0.09633710033994342,3331,6666,1351432.4592967639,31208936.931725997,1963.8299082293713,True,2,1,94.5948394598374,37.63860503015996,136.9558575537136,323,324,4307.451132414145,13,15,2,33,34,2.1866417084358147,1.1866417084358147,1.441137578423097,0.4411375784230971,1.2886565711964884,0.28865657119648847,1.149398217023751,0.14939821702375092,1.1428855714992172,0.14288557149921716,6.254962099978002,251.0,251.3203125,0.3203125,1.3282550101945874,-0.021673395475381923
TS24,spine,2.0,1,3,10,189.1896789196748,0.09633710033994342,3331,6666,1351432.4592967639,31208936.931725997,1963.8299082293713,True,2,1,94.5948394598374,37.63860503015996,136.9558575537136,323,324,4307.451132414145,13,15,2,41,42,2.2318158382151077,1.2318158382151077,1.4724844025091226,0.47248440250912255,1.3338307009757813,0.3338307009757813,1.1807450411097762,0.18074504110977624,1.1132669355210594,0.11326693552105943,6.254962099978002,251.0,251.3203125,0.3203125,1.6595138352138301,-0.027078610185094273
TS24,spine,2.0,0,4,10,189.1896789196748,0.09633710033994342,3331,6666,1351432.4592967639,31208936.931725997,1963.8299082293713,True,2,1,94.5948394598374,37.63860503015996,136.9558575537136,323,324,4307.451132414145,13,15,2,33,34,2.13823780424585,1.1382378042458503,1.439042592284655,0.43904259228465503,1.1897292474364805,0.18972924743648054,1.138191521766297,0.1381915217662971,1.1270330869447127,0.12703308694471274,5.670884599996498,251.30078125,251.7265625,0.42578125,1.3282550101945874,-0.021673395475381923
TS24,spine,2.0,1,4,10,189.1896789196748,0.09633710033994342,3331,6666,1351432.4592967639,31208936.931725997,1963.8299082293713,True,2,1,94.5948394598374,37.63860503015996,136.9558575537136,323,324,4307.451132414145,13,15,2,41,42,2.18406317635948,1.18406317635948,1.4707310489586312,0.47073104895863105,1.2355546195501104,0.23555461955011037,1.1698799784402731,0.1698799784402731,1.0983711237015423,0.0983711237015424,5.670884599996498,251.30078125,251.7265625,0.42578125,1.6595138352138301,-0.027078610185094273
TS24,spine,2.0,0,5,10,189.1896789196748,0.09633710033994342,3331,6666,1351432.4592967639,31208936.931725997,1963.8299082293713,True,2,1,94.5948394598374,37.63860503015996,136.9558575537136,323,324,4307.451132414145,13,15,2,33,34,2.386325332495544,1.386325332495544,1.5394027150912593,0.5394027150912593,1.3560144927740625,0.35601449277406244,1.2188915931904905,0.21889159319049056,1.1280360532528553,0.12803605325285533,6.29721800002153,251.015625,251.35546875,0.33984375,1.3282550101945874,-0.021673395475381923
TS24,spine,2.0,1,5,10,189.1896789196748,0.09633710033994342,3331,6666,1351432.4592967639,31208936.931725997,1963.8299082293713,True,2,1,94.5948394598374,37.63860503015996,136.9558575537136,323,324,4307.451132414145,13,15,2,41,42,2.432670960638201,1.432670960638201,1.5713659533885722,0.5713659533885721,1.4023601209167196,0.40236012091671947,1.2508548314878032,0.25085483148780324,1.0989696910868407,0.0989696910868407,6.29721800002153,251.015625,251.35546875,0.33984375,1.6595138352138301,-0.027078610185094273
TS24,spine,2.0,0,6,10,189.1896789196748,0.09633710033994342,3331,6666,1351432.4592967639,31208936.931725997,1963.8299082293713,True,2,1,94.5948394598374,37.63860503015996,136.9558575537136,323,324,4307.451132414145,13,15,2,33,34,2.227179700284503,1.227179700284503,1.4600095647824145,0.4600095647824146,1.282386800221706,0.28238680022170604,1.1577995281747953,0.15779952817479517,1.1391341957295515,0.13913419572955163,6.116732199996477,251.3359375,251.484375,0.1484375,1.3282550101945874,-0.021673395475381923
TS24,spine,2.0,1,6,10,189.1896789196748,0.09633710033994342,3331,6666,1351432.4592967639,31208936.931725997,1963.8299082293713,True,2,1,94.5948394598374,37.63860503015996,136.9558575537136,323,324,4307.451132414145,13,15,2,41,42,2.275573483990086,1.2755734839900859,1.4929402444380961,0.4929402444380961,1.330780583927289,0.33078058392728893,1.1907302078304767,0.19073020783047662,1.1086164697167298,0.1086164697167297,6.116732199996477,251.3359375,251.484375,0.1484375,1.6595138352138301,-0.027078610185094273
TS24,spine,2.0,0,7,10,189.1896789196748,0.09633710033994342,3331,6666,1351432.4592967639,31208936.931725997,1963.8299082293713,True,2,1,94.5948394598374,37.63860503015996,136.9558575537136,323,324,4307.451132414145,13,15,2,33,34,2.2288738935408365,1.2288738935408368,1.4646532511886128,0.4646532511886127,1.2741727432858376,0.27417274328583774,1.1616613979117805,0.16166139791178036,1.1361794318054965,0.13617943180549663,6.1497961999848485,250.78125,251.4375,0.65625,1.3282550101945874,-0.021673395475381923
TS24,spine,2.0,1,7,10,189.1896789196748,0.09633710033994342,3331,6666,1351432.4592967639,31208936.931725997,1963.8299082293713,True,2,1,94.5948394598374,37.63860503015996,136.9558575537136,323,324,4307.451132414145,13,15,2,41,42,2.277861192591612,1.2778611925916121,1.4978764208833246,0.49787642088332473,1.323160042336613,0.3231600423366131,1.1948845676064923,0.19488456760649236,1.1057461471271632,0.10574614712716321,6.1497961999848485,250.78125,251.4375,0.65625,1.6595138352138301,-0.027078610185094273
TS24,spine,2.0,0,8,10,189.1896789196748,0.09633710033994342,3331,6666,1351432.4592967639,31208936.931725997,1963.8299082293713,True,2,1,94.5948394598374,37.63860503015996,136.9558575537136,323,324,4307.451132414145,13,15,2,33,34,2.245939649044801,1.2459396490448011,1.443318076908245,0.44331807690824493,1.3423736046851047,0.34237360468510464,1.1479026713815894,0.14790267138158947,1.1631437478824258,0.16314374788242586,6.190438199992059,251.421875,251.52734375,0.10546875,1.3282550101945874,-0.021673395475381923
TS24,spine,2.0,1,8,10,189.1896789196748,0.09633710033994342,3331,6666,1351432.4592967639,31208936.931725997,1963.8299082293713,True,2,1,94.5948394598374,37.63860503015996,136.9558575537136,323,324,4307.451132414145,13,15,2,41,42,2.2931527630418524,1.293152763041853,1.4756789117237574,0.4756789117237575,1.3895867186821562,0.3895867186821562,1.180263506197102,0.18026350619710205,1.1313823165277772,0.13138231652777713,6.190438199992059,251.421875,251.52734375,0.10546875,1.6595138352138301,-0.027078610185094273
TS24,spine,2.0,0,9,10,189.1896789196748,0.09633710033994342,3331,6666,1351432.4592967639,31208936.931725997,1963.8299082293713,True,2,1,94.5948394598374,37.63860503015996,136.9558575537136,323,324,4307.451132414145,13,15,2,33,34,2.142981915406567,1.1429819154065668,1.4474765219779449,0.4474765219779448,1.231271070880953,0.23127107088095294,1.1546599474477064,0.15465994744770642,1.1177883903515309,0.11778839035153099,6.146776900015539,250.46875,251.4453125,0.9765625,1.3282550101945874,-0.021673395475381923
TS24,spine,2.0,1,9,10,189.1896789196748,0.09633710033994342,3331,6666,1351432.4592967639,31208936.931725997,1963.8299082293713,True,2,1,94.5948394598374,37.63860503015996,136.9558575537136,323,324,4307.451132414145,13,15,2,41,42,2.191042354087215,1.191042354087215,1.4802707917613416,0.4802707917613415,1.2793315095616014,0.2793315095616013,1.1874542172311031,0.18745421723110314,1.0888380505300723,0.08883805053007225,6.146776900015539,250.46875,251.4453125,0.9765625,1.6595138352138301,-0.027078610185094273
TS48,spine,1.0,0,0,10,107.8594752799734,0.06844930397090217,3335,6666,1024237.6056875429,28933719.594191074,1575.757078929897,True,0,1,107.8594752799734,39.87353530285784,197.92422118379002,255,254,2812.0365345288587,9,7,0,32,31,2.2512059998934206,1.2512059998934204,1.690474004769856,0.6904740047698561,1.2308425979708315,0.23084259797083148,1.365122817633566,0.36512281763356597,0.9734994399498569,-0.026500560050143077,3.0941240999964066,243.046875,253.41015625,10.36328125,2.5786881533567665,-0.050456102929006576
TS48,spine,1.0,1,0,10,107.8594752799734,0.06844930397090217,3335,6666,1024237.6056875429,28933719.594191074,1575.757078929897,True,0,1,107.8594752799734,39.87353530285784,197.92422118379002,255,254,2812.0365345288587,9,7,0,40,39,2.3336533036264853,1.3336533036264853,1.742249304935127,0.742249304935127,1.3132899017038964,0.3132899017038963,1.416898117798837,0.41689811779883684,0.9439295207587348,-0.056070479241265195,3.0941240999964066,243.046875,253.41015625,10.36328125,3.420143877588184,-0.06692051200334552
TS48,spine,1.0,0,1,10,107.8594752799734,0.06844930397090217,3335,6666,1024237.6056875429,28933719.594191074,1575.757078929897,True,0,1,107.8594752799734,39.87353530285784,197.92422118379002,255,254,2812.0365345288587,9,7,0,32,31,1.985219246963187,0.985219246963187,1.5607130592444152,0.5607130592444152,1.1254834003978633,0.1254834003978633,1.268101131559427,0.268101131559427,0.9485665177339627,-0.051433482266037306,6.426773199986201,235.13671875,239.0390625,3.90234375,2.5786881533567665,-0.050456102929006576
TS48,spine,1.0,1,1,10,107.8594752799734,0.06844930397090217,3335,6666,1024237.6056875429,28933719.594191074,1575.757078929897,True,0,1,107.8594752799734,39.87353530285784,197.92422118379002,255,254,2812.0365345288587,9,7,0,40,39,2.067119935595062,1.0671199355950616,1.612985999023758,0.612985999023758,1.207384089029738,0.20738408902973793,1.32037407133877,0.3203740713387699,0.9195383065245784,-0.08046169347542169,6.426773199986201,235.13671875,239.0390625,3.90234375,3.420143877588184,-0.06692051200334552
TS48,spine,1.0,0,2,10,107.8594752799734,0.06844930397090217,3335,6666,1024237.6056875429,28933719.594191074,1575.757078929897,True,0,1,107.8594752799734,39.87353530285784,197.92422118379002,255,254,2812.0365345288587,9,7,0,32,31,1.934971441147172,0.9349714411471718,1.5396306309405805,0.5396306309405805,1.100012102100859,0.1000121021008591,1.2532224619531562,0.25322246195315623,0.9423459938371699,-0.05765400616283016,6.385803599987412,234.52734375,239.0390625,4.51171875,2.5786881533567665,-0.050456102929006576
TS48,spine,1.0,1,2,10,107.8594752799734,0.06844930397090217,3335,6666,1024237.6056875429,28933719.594191074,1575.757078929897,True,0,1,107.8594752799734,39.87353530285784,197.92422118379002,255,254,2812.0365345288587,9,7,0,40,39,2.0184341623304998,1.0184341623304998,1.5923890920700223,0.5923890920700223,1.1834748232841872,0.18347482328418716,1.305980923082598,0.30598092308259806,0.9139251295560995,-0.08607487044390048,6.385803599987412,234.52734375,239.0390625,4.51171875,3.420143877588184,-0.06692051200334552
TS48,spine,1.0,0,3,10,107.8594752799734,0.06844930397090217,3335,6666,1024237.6056875429,28933719.594191074,1575.757078929897,True,0,1,107.8594752799734,39.87353530285784,197.92422118379002,255,254,2812.0365345288587,9,7,0,32,31,1.9337918328523074,0.9337918328523075,1.5362958589506577,0.5362958589506576,1.0848201644774038,0.08482016447740384,1.247297239167841,0.24729723916784094,0.9446543683689709,-0.05534563163102913,6.342668700002832,234.50390625,238.74609375,4.2421875,2.5786881533567665,-0.050456102929006576
TS48,spine,1.0,1,3,10,107.8594752799734,0.06844930397090217,3335,6666,1024237.6056875429,28933719.594191074,1575.757078929897,True,0,1,107.8594752799734,39.87353530285784,197.92422118379002,255,254,2812.0365345288587,9,7,0,40,39,2.0135990145140603,1.0135990145140603,1.5877865120206758,0.5877865120206758,1.1646273461391565,0.1646273461391566,1.298787892237859,0.2987878922378591,0.9160287287564637,-0.08397127124353636,6.342668700002832,234.50390625,238.74609375,4.2421875,3.420143877588184,-0.06692051200334552
TS48,spine,1.0,0,4,10,107.8594752799734,0.06844930397090217,3335,6666,1024237.6056875429,28933719.594191074,1575.757078929897,True,0,1,107.8594752799734,39.87353530285784,197.92422118379002,255,254,2812.0365345288587,9,7,0,32,31,2.126051370085033,1.1260513700850332,1.6409284619423314,0.6409284619423314,1.173466536192519,0.1734665361925189,1.328434450918128,0.32843445091812795,0.9460722532852833,-0.053927746714716646,6.375682699988829,234.546875,239.0390625,4.4921875,2.5786881533567665,-0.050456102929006576
TS48,spine,1.0,1,4,10,107.8594752799734,0.06844930397090217,3335,6666,1024237.6056875429,28933719.594191074,1575.757078929897,True,0,1,107.8594752799734,39.87353530285784,197.92422118379002,255,254,2812.0365345288587,9,7,0,40,39,2.2109426540738104,1.2109426540738106,1.6942733268837473,0.6942733268837473,1.2583578201812964,0.25835782018129627,1.381779315859544,0.38177931585954394,0.9168223388598604,-0.08317766114013954,6.375682699988829,234.546875,239.0390625,4.4921875,3.420143877588184,-0.06692051200334552
TS48,spine,1.0,0,5,10,107.8594752799734,0.06844930397090217,3335,6666,1024237.6056875429,28933719.594191074,1575.757078929897,True,0,1,107.8594752799734,39.87353530285784,197.92422118379002,255,254,2812.0365345288587,9,7,0,32,31,1.9068414119761776,0.9068414119761776,1.5271960227347414,0.5271960227347413,1.0814462958423434,0.08144629584234336,1.2427742146126615,0.2427742146126614,0.9423427755954226,-0.05765722440457743,6.359860399999889,234.515625,251.75,17.234375,2.5786881533567665,-0.050456102929006576
TS48,spine,1.0,1,5,10,107.8594752799734,0.06844930397090217,3335,6666,1024237.6056875429,28933719.594191074,1575.757078929897,True,0,1,107.8594752799734,39.87353530285784,197.92422118379002,255,254,2812.0365345288587,9,7,0,40,39,1.9907510688875312,0.9907510688875311,1.5801712339650051,0.5801712339650051,1.1653559527536967,0.16535595275369663,1.2957494258429252,0.2957494258429252,0.914208093794798,-0.08579190620520205,6.359860399999889,234.515625,251.75,17.234375,3.420143877588184,-0.06692051200334552
TS48,spine,1.0,0,6,10,107.8594752799734,0.06844930397090217,3335,6666,1024237.6056875429,28933719.594191074,1575.757078929897,True,0,1,107.8594752799734,39.87353530285784,197.92422118379002,255,254,2812.0365345288587,9,7,0,32,31,1.9135735053250853,0.9135735053250853,1.5310433970967885,0.5310433970967885,1.0252783476110239,0.02527834761102393,1.2357730579643873,0.2357730579643874,0.9415106499494494,-0.058489350050550594,6.42749209998874,234.56640625,238.171875,3.60546875,2.5786881533567665,-0.050456102929006576
TS48,spine,1.0,1,6,10,107.8594752799734,0.06844930397090217,3335,6666,1024237.6056875429,28933719.594191074,1575.757078929897,True,0,1,107.8594752799734,39.87353530285784,197.92422118379002,255,254,2812.0365345288587,9,7,0,40,39,1.9975626020263606,0.9975626020263606,1.5840280047305624,0.5840280047305625,1.1092674443122994,0.10926744431229937,1.2887576655981616,0.2887576655981616,0.9133697014570044,-0.08663029854299566,6.42749209998874,234.56640625,238.171875,3.60546875,3.420143877588184,-0.06692051200334552
TS48,spine,1.0,0,7,10,107.8594752799734,0.06844930397090217,3335,6666,1024237.6056875429,28933719.594191074,1575.757078929897,True,0,1,107.8594752799734,39.87353530285784,197.92422118379002,255,254,2812.0365345288587,9,7,0,32,31,1.883349888849889,0.883349888849889,1.5229507314511062,0.5229507314511062,1.0401284844532943,0.040128484453294325,1.2362288387480604,0.23622883874806044,0.93672247458606,-0.06327752541394009,6.103516700008186,234.5234375,238.17578125,3.65234375,2.5786881533567665,-0.050456102929006576
TS48,spine,1.0,1,7,10,107.8594752799734,0.06844930397090217,3335,6666,1024237.6056875429,28933719.594191074,1575.757078929897,True,0,1,107.8594752799734,39.87353530285784,197.92422118379002,255,254,2812.0365345288587,9,7,0,40,39,1.9619487468767256,0.9619487468767256,1.5740013335360985,0.5740013335360986,1.118727342480131,0.11872734248013099,1.287279440833053,0.28727944083305296,0.9092188553795099,-0.09078114462049015,6.103516700008186,234.5234375,238.17578125,3.65234375,3.420143877588184,-0.06692051200334552
TS48,spine,1.0,0,8,10,107.8594752799734,0.06844930397090217,3335,6666,1024237.6056875429,28933719.594191074,1575.757078929897,True,0,1,107.8594752799734,39.87353530285784,197.92422118379002,255,254,2812.0365345288587,9,7,0,32,31,1.943039711974615,0.9430397119746149,1.5669196731414163,0.5669196731414163,1.043404770883674,0.043404770883673914,1.2691105820625057,0.26911058206250565,0.9278640233506663,-0.0721359766493337,6.364222400006838,234.5703125,238.17578125,3.60546875,2.5786881533567665,-0.050456102929006576
TS48,spine,1.0,1,8,10,107.8594752799734,0.06844930397090217,3335,6666,1024237.6056875429,28933719.594191074,1575.757078929897,True,0,1,107.8594752799734,39.87353530285784,197.92422118379002,255,254,2812.0365345288587,9,7,0,40,39,2.0258369698884695,1.0258369698884695,1.619414475626846,0.6194144756268462,1.1262020287975287,0.1262020287975288,1.3216053845479354,0.3216053845479355,0.9008545200885851,-0.09914547991141487,6.364222400006838,234.5703125,238.17578125,3.60546875,3.420143877588184,-0.06692051200334552
TS48,spine,1.0,0,9,10,107.8594752799734,0.06844930397090217,3335,6666,1024237.6056875429,28933719.594191074,1575.757078929897,True,0,1,107.8594752799734,39.87353530285784,197.92422118379002,255,254,2812.0365345288587,9,7,0,32,31,1.962084352606852,0.962084352606852,1.551837639366927,0.5518376393669271,1.1199374322937652,0.11993743229376527,1.2643803025290317,0.26438030252903155,0.944095098209733,-0.05590490179026701,6.334006300021429,234.51953125,239.05859375,4.5390625,2.5786881533567665,-0.050456102929006576
TS48,spine,1.0,1,9,10,107.8594752799734,0.06844930397090217,3335,6666,1024237.6056875429,28933719.594191074,1575.757078929897,True,0,1,107.8594752799734,39.87353530285784,197.92422118379002,255,254,2812.0365345288587,9,7,0,40,39,2.044279449136742,1.0442794491367422,1.6041992031145127,0.6041992031145128,1.2021325288236553,0.2021325288236552,1.3167418662766173,0.3167418662766172,0.9153410366935847,-0.08465896330641526,6.334006300021429,234.51953125,239.05859375,4.5390625,3.420143877588184,-0.06692051200334552
TS48,spine,2.0,0,0,10,215.7189505599468,0.13689860794180433,3335,6666,1024237.6056875429,28933719.594191074,1575.757078929897,True,0,1,107.8594752799734,39.87353530285784,197.92422118379002,255,254,2812.0365345288587,9,7,0,19,18,2.0408218025454685,1.0408218025454687,1.4446105494432873,0.4446105494432872,0.9105907390075957,-0.08940926099240427,1.091838356171953,0.09183835617195293,1.070239067745232,0.07023906774523206,2.9521218000154477,234.546875,244.51953125,9.97265625,2.5786881533567665,-0.050456102929006576
TS48,spine,2.0,1,0,10,215.7189505599468,0.13689860794180433,3335,6666,1024237.6056875429,28933719.594191074,1575.757078929897,True,0,1,107.8594752799734,39.87353530285784,197.92422118379002,255,254,2812.0365345288587,9,7,0,27,26,2.1202615084359553,1.120261508435955,1.496219709700587,0.49621970970058693,0.990030444898082,-0.009969555101917937,1.1434475164292526,0.14344751642925269,1.0302187898128112,0.030218789812811283,2.9521218000154477,234.546875,244.51953125,9.97265625,3.420143877588184,-0.06692051200334552
TS48,spine,2.0,0,1,10,215.7189505599468,0.13689860794180433,3335,6666,1024237.6056875429,28933719.594191074,1575.757078929897,True,0,1,107.8594752799734,39.87353530285784,197.92422118379002,255,254,2812.0365345288587,9,7,0,19,18,2.052300539589875,1.052300539589875,1.458716348965595,0.4587163489655951,0.8493416610835675,-0.15065833891643254,1.0931273545272326,0.09312735452723274,1.0637400468457867,0.06374004684578662,2.9229340000019874,244.5,244.51953125,0.01953125,2.5786881533567665,-0.050456102929006576
TS48,spine,2.0,1,1,10,215.7189505599468,0.13689860794180433,3335,6666,1024237.6056875429,28933719.594191074,1575.757078929897,True,0,1,107.8594752799734,39.87353530285784,197.92422118379002,255,254,2812.0365345288587,9,7,0,27,26,2.1346152915752765,1.1346152915752765,1.51148638198095,0.5114863819809501,0.9316564130689692,-0.06834358693103083,1.1458973875425877,0.1458973875425877,1.024148670592695,0.024148670592695046,2.9229340000019874,244.5,244.51953125,0.01953125,3.420143877588184,-0.06692051200334552
TS48,spine,2.0,0,2,10,215.7189505599468,0.13689860794180433,3335,6666,1024237.6056875429,28933719.594191074,1575.757078929897,True,0,1,107.8594752799734,39.87353530285784,197.92422118379002,255,254,2812.0365345288587,9,7,0,19,18,2.0129419664665598,1.0129419664665598,1.4419277178831482,0.4419277178831483,0.9023322171728173,-0.09766778282718272,1.0934277487185466,0.09342774871854667,1.0590486873485678,0.05904868734856786,2.972757499985164,244.5,244.51953125,0.01953125,2.5786881533567665,-0.050456102929006576
TS48,spine,2.0,1,2,10,215.7189505599468,0.13689860794180433,3335,6666,1024237.6056875429,28933719.594191074,1575.757078929897,True,0,1,107.8594752799734,39.87353530285784,197.92422118379002,255,254,2812.0365345288587,9,7,0,27,26,2.0960381963354187,1.0960381963354187,1.4949793179563389,0.49497931795633887,0.9854284470416763,-0.01457155295832374,1.1464793487917373,0.14647934879173724,1.0195150217740965,0.019515021774096402,2.972757499985164,244.5,244.51953125,0.01953125,3.420143877588184,-0.06692051200334552
TS48,spine,2.0,0,3,10,215.7189505599468,0.13689860794180433,3335,6666,1024237.6056875429,28933719.594191074,1575.757078929897,True,0,1,107.8594752799734,39.87353530285784,197.92422118379002,255,254,2812.0365345288587,9,7,0,19,18,1.9972370957161403,0.9972370957161404,1.411165710801458,0.41116571080145786,0.9182474359640056,-0.08175256403599439,1.0669229734236643,0.06692297342366435,1.0878565593777176,0.08785655937771754,1.6758528999926057,244.5,244.51953125,0.01953125,2.5786881533567665,-0.050456102929006576
TS48,spine,2.0,1,3,10,215.7189505599468,0.13689860794180433,3335,6666,1024237.6056875429,28933719.594191074,1575.757078929897,True,0,1,107.8594752799734,39.87353530285784,197.92422118379002,255,254,2812.0365345288587,9,7,0,27,26,2.085831069965818,1.0858310699658176,1.4659711301941263,0.4659711301941262,1.006841410213683,0.006841410213682856,1.1217283928163329,0.12172839281633294,1.04633967558245,0.046339675582449794,1.6758528999926057,244.5,244.51953125,0.01953125,3.420143877588184,-0.06692051200334552
TS48,spine,2.0,0,4,10,215.7189505599468,0.13689860794180433,3335,6666,1024237.6056875429,28933719.594191074,1575.757078929897,True,0,1,107.8594752799734,39.87353530285784,197.92422118379002,255,254,2812.0365345288587,9,7,0,19,18,2.0236287084576317,1.0236287084576319,1.448584846608134,0.44858484660813386,0.8829682710625953,-0.11703172893740461,1.0944900233802857,0.09449002338028563,1.0576633430543236,0.05766334305432354,2.964185999997426,244.5,244.51953125,0.01953125,2.5786881533567665,-0.050456102929006576
TS48,spine,2.0,1,4,10,215.7189505599468,0.13689860794180433,3335,6666,1024237.6056875429,28933719.594191074,1575.757078929897,True,0,1,107.8594752799734,39.87353530285784,197.92422118379002,255,254,2812.0365345288587,9,7,0,27,26,2.1060626983246715,1.1060626983246717,1.501320476111742,0.501320476111742,0.9654022609296353,-0.03459773907036472,1.1472256528838936,0.1472256528838936,1.0184231708850053,0.01842317088500527,2.964185999997426,244.5,244.51953125,0.01953125,3.420143877588184,-0.06692051200334552
TS48,spine,2.0,0,5,10,215.7189505599468,0.13689860794180433,3335,6666,1024237.6056875429,28933719.594191074,1575.757078929897,True,0,1,107.8594752799734,39.87353530285784,197.92422118379002,255,254,2812.0365345288587,9,7,0,19,18,2.025325751225062,1.0253257512250624,1.4459661963335506,0.44596619633355067,0.897732067383586,-0.10226793261641402,1.0937962233647784,0.09379622336477834,1.0608203841373143,0.06082038413731436,2.9301533000252675,243.56640625,244.5390625,0.97265625,2.5786881533567665,-0.050456102929006576
TS48,spine,2.0,1,5,10,215.7189505599468,0.13689860794180433,3335,6666,1024237.6056875429,28933719.594191074,1575.757078929897,True,0,1,107.8594752799734,39.87353530285784,197.92422118379002,255,254,2812.0365345288587,9,7,0,27,26,2.10980199353982,1.1098019935398196,1.4994851720671158,0.4994851720671158,0.9822083096983432,-0.017791690301656837,1.1473151990983435,0.1473151990983435,1.0210822613716466,0.021082261371646534,2.9301533000252675,243.56640625,244.5390625,0.97265625,3.420143877588184,-0.06692051200334552
TS48,spine,2.0,0,6,10,215.7189505599468,0.13689860794180433,3335,6666,1024237.6056875429,28933719.594191074,1575.757078929897,True,0,1,107.8594752799734,39.87353530285784,197.92422118379002,255,254,2812.0365345288587,9,7,0,19,18,2.039622978377827,1.0396229783778268,1.4405082912956901,0.44050829129569025,0.8905715404178497,-0.10942845958215029,1.083656732224727,0.08365673222472704,1.0745795214740903,0.07457952147409032,2.9198107999982312,244.51953125,245.9765625,1.45703125,2.5786881533567665,-0.050456102929006576
TS48,spine,2.0,1,6,10,215.7189505599468,0.13689860794180433,3335,6666,1024237.6056875429,28933719.594191074,1575.757078929897,True,0,1,107.8594752799734,39.87353530285784,197.92422118379002,255,254,2812.0365345288587,9,7,0,27,26,2.125704241150427,1.125704241150427,1.4945764336009046,0.49457643360090475,0.97665280319045,-0.023347196809550046,1.1377248745299415,0.13772487452994153,1.0337229129927261,0.03372291299272621,2.9198107999982312,244.51953125,245.9765625,1.45703125,3.420143877588184,-0.06692051200334552
TS48,spine,2.0,0,7,10,215.7189505599468,0.13689860794180433,3335,6666,1024237.6056875429,28933719.594191074,1575.757078929897,True,0,1,107.8594752799734,39.87353530285784,197.92422118379002,255,254,2812.0365345288587,9,7,0,19,18,2.0509028752335228,1.050902875233523,1.4559572509297716,0.45595725092977146,0.8955338269898818,-0.1044661730101182,1.098355707703038,0.0983557077030379,1.062085380515134,0.06208538051513405,2.9331438000081107,243.56640625,244.78125,1.21484375,2.5786881533567665,-0.050456102929006576
TS48,spine,2.0,1,7,10,215.7189505599468,0.13689860794180433,3335,6666,1024237.6056875429,28933719.594191074,1575.757078929897,True,0,1,107.8594752799734,39.87353530285784,197.92422118379002,255,254,2812.0365345288587,9,7,0,27,26,2.1364021333730165,1.1364021333730168,1.509885132071438,0.5098851320714378,0.9810330851293756,-0.018966914870624414,1.1522835888447043,0.15228358884470428,1.0220001303149484,0.022000130314948362,2.9331438000081107,243.56640625,244.78125,1.21484375,3.420143877588184,-0.06692051200334552
TS48,spine,2.0,0,8,10,215.7189505599468,0.13689860794180433,3335,6666,1024237.6056875429,28933719.594191074,1575.757078929897,True,0,1,107.8594752799734,39.87353530285784,197.92422118379002,255,254,2812.0365345288587,9,7,0,19,18,2.066090396200914,1.066090396200914,1.4731989759865927,0.4731989759865927,0.8534805491390204,-0.14651945086097964,1.1060559068565317,0.10605590685653177,1.0542708378395707,0.05427083783957069,2.933517800003756,244.76171875,244.78125,0.01953125,2.5786881533567665,-0.050456102929006576
TS48,spine,2.0,1,8,10,215.7189505599468,0.13689860794180433,3335,6666,1024237.6056875429,28933719.594191074,1575.757078929897,True,0,1,107.8594752799734,39.87353530285784,197.92422118379002,255,254,2812.0365345288587,9,7,0,27,26,2.1478528478908943,1.1478528478908943,1.5257194898535504,0.5257194898535504,0.9352430008290004,-0.06475699917099968,1.1585764207234894,0.15857642072348951,1.0154114108163659,0.015411410816365975,2.933517800003756,244.76171875,244.78125,0.01953125,3.420143877588184,-0.06692051200334552
TS48,spine,2.0,0,9,10,215.7189505599468,0.13689860794180433,3335,6666,1024237.6056875429,28933719.594191074,1575.757078929897,True,0,1,107.8594752799734,39.87353530285784,197.92422118379002,255,254,2812.0365345288587,9,7,0,19,18,2.074212887686029,1.0742128876860288,1.4656326099968946,0.46563260999689454,0.8365745889877434,-0.16342541101225663,1.0937055054932487,0.0937055054932487,1.0679226709016958,0.06792267090169586,2.915774599998258,243.80859375,244.7890625,0.98046875,2.5786881533567665,-0.050456102929006576
TS48,spine,2.0,1,9,10,215.7189505599468,0.13689860794180433,3335,6666,1024237.6056875429,28933719.594191074,1575.757078929897,True,0,1,107.8594752799734,39.87353530285784,197.92422118379002,255,254,2812.0365345288587,9,7,0,27,26,2.1558353751889516,1.1558353751889514,1.5181313604822686,0.5181313604822687,0.918197076490666,-0.08180292350933402,1.1462042559786227,0.14620425597862283,1.0281294209733893,0.028129420973389413,2.915774599998258,243.80859375,244.7890625,0.98046875,3.420143877588184,-0.06692051200334552
TS67,spine,1.0,0,0,10,78.16611755972033,0.05984738125192367,1694,3394,957339.6911641813,19331473.79737958,1306.0908585237028,False,,2,78.16611755972033,32.48410440964262,131.98519329097633,296,297,3301.3090471440128,12,13,2,48,49,3.5481899387852387,2.5481899387852387,1.8557129154055354,0.8557129154055355,1.8281176582738903,0.8281176582738903,1.418353859424591,0.4183538594245909,1.2570600033806818,0.2570600033806819,5.550620199996047,245.19140625,248.32421875,3.1328125,0.971103816042715,-0.012708438459832872
TS67,spine,1.0,1,0,10,78.16611755972033,0.05984738125192367,1694,3394,957339.6911641813,19331473.79737958,1306.0908585237028,False,,2,78.16611755972033,32.48410440964262,131.98519329097633,296,297,3301.3090471440128,12,13,2,54,55,3.57830988599542,2.57830988599542,1.8785495870465434,0.8785495870465433,1.8582376054840717,0.8582376054840718,1.4411905310655988,0.44119053106559875,1.2315614043336263,0.23156140433362624,5.550620199996047,245.19140625,248.32421875,3.1328125,1.1256759429783003,-0.014731260665159208
TS67,spine,1.0,0,1,10,78.16611755972033,0.05984738125192367,1694,3394,957339.6911641813,19331473.79737958,1306.0908585237028,False,,2,78.16611755972033,32.48410440964262,131.98519329097633,296,297,3301.3090471440128,12,13,2,48,49,3.7318272841312594,2.7318272841312594,1.8807890050480331,0.8807890050480331,2.206989473123831,1.2069894731238306,1.4741920212303816,0.4741920212303816,1.2263570715917218,0.22635707159172178,8.196050500002457,248.30078125,248.35546875,0.0546875,0.971103816042715,-0.012708438459832872
TS67,spine,1.0,1,1,10,78.16611755972033,0.05984738125192367,1694,3394,957339.6911641813,19331473.79737958,1306.0908585237028,False,,2,78.16611755972033,32.48410440964262,131.98519329097633,296,297,3301.3090471440128,12,13,2,54,55,3.762917259788181,2.762917259788181,1.9040468004887496,0.9040468004887496,2.238079448780752,1.2380794487807523,1.497449816671098,0.4974498166710981,1.2002416931671112,0.20024169316711113,8.196050500002457,248.30078125,248.35546875,0.0546875,1.1256759429783003,-0.014731260665159208
TS67,spine,1.0,0,2,10,78.16611755972033,0.05984738125192367,1694,3394,957339.6911641813,19331473.79737958,1306.0908585237028,False,,2,78.16611755972033,32.48410440964262,131.98519329097633,296,297,3301.3090471440128,12,13,2,48,49,3.8214469541887075,2.821446954188707,1.8656548423456625,0.8656548423456626,1.9738401809169162,0.9738401809169162,1.405605212016524,0.40560521201652405,1.284296150437764,0.28429615043776385,6.308610500011127,248.3359375,250.15234375,1.81640625,0.971103816042715,-0.012708438459832872
TS67,spine,1.0,1,2,10,78.16611755972033,0.05984738125192367,1694,3394,957339.6911641813,19331473.79737958,1306.0908585237028,False,,2,78.16611755972033,32.48410440964262,131.98519329097633,296,297,3301.3090471440128,12,13,2,54,55,3.8521258876324733,2.852125887632473,1.8887410069431796,0.8887410069431795,2.004519114360682,1.004519114360682,1.428691376614041,0.42869137661404105,1.2567204714563218,0.2567204714563217,6.308610500011127,248.3359375,250.15234375,1.81640625,1.1256759429783003,-0.014731260665159208
TS67,spine,1.0,0,3,10,78.16611755972033,0.05984738125192367,1694,3394,957339.6911641813,19331473.79737958,1306.0908585237028,False,,2,78.16611755972033,32.48410440964262,131.98519329097633,296,297,3301.3090471440128,12,13,2,48,49,3.71342656234232,2.7134265623423195,1.853254827937308,0.853254827937308,2.2981435333967495,1.2981435333967497,1.4674103074235854,0.4674103074235853,1.2275416980617195,0.22754169806171953,8.270687500014901,235.45703125,243.890625,8.43359375,0.971103816042715,-0.012708438459832872
TS67,spine,1.0,1,3,10,78.16611755972033,0.05984738125192367,1694,3394,957339.6911641813,19331473.79737958,1306.0908585237028,False,,2,78.16611755972033,32.48410440964262,131.98519329097633,296,297,3301.3090471440128,12,13,2,54,55,3.743950339156634,2.743950339156634,1.8762614417037087,0.8762614417037088,2.328667310211064,1.3286673102110642,1.490416921189986,0.49041692118998603,1.201137602284612,0.20113760228461203,8.270687500014901,235.45703125,243.890625,8.43359375,1.1256759429783003,-0.014731260665159208
TS67,spine,1.0,0,4,10,78.16611755972033,0.05984738125192367,1694,3394,957339.6911641813,19331473.79737958,1306.0908585237028,False,,2,78.16611755972033,32.48410440964262,131.98519329097633,296,297,3301.3090471440128,12,13,2,48,49,3.7953218859572244,2.795321885957224,1.8821362677886952,0.8821362677886951,1.9974828464073264,0.9974828464073264,1.4294983061295885,0.42949830612958856,1.2400907233103282,0.2400907233103282,8.292854300001636,235.4140625,243.890625,8.4765625,0.971103816042715,-0.012708438459832872
TS67,spine,1.0,1,4,10,78.16611755972033,0.05984738125192367,1694,3394,957339.6911641813,19331473.79737958,1306.0908585237028,False,,2,78.16611755972033,32.48410440964262,131.98519329097633,296,297,3301.3090471440128,12,13,2,54,55,3.826511038186895,2.8265110381868945,1.9054365170112166,0.9054365170112166,2.028671998636997,1.028671998636997,1.45279855535211,0.45279855535211005,1.213470269276896,0.2134702692768959,8.292854300001636,235.4140625,243.890625,8.4765625,1.1256759429783003,-0.014731260665159208
TS67,spine,1.0,0,5,10,78.16611755972033,0.05984738125192367,1694,3394,957339.6911641813,19331473.79737958,1306.0908585237028,False,,2,78.16611755972033,32.48410440964262,131.98519329097633,296,297,3301.3090471440128,12,13,2,48,49,3.825654349449402,2.825654349449402,1.8830254498674197,0.8830254498674198,1.8922732691031203,0.8922732691031203,1.4099357934617607,0.40993579346176057,1.2553950155832645,0.25539501558326455,8.261800100008259,235.42578125,243.890625,8.46484375,0.971103816042715,-0.012708438459832872
TS67,spine,1.0,1,5,10,78.16611755972033,0.05984738125192367,1694,3394,957339.6911641813,19331473.79737958,1306.0908585237028,False,,2,78.16611755972033,32.48410440964262,131.98519329097633,296,297,3301.3090471440128,12,13,2,54,55,3.856731086434137,2.8567310864341366,1.9062788549249334,0.9062788549249335,1.9233500060878552,0.9233500060878552,1.4331891985192744,0.43318919851927434,1.2284107268262314,0.2284107268262314,8.261800100008259,235.42578125,243.890625,8.46484375,1.1256759429783003,-0.014731260665159208
TS67,spine,1.0,0,6,10,78.16611755972033,0.05984738125192367,1694,3394,957339.6911641813,19331473.79737958,1306.0908585237028,False,,2,78.16611755972033,32.48410440964262,131.98519329097633,296,297,3301.3090471440128,12,13,2,48,49,3.925318041045054,2.925318041045054,1.9384503871193048,0.9384503871193048,2.1154297651413065,1.1154297651413065,1.486252555998678,0.4862525559986779,1.229628258196511,0.22962825819651098,8.270500699989498,235.43359375,243.890625,8.45703125,0.971103816042715,-0.012708438459832872
TS67,spine,1.0,1,6,10,78.16611755972033,0.05984738125192367,1694,3394,957339.6911641813,19331473.79737958,1306.0908585237028,False,,2,78.16611755972033,32.48410440964262,131.98519329097633,296,297,3301.3090471440128,12,13,2,54,55,3.956595954116041,2.956595954116041,1.961791984470357,0.9617919844703571,2.1467076782122936,1.1467076782122938,1.5095941533497301,0.5095941533497301,1.2035463769375216,0.2035463769375216,8.270500699989498,235.43359375,243.890625,8.45703125,1.1256759429783003,-0.014731260665159208
TS67,spine,1.0,0,7,10,78.16611755972033,0.05984738125192367,1694,3394,957339.6911641813,19331473.79737958,1306.0908585237028,False,,2,78.16611755972033,32.48410440964262,131.98519329097633,296,297,3301.3090471440128,12,13,2,48,49,3.4603243450976207,2.460324345097621,1.8108447761024797,0.8108447761024797,1.55628523816363,0.5562852381636302,1.3404215027332378,0.3404215027332379,1.2819266764393074,0.28192667643930736,4.348675600020215,235.359375,245.1640625,9.8046875,0.971103816042715,-0.012708438459832872
TS67,spine,1.0,1,7,10,78.16611755972033,0.05984738125192367,1694,3394,957339.6911641813,19331473.79737958,1306.0908585237028,False,,2,78.16611755972033,32.48410440964262,131.98519329097633,296,297,3301.3090471440128,12,13,2,54,55,3.490323030696386,2.4903230306963855,1.8336404438258034,0.8336404438258035,1.5862839237623947,0.5862839237623947,1.3632171704565617,0.36321717045656166,1.2557723977315256,0.25577239773152566,4.348675600020215,235.359375,245.1640625,9.8046875,1.1256759429783003,-0.014731260665159208
TS67,spine,1.0,0,8,10,78.16611755972033,0.05984738125192367,1694,3394,957339.6911641813,19331473.79737958,1306.0908585237028,False,,2,78.16611755972033,32.48410440964262,131.98519329097633,296,297,3301.3090471440128,12,13,2,48,49,3.8701179508753354,2.870117950875335,1.9344184567887213,0.9344184567887214,2.0979784183525787,1.0979784183525785,1.4876307714619743,0.4876307714619743,1.225767550054163,0.22576755005416294,8.362981799989939,245.14453125,246.15625,1.01171875,0.971103816042715,-0.012708438459832872
TS67,spine,1.0,1,8,10,78.16611755972033,0.05984738125192367,1694,3394,957339.6911641813,19331473.79737958,1306.0908585237028,False,,2,78.16611755972033,32.48410440964262,131.98519329097633,296,297,3301.3090471440128,12,13,2,54,55,3.900984230974317,2.900984230974317,1.9575747558701635,0.9575747558701635,2.12884469845156,1.1288446984515603,1.5107870705434165,0.5107870705434165,1.2001311619448058,0.20013116194480576,8.362981799989939,245.14453125,246.15625,1.01171875,1.1256759429783003,-0.014731260665159208
TS67,spine,1.0,0,9,10,78.16611755972033,0.05984738125192367,1694,3394,957339.6911641813,19331473.79737958,1306.0908585237028,False,,2,78.16611755972033,32.48410440964262,131.98519329097633,296,297,3301.3090471440128,12,13,2,48,49,3.682529535172151,2.682529535172151,1.8619725020578153,0.8619725020578153,2.1820321649154644,1.1820321649154644,1.461174608230755,0.46117460823075507,1.2315437956312136,0.23154379563121366,8.221033000008902,246.13671875,246.35546875,0.21875,0.971103816042715,-0.012708438459832872
TS67,spine,1.0,1,9,10,78.16611755972033,0.05984738125192367,1694,3394,957339.6911641813,19331473.79737958,1306.0908585237028,False,,2,78.16611755972033,32.48410440964262,131.98519329097633,296,297,3301.3090471440128,12,13,2,54,55,3.713306671514688,2.713306671514688,1.8850989010854513,0.8850989010854513,2.2128093012580012,1.2128093012580012,1.484301007258391,0.4843010072583911,1.2053315894343026,0.20533158943430269,8.221033000008902,246.13671875,246.35546875,0.21875,1.1256759429783003,-0.014731260665159208
TS67,spine,2.0,0,0,10,156.33223511944067,0.11969476250384734,1694,3394,957339.6911641813,19331473.79737958,1306.0908585237028,False,,2,78.16611755972033,32.48410440964262,131.98519329097633,296,297,3301.3090471440128,12,13,2,30,31,4.024279406823468,3.0242794068234677,1.8339258921987305,0.8339258921987305,1.9621032015998225,0.9621032015998227,1.340238111374049,0.3402381113740489,1.3305856475578839,0.33058564755788394,4.946818900003564,235.3984375,243.53125,8.1328125,0.971103816042715,-0.012708438459832872
TS67,spine,2.0,1,0,10,156.33223511944067,0.11969476250384734,1694,3394,957339.6911641813,19331473.79737958,1306.0908585237028,False,,2,78.16611755972033,32.48410440964262,131.98519329097633,296,297,3301.3090471440128,12,13,2,36,37,4.0554234993386755,3.0554234993386755,1.857598246002199,0.857598246002199,1.9932472941150305,0.9932472941150304,1.3639104651775171,0.36391046517751713,1.2996393790138516,0.2996393790138517,4.946818900003564,235.3984375,243.53125,8.1328125,1.1256759429783003,-0.014731260665159208
TS67,spine,2.0,0,1,10,156.33223511944067,0.11969476250384734,1694,3394,957339.6911641813,19331473.79737958,1306.0908585237028,False,,2,78.16611755972033,32.48410440964262,131.98519329097633,296,297,3301.3090471440128,12,13,2,30,31,3.9763856270220312,2.976385627022031,1.8337007586661997,0.8337007586661999,1.9674843136554863,0.9674843136554862,1.3494090202384705,0.34940902023847054,1.3274948027597262,0.32749480275972626,4.733495200023754,243.51171875,244.8515625,1.33984375,0.971103816042715,-0.012708438459832872
TS67,spine,2.0,1,1,10,156.33223511944067,0.11969476250384734,1694,3394,957339.6911641813,19331473.79737958,1306.0908585237028,False,,2,78.16611755972033,32.48410440964262,131.98519329097633,296,297,3301.3090471440128,12,13,2,36,37,4.007581579038969,3.007581579038969,1.8574161977458865,0.8574161977458864,1.9986802656724243,0.9986802656724242,1.373124459318157,0.37312445931815713,1.2967795721786124,0.29677957217861234,4.733495200023754,243.51171875,244.8515625,1.33984375,1.1256759429783003,-0.014731260665159208
TS67,spine,2.0,0,2,10,156.33223511944067,0.11969476250384734,1694,3394,957339.6911641813,19331473.79737958,1306.0908585237028,False,,2,78.16611755972033,32.48410440964262,131.98519329097633,296,297,3301.3090471440128,12,13,2,30,31,3.9470424770564283,2.9470424770564283,1.8211416517703694,0.8211416517703694,1.947590557444179,0.947590557444179,1.3374166245158243,0.33741662451582427,1.3342978034351523,0.3342978034351522,4.037040700000944,244.828125,244.84765625,0.01953125,0.971103816042715,-0.012708438459832872
TS67,spine,2.0,1,2,10,156.33223511944067,0.11969476250384734,1694,3394,957339.6911641813,19331473.79737958,1306.0908585237028,False,,2,78.16611755972033,32.48410440964262,131.98519329097633,296,297,3301.3090471440128,12,13,2,36,37,3.9782355788464585,2.978235578846458,1.8448230036959268,0.8448230036959267,1.978783659234209,0.978783659234209,1.3610979764413813,0.36109797644138136,1.3034001078245978,0.30340010782459775,4.037040700000944,244.828125,244.84765625,0.01953125,1.1256759429783003,-0.014731260665159208
TS67,spine,2.0,0,3,10,156.33223511944067,0.11969476250384734,1694,3394,957339.6911641813,19331473.79737958,1306.0908585237028,False,,2,78.16611755972033,32.48410440964262,131.98519329097633,296,297,3301.3090471440128,12,13,2,30,31,3.962050952905854,2.9620509529058534,1.833671782417358,0.8336717824173581,1.9429596197802241,0.9429596197802241,1.3482046365542022,0.34820463655420225,1.321498508986725,0.3214985089867251,4.742333400005009,244.828125,246.5,1.671875,0.971103816042715,-0.012708438459832872
TS67,spine,2.0,1,3,10,156.33223511944067,0.11969476250384734,1694,3394,957339.6911641813,19331473.79737958,1306.0908585237028,False,,2,78.16611755972033,32.48410440964262,131.98519329097633,296,297,3301.3090471440128,12,13,2,36,37,3.993152931926276,2.993152931926276,1.8573381820795534,0.8573381820795533,1.9740615988006465,0.9740615988006465,1.3718710362163975,0.37187103621639744,1.2909986775100863,0.2909986775100863,4.742333400005009,244.828125,246.5,1.671875,1.1256759429783003,-0.014731260665159208
TS67,spine,2.0,0,4,10,156.33223511944067,0.11969476250384734,1694,3394,957339.6911641813,19331473.79737958,1306.0908585237028,False,,2,78.16611755972033,32.48410440964262,131.98519329097633,296,297,3301.3090471440128,12,13,2,30,31,3.9935593390789617,2.993559339078961,1.8290337770462168,0.8290337770462168,2.0171159873457407,1.0171159873457407,1.349036772156225,0.3490367721562251,1.3278447534801532,0.32784475348015313,4.67732660000911,246.4765625,246.49609375,0.01953125,0.971103816042715,-0.012708438459832872
TS67,spine,2.0,1,4,10,156.33223511944067,0.11969476250384734,1694,3394,957339.6911641813,19331473.79737958,1306.0908585237028,False,,2,78.16611755972033,32.48410440964262,131.98519329097633,296,297,3301.3090471440128,12,13,2,36,37,4.024508652806163,3.024508652806163,1.8526196599594293,0.8526196599594293,2.0480653010729424,1.0480653010729424,1.3726226550694374,0.3726226550694374,1.2970659959097721,0.29706599590977206,4.67732660000911,246.4765625,246.49609375,0.01953125,1.1256759429783003,-0.014731260665159208
TS67,spine,2.0,0,5,10,156.33223511944067,0.11969476250384734,1694,3394,957339.6911641813,19331473.79737958,1306.0908585237028,False,,2,78.16611755972033,32.48410440964262,131.98519329097633,296,297,3301.3090471440128,12,13,2,30,31,4.098720705275293,3.0987207052752934,1.8671213216127385,0.8671213216127385,2.0798193495756894,1.0798193495756896,1.3823128214736187,0.3823128214736187,1.3222834766279095,0.32228347662790957,4.7296871000144165,246.4765625,246.5,0.0234375,0.971103816042715,-0.012708438459832872
TS67,spine,2.0,1,5,10,156.33223511944067,0.11969476250384734,1694,3394,957339.6911641813,19331473.79737958,1306.0908585237028,False,,2,78.16611755972033,32.48410440964262,131.98519329097633,296,297,3301.3090471440128,12,13,2,36,37,4.129665177827002,3.129665177827002,1.8907194776150267,0.8907194776150267,2.1107638221273977,1.1107638221273979,1.4059109774759067,0.40591097747590665,1.2919332204768927,0.2919332204768927,4.7296871000144165,246.4765625,246.5,0.0234375,1.1256759429783003,-0.014731260665159208
TS67,spine,2.0,0,6,10,156.33223511944067,0.11969476250384734,1694,3394,957339.6911641813,19331473.79737958,1306.0908585237028,False,,2,78.16611755972033,32.48410440964262,131.98519329097633,296,297,3301.3090471440128,12,13,2,30,31,3.800305256377023,2.8003052563770225,1.8055494454204748,0.8055494454204748,1.9502993569022462,0.9502993569022463,1.3534900278171615,0.35349002781716166,1.3080001260863738,0.30800012608637395,4.72720069999923,246.48046875,246.50390625,0.0234375,0.971103816042715,-0.012708438459832872
TS67,spine,2.0,1,6,10,156.33223511944067,0.11969476250384734,1694,3394,957339.6911641813,19331473.79737958,1306.0908585237028,False,,2,78.16611755972033,32.48410440964262,131.98519329097633,296,297,3301.3090471440128,12,13,2,36,37,3.8311289926027827,2.8311289926027827,1.8290806166822198,0.8290806166822198,1.9811230931280064,0.9811230931280064,1.3770211990789067,0.37702119907890663,1.2780419728397605,0.27804197283976056,4.72720069999923,246.48046875,246.50390625,0.0234375,1.1256759429783003,-0.014731260665159208
TS67,spine,2.0,0,7,10,156.33223511944067,0.11969476250384734,1694,3394,957339.6911641813,19331473.79737958,1306.0908585237028,False,,2,78.16611755972033,32.48410440964262,131.98519329097633,296,297,3301.3090471440128,12,13,2,30,31,4.086594765659866,3.0865947656598656,1.8500351837791422,0.8500351837791422,2.043443216439965,1.0434432164399652,1.3597720927792492,0.3597720927792491,1.3321705315688521,0.3321705315688521,4.677422700013267,246.484375,246.62890625,0.14453125,0.971103816042715,-0.012708438459832872
TS67,spine,2.0,1,7,10,156.33223511944067,0.11969476250384734,1694,3394,957339.6911641813,19331473.79737958,1306.0908585237028,False,,2,78.16611755972033,32.48410440964262,131.98519329097633,296,297,3301.3090471440128,12,13,2,36,37,4.117809772660285,3.1178097726602854,1.873736981815812,0.873736981815812,2.074658223440385,1.074658223440385,1.383473890815919,0.383473890815919,1.301241485625774,0.3012414856257739,4.677422700013267,246.484375,246.62890625,0.14453125,1.1256759429783003,-0.014731260665159208
TS67,spine,2.0,0,8,10,156.33223511944067,0.11969476250384734,1694,3394,957339.6911641813,19331473.79737958,1306.0908585237028,False,,2,78.16611755972033,32.48410440964262,131.98519329097633,296,297,3301.3090471440128,12,13,2,30,31,3.638286356938095,2.638286356938095,1.7095153357916013,0.7095153357916013,1.5849425523310068,0.5849425523310069,1.2202536646502604,0.22025366465026042,1.3898322962184797,0.3898322962184797,2.7550870000268333,246.609375,246.6328125,0.0234375,0.971103816042715,-0.012708438459832872
TS67,spine,2.0,1,8,10,156.33223511944067,0.11969476250384734,1694,3394,957339.6911641813,19331473.79737958,1306.0908585237028,False,,2,78.16611755972033,32.48410440964262,131.98519329097633,296,297,3301.3090471440128,12,13,2,36,37,3.6698130248991143,2.6698130248991143,1.7333427770351526,0.7333427770351527,1.616469220292026,0.6164692202920261,1.2440811058938117,0.2440811058938118,1.356931551542838,0.35693155154283795,2.7550870000268333,246.609375,246.6328125,0.0234375,1.1256759429783003,-0.014731260665159208
TS67,spine,2.0,0,9,10,156.33223511944067,0.11969476250384734,1694,3394,957339.6911641813,19331473.79737958,1306.0908585237028,False,,2,78.16611755972033,32.48410440964262,131.98519329097633,296,297,3301.3090471440128,12,13,2,30,31,4.006360870479896,3.006360870479896,1.817687733585624,0.8176877335856241,1.966808966265409,0.966808966265409,1.3269040970978727,0.3269040970978726,1.3405871132334553,0.3405871132334552,4.70647450000979,246.61328125,246.640625,0.02734375,0.971103816042715,-0.012708438459832872
TS67,spine,2.0,1,9,10,156.33223511944067,0.11969476250384734,1694,3394,957339.6911641813,19331473.79737958,1306.0908585237028,False,,2,78.16611755972033,32.48410440964262,131.98519329097633,296,297,3301.3090471440128,12,13,2,36,37,4.0369290229717585,3.036929022971758,1.8410931445832712,0.8410931445832711,1.997377118757271,0.9973771187572711,1.3503095080955196,0.3503095080955197,1.3094624501075545,0.3094624501075544,4.70647450000979,246.61328125,246.640625,0.02734375,1.1256759429783003,-0.014731260665159208
TS76,spine,1.0,0,0,10,86.5888012566166,0.0920959439094878,1509,3022,548029.1969304897,11801286.30696941,940.202115108526,False,,5,86.5888012566166,43.39702098324926,129.48504578291383,191,190,1576.7772959414992,9,7,0,25,24,1.6412907068566438,0.6412907068566438,1.2466487858823265,0.24664878588232642,1.1354677763770666,0.1354677763770666,1.0441682712098024,0.044168271209802365,1.1303017267906237,0.13030172679062357,3.396019600011641,246.83203125,249.0703125,2.23828125,3.0025786263459966,0.007964638385603268
TS76,spine,1.0,1,0,10,86.5888012566166,0.0920959439094878,1509,3022,548029.1969304897,11801286.30696941,940.202115108526,False,,5,86.5888012566166,43.39702098324926,129.48504578291383,191,190,1576.7772959414992,9,7,0,32,31,1.724003053119121,0.7240030531191209,1.3027602188026701,0.30276021880267,1.2181801226395437,0.2181801226395437,1.100279704130146,0.10027970413014596,1.0885444592474036,0.08854445924740366,3.396019600011641,246.83203125,249.0703125,2.23828125,4.057670999273716,0.010763375824168324
TS76,spine,1.0,0,1,10,86.5888012566166,0.0920959439094878,1509,3022,548029.1969304897,11801286.30696941,940.202115108526,False,,5,86.5888012566166,43.39702098324926,129.48504578291383,191,190,1576.7772959414992,9,7,0,25,24,1.592201371437972,0.5922013714379719,1.2043187220315954,0.20431872203159548,1.0817072499481777,0.08170724994817763,0.9937621064909363,-0.006237893509063668,1.1561304905724246,0.15613049057242462,2.3280241999891587,249.05078125,249.08984375,0.0390625,3.0025786263459966,0.007964638385603268
TS76,spine,1.0,1,1,10,86.5888012566166,0.0920959439094878,1509,3022,548029.1969304897,11801286.30696941,940.202115108526,False,,5,86.5888012566166,43.39702098324926,129.48504578291383,191,190,1576.7772959414992,9,7,0,32,31,1.6753993040453565,0.6753993040453565,1.2604804392686473,0.26048043926864717,1.164905182555562,0.1649051825555622,1.049923823727988,0.04992382372798803,1.1123834489266569,0.11238344892665694,2.3280241999891587,249.05078125,249.08984375,0.0390625,4.057670999273716,0.010763375824168324
TS76,spine,1.0,0,2,10,86.5888012566166,0.0920959439094878,1509,3022,548029.1969304897,11801286.30696941,940.202115108526,False,,5,86.5888012566166,43.39702098324926,129.48504578291383,191,190,1576.7772959414992,9,7,0,25,24,1.6460871765987233,0.6460871765987233,1.2533939759808643,0.25339397598086427,1.0911836965373818,0.09118369653738169,1.0316614277337426,0.03166142773374255,1.1236312654552418,0.12363126545524189,3.3951061999832746,249.0703125,249.08984375,0.01953125,3.0025786263459966,0.007964638385603268
TS76,spine,1.0,1,2,10,86.5888012566166,0.0920959439094878,1509,3022,548029.1969304897,11801286.30696941,940.202115108526,False,,5,86.5888012566166,43.39702098324926,129.48504578291383,191,190,1576.7772959414992,9,7,0,32,31,1.7281373725586378,0.7281373725586376,1.30925099176614,0.30925099176613996,1.173233892497296,0.17323389249729612,1.0875184435190182,0.08751844351901823,1.0823559321705072,0.08235593217050713,3.3951061999832746,249.0703125,249.08984375,0.01953125,4.057670999273716,0.010763375824168324
TS76,spine,1.0,0,3,10,86.5888012566166,0.0920959439094878,1509,3022,548029.1969304897,11801286.30696941,940.202115108526,False,,5,86.5888012566166,43.39702098324926,129.48504578291383,191,190,1576.7772959414992,9,7,0,25,24,1.5821020001198287,0.5821020001198288,1.1924791389396103,0.19247913893961024,1.0585636958753204,0.058563695875320496,0.9792612259495648,-0.020738774050435175,1.1664624250118518,0.16646242501185182,3.046786199993221,248.09765625,249.08203125,0.984375,3.0025786263459966,0.007964638385603268
TS76,spine,1.0,1,3,10,86.5888012566166,0.0920959439094878,1509,3022,548029.1969304897,11801286.30696941,940.202115108526,False,,5,86.5888012566166,43.39702098324926,129.48504578291383,191,190,1576.7772959414992,9,7,0,32,31,1.6659305973004561,0.6659305973004562,1.2489408784308527,0.24894087843085258,1.1423922930559478,0.14239229305594792,1.035722965440807,0.03572296544080714,1.121668329730123,0.1216683297301232,3.046786199993221,248.09765625,249.08203125,0.984375,4.057670999273716,0.010763375824168324
TS76,spine,1.0,0,4,10,86.5888012566166,0.0920959439094878,1509,3022,548029.1969304897,11801286.30696941,940.202115108526,False,,5,86.5888012566166,43.39702098324926,129.48504578291383,191,190,1576.7772959414992,9,7,0,25,24,1.580991233566948,0.5809912335669479,1.205962096920637,0.20596209692063713,1.151137251995412,0.1511372519954119,1.0255398639623399,0.025539863962339954,1.1463538315888169,0.14635383158881676,3.414788599999156,249.0625,249.15625,0.09375,3.0025786263459966,0.007964638385603268
TS76,spine,1.0,1,4,10,86.5888012566166,0.0920959439094878,1509,3022,548029.1969304897,11801286.30696941,940.202115108526,False,,5,86.5888012566166,43.39702098324926,129.48504578291383,191,190,1576.7772959414992,9,7,0,32,31,1.6638791361787848,0.6638791361787848,1.2620527160033552,0.2620527160033551,1.2340251546072487,0.2340251546072488,1.0816304830450578,0.08163048304505793,1.1036155095161693,0.10361550951616921,3.414788599999156,249.0625,249.15625,0.09375,4.057670999273716,0.010763375824168324
TS76,spine,1.0,0,5,10,86.5888012566166,0.0920959439094878,1509,3022,548029.1969304897,11801286.30696941,940.202115108526,False,,5,86.5888012566166,43.39702098324926,129.48504578291383,191,190,1576.7772959414992,9,7,0,25,24,1.6667108502626782,0.6667108502626782,1.2360086145948197,0.2360086145948196,1.1280928238900794,0.12809282389007942,1.0166949922798716,0.016694992279871486,1.1556637751842351,0.15566377518423521,3.054859399999259,249.13671875,249.1640625,0.02734375,3.0025786263459966,0.007964638385603268
TS76,spine,1.0,1,5,10,86.5888012566166,0.0920959439094878,1509,3022,548029.1969304897,11801286.30696941,940.202115108526,False,,5,86.5888012566166,43.39702098324926,129.48504578291383,191,190,1576.7772959414992,9,7,0,32,31,1.7490652068619612,0.7490652068619613,1.2920147833832287,0.2920147833832287,1.2104471804893624,0.21044718048936234,1.0727011610682806,0.07270116106828065,1.1101369162770882,0.11013691627708827,3.054859399999259,249.13671875,249.1640625,0.02734375,4.057670999273716,0.010763375824168324
TS76,spine,1.0,0,6,10,86.5888012566166,0.0920959439094878,1509,3022,548029.1969304897,11801286.30696941,940.202115108526,False,,5,86.5888012566166,43.39702098324926,129.48504578291383,191,190,1576.7772959414992,9,7,0,25,24,1.5846732521036413,0.5846732521036413,1.1996254955972,0.19962549559720005,1.0612819973615484,0.061281997361548456,0.985609461051917,-0.014390538948082943,1.1597765965302018,0.1597765965302019,1.6029037999978755,249.14453125,249.8515625,0.70703125,3.0025786263459966,0.007964638385603268
TS76,spine,1.0,1,6,10,86.5888012566166,0.0920959439094878,1509,3022,548029.1969304897,11801286.30696941,940.202115108526,False,,5,86.5888012566166,43.39702098324926,129.48504578291383,191,190,1576.7772959414992,9,7,0,32,31,1.6657701731163967,0.6657701731163967,1.2551388123258398,0.25513881232583974,1.1423789183743038,0.14237891837430391,1.041122777780557,0.04112277778055695,1.1160037254488373,0.11600372544883722,1.6029037999978755,249.14453125,249.8515625,0.70703125,4.057670999273716,0.010763375824168324
TS76,spine,1.0,0,7,10,86.5888012566166,0.0920959439094878,1509,3022,548029.1969304897,11801286.30696941,940.202115108526,False,,5,86.5888012566166,43.39702098324926,129.48504578291383,191,190,1576.7772959414992,9,7,0,25,24,1.7003542902723265,0.7003542902723267,1.2627879085149938,0.26278790851499384,1.1220486169045585,0.12204861690455848,1.0329938848666596,0.0329938848666596,1.1415229377680844,0.14152293776808436,3.423263299977407,249.83203125,249.90625,0.07421875,3.0025786263459966,0.007964638385603268
TS76,spine,1.0,1,7,10,86.5888012566166,0.0920959439094878,1509,3022,548029.1969304897,11801286.30696941,940.202115108526,False,,5,86.5888012566166,43.39702098324926,129.48504578291383,191,190,1576.7772959414992,9,7,0,32,31,1.783838245616123,0.7838382456161229,1.319207455004246,0.319207455004246,1.2055325722483548,0.20553257224835475,1.0894134313559118,0.08941343135591179,1.0973542535365077,0.09735425353650766,3.423263299977407,249.83203125,249.90625,0.07421875,4.057670999273716,0.010763375824168324
TS76,spine,1.0,0,8,10,86.5888012566166,0.0920959439094878,1509,3022,548029.1969304897,11801286.30696941,940.202115108526,False,,5,86.5888012566166,43.39702098324926,129.48504578291383,191,190,1576.7772959414992,9,7,0,25,24,1.530433874656578,0.530433874656578,1.1905004097857146,0.1905004097857145,1.004555338586164,0.0045553385861641215,0.9763406517799625,-0.023659348220037468,1.136035126627404,0.13603512662740405,3.376963299990166,249.88671875,249.90625,0.01953125,3.0025786263459966,0.007964638385603268
TS76,spine,1.0,1,8,10,86.5888012566166,0.0920959439094878,1509,3022,548029.1969304897,11801286.30696941,940.202115108526,False,,5,86.5888012566166,43.39702098324926,129.48504578291383,191,190,1576.7772959414992,9,7,0,32,31,1.6137344824618596,0.6137344824618596,1.2468793410145644,0.2468793410145645,1.0878559463914457,0.08785594639144571,1.0327195830088125,0.03271958300881253,1.0950184691445881,0.09501846914458806,3.376963299990166,249.88671875,249.90625,0.01953125,4.057670999273716,0.010763375824168324
TS76,spine,1.0,0,9,10,86.5888012566166,0.0920959439094878,1509,3022,548029.1969304897,11801286.30696941,940.202115108526,False,,5,86.5888012566166,43.39702098324926,129.48504578291383,191,190,1576.7772959414992,9,7,0,25,24,1.7208109381936005,0.7208109381936006,1.2678950032729028,0.2678950032729029,1.1700032647676473,0.17000326476764735,1.0473432327156864,0.04734323271568652,1.1460849710118015,0.1460849710118015,3.3896750999847427,248.90625,248.9375,0.03125,3.0025786263459966,0.007964638385603268
TS76,spine,1.0,1,9,10,86.5888012566166,0.0920959439094878,1509,3022,548029.1969304897,11801286.30696941,940.202115108526,False,,5,86.5888012566166,43.39702098324926,129.48504578291383,191,190,1576.7772959414992,9,7,0,32,31,1.8054432824887408,0.8054432824887406,1.324566713275805,0.324566713275805,1.2546356090627875,0.25463560906278737,1.1040149427185886,0.10401494271858865,1.101391069973414,0.10139106997341404,3.3896750999847427,248.90625,248.9375,0.03125,4.057670999273716,0.010763375824168324
TS76,spine,2.0,0,0,10,173.1776025132332,0.1841918878189756,1509,3022,548029.1969304897,11801286.30696941,940.202115108526,False,,5,86.5888012566166,43.39702098324926,129.48504578291383,191,190,1576.7772959414992,9,7,0,16,15,1.8054006849862831,0.8054006849862831,1.2393741085878804,0.23937410858788036,1.1901071552068896,0.19010715520688964,1.0035731313802454,0.0035731313802453775,1.2288842559992055,0.22888425599920545,1.517166300007375,248.91796875,248.95703125,0.0390625,3.0025786263459966,0.007964638385603268
TS76,spine,2.0,1,0,10,173.1776025132332,0.1841918878189756,1509,3022,548029.1969304897,11801286.30696941,940.202115108526,False,,5,86.5888012566166,43.39702098324926,129.48504578291383,191,190,1576.7772959414992,9,7,0,23,22,1.8943559973171231,0.894355997317123,1.2988504924485607,0.29885049244856055,1.2790624675377296,0.2790624675377295,1.0630495152409256,0.06304951524092557,1.1709188680322893,0.17091886803228923,1.517166300007375,248.91796875,248.95703125,0.0390625,4.057670999273716,0.010763375824168324
TS76,spine,2.0,0,1,10,173.1776025132332,0.1841918878189756,1509,3022,548029.1969304897,11801286.30696941,940.202115108526,False,,5,86.5888012566166,43.39702098324926,129.48504578291383,191,190,1576.7772959414992,9,7,0,16,15,1.8619294271176132,0.8619294271176133,1.248458253406371,0.24845825340637112,1.3048884750489105,0.3048884750489104,1.0256710869090042,0.0256710869090043,1.2440611213629555,0.24406112136295563,1.811641000007512,248.9375,248.95703125,0.01953125,3.0025786263459966,0.007964638385603268
TS76,spine,2.0,1,1,10,173.1776025132332,0.1841918878189756,1509,3022,548029.1969304897,11801286.30696941,940.202115108526,False,,5,86.5888012566166,43.39702098324926,129.48504578291383,191,190,1576.7772959414992,9,7,0,23,22,1.9501092777636342,0.9501092777636341,1.3078710874707935,0.30787108747079356,1.393068325694931,0.3930683256949311,1.0850839209734267,0.08508392097342672,1.1826785253037877,0.1826785253037877,1.811641000007512,248.9375,248.95703125,0.01953125,4.057670999273716,0.010763375824168324
TS76,spine,2.0,0,2,10,173.1776025132332,0.1841918878189756,1509,3022,548029.1969304897,11801286.30696941,940.202115108526,False,,5,86.5888012566166,43.39702098324926,129.48504578291383,191,190,1576.7772959414992,9,7,0,16,15,1.823410463296836,0.8234104632968359,1.259158096951578,0.25915809695157804,1.1102858777535245,0.11028587775352439,0.9955546294354902,-0.004445370564509778,1.2161918361397757,0.21619183613977563,0.8842325000150595,248.9375,249.01953125,0.08203125,3.0025786263459966,0.007964638385603268
TS76,spine,2.0,1,2,10,173.1776025132332,0.1841918878189756,1509,3022,548029.1969304897,11801286.30696941,940.202115108526,False,,5,86.5888012566166,43.39702098324926,129.48504578291383,191,190,1576.7772959414992,9,7,0,23,22,1.9094064072342407,0.9094064072342407,1.3174426704868962,0.3174426704868963,1.1962818216909292,0.19628182169092925,1.0538392029708084,0.053839202970808256,1.1611536056001397,0.16115360560013975,0.8842325000150595,248.9375,249.01953125,0.08203125,4.057670999273716,0.010763375824168324
TS76,spine,2.0,0,3,10,173.1776025132332,0.1841918878189756,1509,3022,548029.1969304897,11801286.30696941,940.202115108526,False,,5,86.5888012566166,43.39702098324926,129.48504578291383,191,190,1576.7772959414992,9,7,0,16,15,1.6907122593628987,0.6907122593628987,1.1920060622728983,0.19200606227289838,1.1464681371101386,0.1464681371101387,0.9750553195146119,-0.024944680485388167,1.2320946099847936,0.23209460998479367,1.315597600012552,249.0,249.01953125,0.01953125,3.0025786263459966,0.007964638385603268
TS76,spine,2.0,1,3,10,173.1776025132332,0.1841918878189756,1509,3022,548029.1969304897,11801286.30696941,940.202115108526,False,,5,86.5888012566166,43.39702098324926,129.48504578291383,191,190,1576.7772959414992,9,7,0,23,22,1.7803136619939213,0.7803136619939213,1.2517372063669554,0.25173720636695546,1.2360695397411612,0.23606953974116127,1.0347864636086692,0.03478646360866915,1.174945863978004,0.17494586397800388,1.315597600012552,249.0,249.01953125,0.01953125,4.057670999273716,0.010763375824168324
TS76,spine,2.0,0,4,10,173.1776025132332,0.1841918878189756,1509,3022,548029.1969304897,11801286.30696941,940.202115108526,False,,5,86.5888012566166,43.39702098324926,129.48504578291383,191,190,1576.7772959414992,9,7,0,16,15,1.7216771733462852,0.7216771733462851,1.2048707304771344,0.2048707304771345,1.1698337894020556,0.16983378940205557,0.9841381664214764,-0.015861833578523537,1.2300208171510996,0.23002081715109948,1.4638152999978047,249.0,249.01953125,0.01953125,3.0025786263459966,0.007964638385603268
TS76,spine,2.0,1,4,10,173.1776025132332,0.1841918878189756,1509,3022,548029.1969304897,11801286.30696941,940.202115108526,False,,5,86.5888012566166,43.39702098324926,129.48504578291383,191,190,1576.7772959414992,9,7,0,23,22,1.813709178845581,0.8137091788455811,1.2654902699201143,0.26549026992011426,1.2618657949013514,0.26186579490135153,1.0447577058644562,0.04475770586445625,1.1722742023418367,0.17227420234183663,1.4638152999978047,249.0,249.01953125,0.01953125,4.057670999273716,0.010763375824168324
TS76,spine,2.0,0,5,10,173.1776025132332,0.1841918878189756,1509,3022,548029.1969304897,11801286.30696941,940.202115108526,False,,5,86.5888012566166,43.39702098324926,129.48504578291383,191,190,1576.7772959414992,9,7,0,16,15,2.000950091826,1.0009500918260004,1.303805350610352,0.303805350610352,1.3467155992709414,0.34671559927094137,1.053392453555453,0.05339245355545313,1.2417748089620375,0.24177480896203757,1.7409879999759141,249.0,249.01953125,0.01953125,3.0025786263459966,0.007964638385603268
TS76,spine,2.0,1,5,10,173.1776025132332,0.1841918878189756,1509,3022,548029.1969304897,11801286.30696941,940.202115108526,False,,5,86.5888012566166,43.39702098324926,129.48504578291383,191,190,1576.7772959414992,9,7,0,23,22,2.0953865086935743,1.0953865086935743,1.3657569693484808,0.3657569693484808,1.4411520161385154,0.4411520161385153,1.115344072293582,0.11534407229358189,1.179006109820618,0.17900610982061801,1.7409879999759141,249.0,249.01953125,0.01953125,4.057670999273716,0.010763375824168324
TS76,spine,2.0,0,6,10,173.1776025132332,0.1841918878189756,1509,3022,548029.1969304897,11801286.30696941,940.202115108526,False,,5,86.5888012566166,43.39702098324926,129.48504578291383,191,190,1576.7772959414992,9,7,0,16,15,1.825142278618826,0.825142278618826,1.256054769620366,0.2560547696203662,1.1175485181302258,0.11754851813022583,0.9940475214022507,-0.005952478597749248,1.2218344187915058,0.2218344187915058,0.7563217999995686,249.0,249.0234375,0.0234375,3.0025786263459966,0.007964638385603268
TS76,spine,2.0,1,6,10,173.1776025132332,0.1841918878189756,1509,3022,548029.1969304897,11801286.30696941,940.202115108526,False,,5,86.5888012566166,43.39702098324926,129.48504578291383,191,190,1576.7772959414992,9,7,0,23,22,1.9091362966200367,0.9091362966200368,1.3136704941409152,0.3136704941409151,1.201542536131437,0.20154253613143686,1.0516632459227997,0.05166324592279964,1.166245203524359,0.16624520352435893,0.7563217999995686,249.0,249.0234375,0.0234375,4.057670999273716,0.010763375824168324
TS76,spine,2.0,0,7,10,173.1776025132332,0.1841918878189756,1509,3022,548029.1969304897,11801286.30696941,940.202115108526,False,,5,86.5888012566166,43.39702098324926,129.48504578291383,191,190,1576.7772959414992,9,7,0,16,15,1.7595228573721156,0.7595228573721156,1.2189088251481957,0.2189088251481957,1.2003142641645648,0.2003142641645647,0.9954994252916323,-0.00450057470836772,1.2347500445864377,0.2347500445864377,1.8072923999861814,249.0,249.01953125,0.01953125,3.0025786263459966,0.007964638385603268
TS76,spine,2.0,1,7,10,173.1776025132332,0.1841918878189756,1509,3022,548029.1969304897,11801286.30696941,940.202115108526,False,,5,86.5888012566166,43.39702098324926,129.48504578291383,191,190,1576.7772959414992,9,7,0,23,22,1.8489919778343435,0.8489919778343435,1.278819887692211,0.2788198876922109,1.2897833846267923,0.2897833846267924,1.0554104878356474,0.055410487835647455,1.1766552606056564,0.1766552606056565,1.8072923999861814,249.0,249.01953125,0.01953125,4.057670999273716,0.010763375824168324
TS76,spine,2.0,0,8,10,173.1776025132332,0.1841918878189756,1509,3022,548029.1969304897,11801286.30696941,940.202115108526,False,,5,86.5888012566166,43.39702098324926,129.48504578291383,191,190,1576.7772959414992,9,7,0,16,15,1.850761264389598,0.8507612643895982,1.2456849450002945,0.24568494500029459,1.2877361903679982,0.2877361903679982,1.021371457173325,0.021371457173324965,1.2420021823379155,0.2420021823379154,1.8858502999937627,249.0,249.01953125,0.01953125,3.0025786263459966,0.007964638385603268
TS76,spine,2.0,1,8,10,173.1776025132332,0.1841918878189756,1509,3022,548029.1969304897,11801286.30696941,940.202115108526,False,,5,86.5888012566166,43.39702098324926,129.48504578291383,191,190,1576.7772959414992,9,7,0,23,22,1.9395066846878197,0.9395066846878197,1.3052099521434233,0.30520995214342334,1.3764816106662197,0.37648161066621966,1.0808964643164538,0.08089646431645375,1.1811006526896644,0.1811006526896644,1.8858502999937627,249.0,249.01953125,0.01953125,4.057670999273716,0.010763375824168324
TS76,spine,2.0,0,9,10,173.1776025132332,0.1841918878189756,1509,3022,548029.1969304897,11801286.30696941,940.202115108526,False,,5,86.5888012566166,43.39702098324926,129.48504578291383,191,190,1576.7772959414992,9,7,0,16,15,1.830942719861249,0.8309427198612489,1.2436854165561144,0.24368541655611436,1.2430943165574568,0.24309431655745675,1.0170507914299352,0.017050791429935083,1.2366181126245515,0.23661811262455154,1.7539988000062294,249.0,249.01953125,0.01953125,3.0025786263459966,0.007964638385603268
TS76,spine,2.0,1,9,10,173.1776025132332,0.1841918878189756,1509,3022,548029.1969304897,11801286.30696941,940.202115108526,False,,5,86.5888012566166,43.39702098324926,129.48504578291383,191,190,1576.7772959414992,9,7,0,23,22,1.9221183980930028,0.9221183980930028,1.3040270081786804,0.3040270081786805,1.3342699947892107,0.33426999478921066,1.0773923830525012,0.0773923830525012,1.1771143808404252,0.1771143808404251,1.7539988000062294,249.0,249.01953125,0.01953125,4.057670999273716,0.010763375824168324
