# file written from a CGAL tool in Wavefront obj format
# 1417 vertices
# 8490 halfedges
# 2830 facets


# 1417 vertices
# ------------------------------------------

v -0.80872381574511298 0.44443489815318477 -0.24176582683470338
vn -0.90499139601504985 0.33038188762792198 -0.26802682975057235
v 0.72360711439289938 -0.44721978837351134 0.52572479868633759
vn 0.72360559285990123 -0.44722078211611305 0.52572665713783528
v -0.66223350801604919 0.075201491085302052 -3.4131632279043225
vn 0.55408701540640293 0.59704091822926819 -0.5801118179437279
v -0.80721392258227398 0.49889199803303252 -0.17974107525366745
vn -0.81826879173185718 0.50572293103592425 -0.27327733440979035
v -0.60323066501146805 0.16878045143324061 -3.2604976904597596
vn 0.57638407909317957 0.55930617447659214 -0.59578351484433256
v -0.84757700000000002 0.45604899999999998 -0.096268999999999993
vn -0.90499073725209411 0.33038497231303771 -0.26802525171637182
v -0.83463520969153127 0.030196964596858056 -3.624148492300983
vn 0.19367800729616558 0.13320741323959007 -0.97197973978257568
v -0.6900953344720111 0.15697468035792567 -3.3556168935891653
vn 0.57638137332459394 0.55930768487911198 -0.59578471457366478
v -0.80290510310474694 0.14163361861157336 -3.4791529643983621
vn 0.57637693459898443 0.559308528671148 -0.59578821658202796
v -0.87623653566279824 0.39175406693821391 -0.078751214619276491
vn -0.95541884404588129 0.26222739913240761 -0.13568943800563465
v -0.64411785459501836 -0.1312272993112753 -3.608310859095976
vn 0.70347932245389522 -0.4021304579511854 -0.58601018563483909
v -0.71277854003911822 -0.073051588924638089 -3.6140190079950059
vn 0.19366242094074856 0.13321418905709406 -0.97198191678098056
v -0.89302179569002027 0.30387136046527252 -0.13040783099446607
vn -0.9554185607475395 0.26222560044776216 -0.13569490870666703
v -0.85107415091999583 0.3288810817435347 -0.24121179988421954
vn -0.90498783738068633 0.33038486174297327 -0.26803517926590292
v -0.77419449091333203 -0.021015349049850141 -3.6191235129256829
vn 0.19367800729616558 0.13320741323959007 -0.97197973978257568
v -0.47305913063329363 0.18647852447186999 -3.1179527035543027
vn 0.57637956167266557 0.55931030233647383 -0.59578401001227621
v -0.76318844983405998 0.36939515453359684 -0.48801301147187098
vn -0.87046224730820876 0.23246451082369279 -0.43388446298368882
v -0.52747797534375418 0.076067137455780975 -3.2835620086563528
vn 0.55408972041303928 0.59703729458493571 -0.58011296366078624
v -0.81281191042966117 0.27182228416486115 -0.44073122629087513
vn -0.87046453813875801 0.23245560477953647 -0.43388463864195354
v -0.90352900000000003 0.168381 -0.26194000000000001
vn -0.90498920270827543 0.33038145881611275 -0.26803476388703246
v -0.74633621085780988 0.46126754277296017 -0.43166566508126314
vn -0.81827079754388576 0.50572501819161741 -0.27326746579492678
v -0.95105807454945601 1.3828653480096875e-06 -0.30901306570252018
vn -0.95105653377979837 4.6261781245790712e-06 -0.3090169405281103
v -0.39737842675533253 0.10953711796505683 -3.1248518355313024
vn 0.55407963203996613 0.59704665226104825 -0.58011296863829098
v -0.48898354969331592 0.41947492638061568 -0.69875192281836784
vn -0.53457202638343149 0.33039492075105603 -0.77786370589597198
v -0.74323201501268621 0.053457652214995557 -2.9445609039300447
vn 0.13667445286710139 -0.89687743829612543 0.42063161389612425
v -0.41201483346718015 0.50031997230308978 -0.71730855420643236
vn -0.51275279912410976 0.50572568340131607 -0.69377669328009439
v -0.42019699999999999 0.33882299999999999 -0.78027899999999994
vn -0.53457072630169222 0.33038602574621373 -0.7778683774089955
v -0.36647059146995931 0.42521914548970152 -0.78050630858324499
vn -0.53457225757931892 0.3303942299678358 -0.77786384041843148
v -0.90603040589040063 0.23575903704624196 0.17043973360686565
vn -0.95541977918296384 0.26222689271225652 0.13568383206724124
v -0.92496294259378153 0.13662868398914613 0.22870545981723658
vn -0.95541899383509832 0.26222829650567653 0.1356866490516267
v -0.87649077728971891 -0.018250384204866688 -3.054160834683854
vn -0.67840100447116214 -0.55326803971262317 0.48339068398663765
v -0.20488280247777874 -1.3395748256629871 -2.8542300351874816
vn -0.66330198869739865 -0.73312463703778818 -0.15019566690915956
v -0.91624240548523395 0.18228990754122357 0.062350746857754741
vn -0.98224676718686077 0.18759341232978491 1.1951333839864532e-06
v -0.55127995908010574 0.35061160608034464 -0.68518756178768225
vn -0.53458322391229274 0.33038488755305573 -0.77786027202068508
v -0.93103312918916725 0.10485074573336832 0.028660917135057286
vn -0.9822442665437735 0.187606505328933 3.8687782583677986e-07
v -0.88443000000000005 0.34885899999999997 0.037085
vn -0.98224786705544376 0.18758765315633533 -6.9519567332378699e-06
v -0.89825894144395724 0.276446946536132 0.014223442801367061
vn -0.98224547749829039 0.18760016501382623 4.5760968074594053e-06
v -0.81767227068982185 -0.093433707871402039 -3.2335799447074516
vn 0.13666797183377782 -0.89687921750964261 0.42062992603253146
v -0.92316156079180545 0.14606159151971246 -0.090065581842912801
vn -0.98224616380192964 0.1875965716503637 -1.1928503246286474e-06
v -0.70077199999999995 0.088791999999999996 -2.8830179999999999
vn 0.13667087387179017 -0.89688090857277425 0.4206253773523374
v -0.62611801205606588 0.14214893155029704 -2.7935041724839889
vn 0.13667087387179017 -0.89688090857277425 0.4206253773523374
v -0.51492722751326303 0.29748004575273096 -0.7327379784558844
vn -0.53458016583465473 0.33037277627509964 -0.77786751763553919
v -0.58778595391495525 7.0057037060422545e-08 -1.7321931655360248
vn -0.90453117507538294 -0.38810565085075455 -0.17662773591500031
v -0.5257148380476786 0.21938576359378098 -0.75849221259656507
vn -0.53458005218218918 0.33040113590801234 -0.77785555034311038
v -0.59323796895704928 0.26887553989468282 -0.69106822984678695
vn -0.53457378322205962 0.33038502259153624 -0.77786670268037861
v 0.27638796101774871 0.44721985167722877 -1.7738249540678011
vn 0.82584857905566522 0.50446611971481869 -0.25196836811713724
v -0.26286900000000002 0.52573800000000004 -1.7321880000000001
vn -0.41836023741455408 0.89719052378448894 0.1415057446952325
v -0.90759599999999996 0.22756399999999999 -0
vn -0.98224526884146324 0.18760125732599564 9.3950631450994252e-06
v 0.58778600746640253 -1.4540274338725734e-07 -1.732192582795423
vn 0.86637107625134457 0.023690097724878272 -0.49883858862849872
v -0.85127936302545049 0.19618782208840763 0.40408161460266107
vn -0.87046253123737727 0.23245482932532952 0.43388908033638035
v -0.80412611605485396 0.28890055235942613 0.44900745018879762
vn -0.87046558844975541 0.23244355108101228 0.43388898912702278
v -0.14633191335287155 0.23089486870617559 -2.760169864791898
vn 0.0617152544339351 -0.56733200061023226 -0.82117332424631639
v -0.90352900000000003 0.168381 0.26194000000000001
vn -0.90498777209493708 0.33039057653611059 0.2680283553931907
v -0.60106000000000004 0.20555100000000001 -0.71258999999999995
vn -0.53456951710720657 0.33039980607367025 -0.77786335530493345
v -0.86998120461017026 0.23837026984959708 0.28893831048596802
vn -0.9049867032613238 0.33039320953128737 0.26802871864002825
v -0.58864901019690308 1.0119759917522373 -3.5997470121047819
vn -0.20621524556528867 -0.66732145007916843 -0.71565169933472783
v -0.83559273967347858 0.29455048806672102 0.33580181932100611
vn -0.90499119957287799 0.33038511424526917 0.26802351572349747
v -0.04822220836559582 0.49448389944758037 -1.1057211270858094
vn 0.14407566793233689 0.98956667376668206 8.9552280654596381e-06
v -0.76350377687017124 0.36877514755740542 0.48771256279195213
vn -0.87046291960646693 0.23246479384561072 0.4338829625745903
v -0.14898031809548651 0.50915529281906136 -1.0952684689596306
vn 0.14407658189422293 0.98956654073860872 5.4837868234889115e-07
v -0.076039525161754537 0.49853507221596322 -0.96387277442119434
vn 0.14408869566486457 0.98956477694629286 -2.9718432301895312e-06
v -0.59473273284241124 0.10957183584413591 -2.8731650197438365
vn 0.13666622655993999 -0.89687819587655349 0.4206326714356432
v -0.13296057943151152 -0.87777009787781601 0.40921608595946424
vn -0.08444208559258419 -0.96193884111731986 0.25989074652754046
v -0.68709355837992703 0.0015654527589191516 -3.0734477477480455
vn 0.13667071101076403 -0.89687900297816892 0.42062949346033507
v -0.47410280501455487 0.23089509285415208 -2.6536715694605366
vn 0.029357348983141195 -0.99547842181396173 0.090337466000912844
v -0.79127969837707179 0.48904635877099284 0.24567657981635777
vn -0.81826865993114983 0.50572338210261947 0.27327689431997032
v -0.16085707121312243 0.51088391854925808 -0.81688816193608438
vn 0.10022038631478154 0.90615319156795648 -0.41090420730155863
v -4.102997894772642e-07 -1.0000004133298419 1.6017558945868871e-08
vn 3.2285503809989453e-07 -0.99999999998185873 -6.0148250839709912e-06
v -0.83650932102874931 0.41156245235481614 0.18847172423887196
vn -0.90498863866163759 0.33038549618861746 0.26803169178579817
v 0.49583814307767948 -0.75528085286991864 0.36024522770111805
vn 0.59720010176803917 -0.67460873642466901 0.43388373003346786
v 0.55216781635242596 -0.67909472231021906 0.40116704269976022
vn 0.59719348658905413 -0.67461722369034094 0.43387963892760134
v -0.85411025376600802 0.30217962396045694 0.26387253291675211
vn -0.9049877669861911 0.33038627220885691 0.26803367837136205
v 0.61573289313289115 -0.59312277841125749 0.44735000230985467
vn 0.5971933957546105 -0.67461938847775904 0.43387639801788203
v -0.6209754663920366 0.10928938160944321 0.73978891542964509
vn -0.68163952413352147 0.23245705651705745 0.69378042348746904
v -0.13775850668796966 0.50752130239529458 -1.2488970058109918
vn 0.14408902548182304 0.98956472892639147 -7.3215834174844332e-07
v 0.17565694712560501 -0.51303833531074772 0.8157454673716672
vn -0.007019774676889818 -0.50572770667715139 0.86266459847530241
v -0.13025926632139143 0.50642916480305966 -1.3717188955754933
vn 0.14408229598725422 0.98956570877285488 -1.9795688811199409e-06
v 0.090858654522231949 -0.50069188223385486 0.82229341022581592
vn -0.0070311165317239856 -0.50572346473081664 0.86266699288947857
v -0.49378999254699485 0.10008817947589937 -2.9261831268550522
vn 0.13667178883008899 -0.89687856470720595 0.4206300777485199
v -0.46137004910992474 0.16286999839053345 -2.8028517218216127
vn 0.13667299293042107 -0.89687823974647696 0.42063037939823378
v -0.18323379436873899 0.5141422980360274 -1.2081158054315129
vn 0.1440891343276102 0.98956471307558069 -2.0889380890689108e-06
v -0.20067699999999999 0.51668199999999997 -1.524054
vn 0.14409427711097714 0.98956396422750281 2.4928995608012245e-06
v -0.32560236319961433 0.1343026218860961 -2.9078779788249118
vn 0.23789741716840757 -0.91960050799664661 0.31263353082628559
v -0.11417881926451143 0.68660441628993751 -2.9047681742462736
vn 0.74116757781943909 -0.24997805684801266 -0.62304220778672581
v 0.8189396073759585 -0.50613724930219384 0.13122036839277532
vn 0.81827386472999564 -0.5057231331742823 0.27326176986952261
v -0.52057866496552141 0.22834745587582375 0.75821556783042532
vn -0.53458020441674214 0.33039964594177251 0.77785607859507377
v -0.50827788782890937 0.30059715288144095 0.73598365433281665
vn -0.53458020610541379 0.33037157348252538 0.77786800080410401
v 0.763934692285137 -0.47214354493918992 0.35884010871109417
vn 0.81827195305649303 -0.50572636168865659 0.273261519307543
v -0.33360009810243002 0.41128815493635951 0.80901274402866141
vn -0.42429094097762088 0.26222890623225154 0.86672556102872733
v -0.26104333703429827 0.71127564271736499 -3.0893760269855388
vn 0.74116757781943909 -0.24997805684801266 -0.62304220778672581
v -0.023569840734110906 0.49089538762318136 -1.1877539654908635
vn 0.14408229598725422 0.98956570877285488 -1.9795688811199409e-06
v 0.54780909589283322 -0.68498920730986079 -0.3980017467935687
vn 0.59719869747352194 -0.67461164492199299 -0.43388114071894368
v -0.40318100000000001 0.45092599999999999 0.74436000000000002
vn -0.53457272181514914 0.33038123432652361 0.77786904109626687
v 0.018182245079980008 0.48481600320641238 -1.2900078167096114
vn 0.14408980530003462 0.98956461537744689 1.2180571801966626e-06
v -0.38274409816042004 0.33176559436820308 0.80901532047201175
vn -0.42429371825574697 0.26222377177577788 0.86672575487543779
v -0.36519400000000002 0.71224799999999999 -3.2136640000000001
vn 0.74116905572661407 -0.24998187999294658 -0.6230389157255839
v -0.26364395199851276 0.78057700772043459 -3.1202775459105285
vn 0.74116583018458571 -0.24999895407026435 -0.62303590195956426
v 0.041741838671220763 0.48138521654238842 -1.0537035431454504
vn 0.14408980530003462 0.98956461537744689 1.2180571801966626e-06
v 0.04822220836559582 -0.49448389944758037 -1.1057211270858094
vn -0.14407568483169941 -0.98956667130617715 8.9604283134119904e-06
v -0.35268711964843402 0.83826051775288724 -3.2493473066560195
vn 0.74116672129637695 -0.24998922589221761 -0.62303874532856174
v -0.50157931742404738 0.37739054374408909 0.70796978167111579
vn -0.53457580760131762 0.33038752545772054 0.77786424840670176
v 0.14898032139161699 -0.50915529329899678 -1.0952684687050598
vn -0.14407649411295284 -0.9895665535191468 5.98140592481352e-07
v 0.07603952516175462 -0.49853507221596288 -0.96387277442119434
vn -0.14408863978745284 -0.98956478508233425 -3.0257535858615197e-06
v -0.040343844587857364 0.40239197851542069 -2.7028985289442451
vn 0.81679691778312946 -0.35218979040834786 -0.45695201786632222
v -0.58620559874319311 0.26070225587557549 0.69937259395877116
vn -0.53457287134321518 0.33038425640000579 0.77786765477611008
v -0.53022072813678267 0.093142254163745636 0.8090164558112396
vn -0.42429453150818297 0.26222727916009619 0.86672429560763131
v 0.15675492210870495 -0.51028663030670651 -0.81720485547933497
vn -0.10022026259431116 -0.90615322329806436 -0.41090416750387859
v -0.29750356416357004 0.068140722744902099 0.88965213208755212
vn -0.30352135220788817 0.18759647767871224 0.93417468940045434
v -0.35602793784171216 0.12999079358990856 0.85821551174218147
vn -0.30352550161889408 0.18760753638410105 0.934171120383673
v -0.86864699999999995 -0.45703100000000002 0.0625
vn -0.82262325991471341 -0.5057216164726408 0.25987808464660711
v -0.13271627037674627 -0.87799460491291514 -0.4084646404184995
vn -0.084444292078741864 -0.96193706613462604 -0.2598965993075481
v 0.13775852646475339 -0.50752130527489137 -1.2488970042835683
vn -0.14408932703502503 -0.98956468501708017 -1.2807909609546101e-06
v 0.12387959219531991 -0.50549993144076311 -1.432242574126166
vn -0.1440827572590378 -0.98956564160807592 -3.0708886160708178e-06
v 0.18323379436873899 -0.5141422980360274 -1.2081158054315129
vn -0.14408913432760026 -0.98956471307558214 -2.0889380877505362e-06
v -0.060921000000000003 -0.94399500000000003 -0.187498
vn -0.084439904668219601 -0.96193999145793374 -0.25988719732517079
v -0.040613999999999997 -0.96266399999999996 -0.124999
vn -0.084438837929973337 -0.96193931638747043 -0.25989004258924958
v -0.22296084892435983 0.51448732807644382 -2.9651157543886137
vn 0.74116742331064422 -0.24998302786716847 -0.62304039708627457
v -0.20510374705545659 0.10238361453683323 0.91279713033257315
vn -0.30352976930134318 0.1875960837409065 0.93417203368167057
v 0.02356997917164641 -0.4908954077800235 -1.1877539547988982
vn -0.1440827572590378 -0.98956564160807592 -3.0708886160708178e-06
v -0.50294987641962396 -0.49041712648862823 -0.65773063293115441
vn -0.50137637231291265 -0.50572168383451144 -0.70204509241638469
v -0.052977409212356434 -0.47974957942700863 -1.3100688829235245
vn -0.1440896404182434 -0.98956463938553141 1.3872899657586819e-06
v -0.43081399999999997 -0.47666399999999998 -0.71915499999999999
vn -0.50137053630920525 -0.50572676979721343 -0.7020455965473299
v -0.042299783886294684 -0.48130397975551009 -1.0537466810437521
vn -0.1440896404182434 -0.98956463938553141 1.3872899657586819e-06
v -0.13888606948008711 0.27777289548810619 0.89909161852442088
vn -0.16620142968910237 0.26223270474476024 0.95058460608803552
v -0.27085210840818263 0.20289443034603072 0.87125017660884363
vn -0.30352842772868988 0.1875968939739045 0.93417230687485764
v 0.075833643606600068 0.12270401828915939 0.95902203745316494
vn 0.14366072901475785 0.23245860118321968 0.96193793649844639
v -0.14261099999999999 0.74639200000000006 -2.9625789999999999
vn 0.74116708600814973 -0.24999652933965696 -0.62303538096669442
v 0.56224945289101502 0.39716564657539594 -0.65336954684323434
vn 0.57460553571811135 0.33038082063255741 -0.74878367482221486
v 0.57037596232113441 -0.47333304052535508 -0.61994001139177601
vn 0.51275229632036967 -0.50572600474416096 -0.69377683064779327
v 0.60454600000000003 0.279918 -0.67264699999999999
vn 0.57459470211588948 0.33038864870472051 -0.74878853430552816
v 0.72360718549760594 -0.44722037943661896 -0.52572432698203675
vn 0.72360487488470171 -0.44722071754585352 -0.52572770027921023
v 0.63772950275790508 0.26151819161337658 -0.65530007587392358
vn 0.69319974151470287 0.26223703292673572 -0.67134630178897325
v 0.57595030301680716 0.50433569803769329 -0.59556979061063819
vn 0.50137608012722601 0.50572005937147979 -0.70204647127206932
v 0.89185023636869165 -0.11641496703589234 0.36542522951271839
vn 0.87046588558393445 -0.23244872810762501 0.43388561953091309
v 0.091196767519741304 0.35662534599164986 0.87751435592687932
vn -0.024752035654566587 0.33038307371783115 0.94352231628706762
v 0.07681627542420344 0.47627857721351369 0.83523966142622574
vn 0.0070272708649139785 0.50572449403686781 0.86266642081128042
v -0.071581803634374913 0.56073568052434619 -2.8035916768901075
vn 0.74116884482570822 -0.24998355104913064 -0.62303849613373963
v -0.0078675707502926517 0.62503180112653922 -2.7535939345178138
vn 0.74117065688892492 -0.24997659043969589 -0.62303913328055427
v -0.21131372367440798 0.62829662108480788 -2.9969249465714349
vn 0.74116884482570822 -0.24998355104913064 -0.62303849613373963
v -0.14452100000000001 0.39725500000000002 0.85710500000000001
vn -0.024739771272781905 0.33038474973545195 0.94352205107226472
v -0.16566251405195959 0.90138904422879207 -2.8833306915589003
vn 0.1623295430678014 0.84230976668033075 0.51396826400306606
v -0.31905440503365945 1.0541268629902596 -3.0851963750294971
vn 0.16232832724648083 0.84230986996817436 0.5139684787295391
v 0.90831060816039255 0.33757065833871003 -0.075761962745980641
vn 0.95925183681509085 0.23245700313266221 -0.16062271091429067
v 0.46717058355443991 0.3445646894326535 -0.74954149201262743
vn 0.57459826648779833 0.33038564339968618 -0.748787125146121
v 0.50432322603608559 0.41374490584645407 -0.69050528543703804
vn 0.57460868922819197 0.3303929700110228 -0.74877589413038304
v -0.2787 1.1128450000000001 -3.1941700000000002
vn 0.16233868622423836 0.84231190291996461 0.5139618751953654
v 0.014458881926567309 0.36568145450560863 0.8723309796734221
vn -0.024745385115807483 0.33038500309217173 0.94352181514115296
v 0.27638797185644848 0.44722009201289414 -0.85064926855492773
vn 0.48004386149039913 0.77671132569327561 -0.4077712687097767
v -0.13412638161833446 -0.21702960442327612 0.92752270254974511
vn -0.14365949033071901 -0.23245297496965764 0.96193948108271032
v 0.54111480512131349 0.25710534014630465 -0.73138757944729393
vn 0.57460360123831389 0.33038606302749057 -0.74878284622522961
v -0.343416 1.1222669999999999 -3.189174
vn 0.16231009894596951 0.84231107544973449 0.5139722599079265
v -0.338395 1.181351 -3.2875869999999998
vn 0.16232871178616698 0.84230687299271834 0.5139732687981664
v 0.61427767338073003 0.13871907590502569 -0.72747938617261398
vn 0.69319627564129549 0.26222742421151024 -0.67135363365996148
v 0.49921580660268283 0.12719964087594321 0.82085840453573933
vn 0.44918569060182001 0.23245732644855882 0.86266784264799978
v -0.13318078533248481 0.82763434272670144 -2.7727189180415364
vn 0.16231974354317427 0.84230888133775283 0.51397280986023153
v 0.62911799999999996 0.45604899999999998 0.57607600000000003
vn 0.57459331291651272 0.33039245561869107 0.7487879205902549
v 0.27638770955309522 0.44721997874241493 0.85064906482371605
vn 0.27639393516669403 0.44721756731192447 0.85064848209508581
v -0.057447751568468056 0.70541578848895647 -2.5963410663289093
vn 0.16193281404573653 0.91081700808181776 0.37972377002778573
v -0.17378503856708671 1.0477115542140365 -3.1205640170771964
vn 0.83207331183562583 0.54549321069795687 -0.10045476998792814
v 0.56040060975651762 0.35761773122847834 0.67223861260907403
vn 0.57460245622280293 0.33038824655962268 0.74878276144552103
v -0.025956902549287078 0.78186579263476774 -2.7315757389894393
vn 0.16233369781555307 0.84230811197316513 0.51396966355781226
v 0.39233513542990484 0.4065676322504011 0.77961077486304386
vn 0.5746001848100154 0.33038653981881433 0.74878525754908343
v -0.32617524565898903 0.95278342740812838 -2.9168631499206188
vn 0.16232806455062079 0.84230841585047844 0.51397094474951288
v -0.20972056322280255 0.72758709746646733 -2.5845834635209961
vn 0.16194064832576741 0.910817051270147 0.37972032541777978
v 0.52277078241087693 0.45004010769277258 0.66033442755207195
vn 0.57459331291651272 0.33039245561869107 0.7487879205902549
v 0.66308556788542772 0.085240445759593025 0.67767790004419737
vn 0.79465453735870506 0.18759664295147804 0.57734882506900287
v 0.77317781432512001 0.14375333362429629 -0.50713493576924551
vn 0.7946575890362686 0.18759433609336837 -0.57734537432350952
v -0.25142376580045933 0.8590364311583919 -2.7868369893141636
vn 0.1623252846958658 0.84230959453414689 0.51396989104822766
v 0.76586013271676989 3.3936981355421467e-07 0.56391761552076791
vn 0.80861991134549882 0.031375520461842811 0.58749418353831051
v 0.69792036628458987 0.20392712886623462 -0.59116720000125267
vn 0.79465419910779123 0.18759560962935962 -0.57734962638607801
v -0.66676684429724642 0.26006136844445515 0.64428080941891419
vn -0.68164176652158759 0.23245628599383644 0.69377847850396834
v -0.29319899999999999 0.85890500000000003 -2.7734260000000002
vn 0.16231832333762294 0.84231246832902462 0.51396737990492036
v -0.70486849081001446 0.38551630091709277 0.56481124081052247
vn -0.68164366871982984 0.23246719556027642 0.69377295413017581
v 0.85369565775582257 0.089810360630880728 0.41383907217329258
vn 0.79465425160996694 0.18758976710347436 0.57735145247610453
v 0.84027642007295811 0.22156309770432378 0.38950085890443364
vn 0.85271969595219066 0.26220856397193865 0.45179175414672779
v 0.84786672708314614 0.11691083437644025 -0.41305648425345515
vn 0.79465350275019409 0.18759083688532277 -0.57735213560141219
v 0.76176136699290919 0.098864933864305768 0.53743372841562009
vn 0.79465745523731124 0.18759292656415527 0.57734601647439832
v -0.3103068090267625 0.74223338459881494 -2.576818299301646
vn 0.16193130132564121 0.91081711328454118 0.37972416278003651
v -0.37793866180620128 -0.30137509920762806 -0.83707201289391531
vn -0.7656695598744766 -0.4948814706033795 -0.41090443552614719
v 0.77533980246431511 4.5712895726098773e-07 -0.55086991819658915
vn 0.80862280453436153 0.031376399921238834 -0.58749015439832386
v 0.011952329883769042 0.31929577402549503 -2.4028346949938975
vn 0.85668616018474397 -0.43899276676515997 -0.27087667613840272
v -0.89205656842175518 0.11600930865903063 -0.36522857777766954
vn -0.8704660849782937 0.23244828917645688 -0.43388545465537348
v 0.7055013368833184 0.28347242209922391 0.55488668225489302
vn 0.79465401885268805 0.18759640338983305 0.57734961657255024
v -0.84829166344395235 0.20206199639468408 -0.40692832116381905
vn -0.87046107781466142 0.2324580376882899 -0.43389027728660584
v 0.018880999999999998 0.40708100000000003 -2.5231889999999999
vn 0.85668803104572799 -0.43898745891561691 -0.27087936129909079
v 0.028789801944581195 0.51425609547282314 -2.6655405534820429
vn 0.81679722499851937 -0.35218689484609483 -0.45695370042640404
v 0.93312415112923575 0.1416223221797821 0.21115563092868556
vn 0.95925367289882069 0.23244387252014456 0.16063074785968284
v 0.60476300000000005 -0.055902 -0.77360499999999999
vn 0.68164359171269184 -0.23246047209481424 -0.69377528263154287
v 0.83535589435668844 0.31427063582877435 0.30618641260451435
vn 0.88969698449554913 0.33038503642559164 0.31509522923330191
v 0.87717199999999995 0.40469500000000003 0.093300999999999995
vn 0.88969944360628583 0.33038183226098916 0.31509164533280953
v 0.087484827204250493 0.52327700997589122 -2.4945258661818035
vn 0.85669351882906086 -0.43898272589008808 -0.27086967561244191
v 0.82480818983469506 0.47372074928865421 0.16878125978563518
vn 0.82261870772547985 0.50572520224455342 0.25988551616965327
v 0.68818914716247881 0.5257361321716234 0.49999707817189099
vn 0.68818949049452005 0.52573356231886903 0.4999994466240984
v 0.6926641781924826 -0.34532994105449466 -0.59026685863988504
vn 0.68164122957322171 -0.23246012019981335 -0.69377772136513194
v -0.038792247114964568 0.29221485832269112 -2.5194326554858604
vn 0.85669083528499723 -0.43898801114408653 -0.27086959742734723
v 0.27638800000000002 0.44722000000000001 -1.0814429999999999
vn 0.52572783511154808 0.85065283364538613 0
v 0.27638800000000002 0.44722000000000001 -1.1968399999999999
vn 0.52572817976542074 0.85065262063456537 -2.8431628412697388e-06
v 0.27638831766391725 0.44721977336899266 -1.3416424710971446
vn 0.52572410813556336 0.85065513700196693 -4.1510618846914272e-06
v 0.86289899999999997 0.36951800000000001 -0.170489
vn 0.8896951954841511 0.33038872012703668 -0.31509641817265521
v 0.77780047428152466 0.49161898843421703 0.28274434835779316
vn 0.82261993483511531 0.50572123044412542 0.25988936086333075
v -0.55031399999999997 0.060631999999999998 -1.021952
vn -0.85066084415337007 0.52571487348304502 -4.7939345934634121e-06
v -0.067103687170995269 0.23657171973549598 -2.5188001272512492
vn 0.85668661671256963 -0.43899667975181728 -0.27086889063244496
v 0.60401847253739882 0.50968717146016862 0.57166929954997592
vn 0.50138980215245366 0.50573311214744621 0.7020272683985872
v -0.46098263760545261 0.2051766433233565 -1.1145649302597183
vn -0.85066019728685682 0.52571592019063695 3.1619257878985556e-06
v -0.044186566310250808 0.35078256608907338 -2.6314119460925571
vn 0.85669083528499723 -0.43898801114408653 -0.27086959742734723
v 0.42789094988062515 0.47610638873170724 0.72164366940229296
vn 0.50137175262410716 0.50572251570050419 0.70204779237896942
v -0.47719 0.17895 -1.2168840000000001
vn -0.85065480010067618 0.52572465323596851 6.7527302558569813e-06
v -0.53536066470896881 0.084826656994150151 -1.173347668313079
vn -0.85065282359500249 0.52572785137354783 -5.0096159768033971e-08
v 0.77851554482649421 0.49134701336469561 -0.28100952907576038
vn 0.82261746559651772 0.50572310841199897 -0.25989352226184387
v 0.74341747690527327 0.50470818451832655 -0.36610487545289622
vn 0.82262076734825895 0.50572086514157077 -0.25988743657172614
v -0.0080617018016204689 0.45462830760236267 -2.6854537133001428
vn 0.81679902950571359 -0.35218489448841778 -0.45695201661958623
v -0.52446499999999996 0.10245799999999999 -1.2756110000000001
vn -0.85065741608175727 0.52572042043694722 -8.4107341779185236e-07
v -0.59097629011700259 0.46982254049205513 0.60727375699384745
vn -0.51275434683928001 0.50572479481710719 0.6937761971303269
v -0.45830255132546516 0.20951302919542061 -1.3707549404487895
vn -0.85065482709555118 0.52572460959996448 5.2281063599861845e-08
v -0.43011468659145241 0.25512265310450322 -1.5746561326174664
vn -0.85065702262915532 0.52572105707321626 -1.2332205656220365e-06
v 0.82817924799345788 0.24575809906371968 -0.39828930498593923
vn 0.8527132107997587 0.26222001186562705 -0.45179735004176019
v -0.46785300702549809 0.1940595281011393 -1.7321928554026058
vn -0.84199521833533664 0.52035901492451742 0.14237467431820344
v 0.82766865088275299 0.33966921592188942 -0.30126118572965815
vn 0.88969739751874244 0.33038164683048293 -0.31509761707438372
v -0.47588496326811464 0.1810615535356665 -1.6321532491936743
vn -0.85064949693501435 0.52573323400787897 -4.880962628810978e-06
v -0.7725173617637181 0.47744912986552018 -0.32332193508704732
vn -0.81827233283148393 0.50572651662145673 -0.27326009534589646
v -0.50795254261345479 0.1291756124410704 -1.6103077975772158
vn -0.85064949693501435 0.52573323400787897 -4.880962628810978e-06
v -0.019789221150721292 0.25103061184319075 -2.3925888333508727
vn 0.85669017143052806 -0.43898409102723951 -0.27087805005079474
v -0.54713088725885972 0.065781856430251112 -1.4279253843096307
vn -0.85065262304619693 0.52572817587097553 3.9565325926381801e-08
v -0.10363233591277998 0.16351967928274086 -2.5159352773884183
vn 0.45958239530392475 -0.83229680598438049 -0.30994523496080001
v -0.078131537274744436 0.49883862588978783 -0.82327595808179166
vn 0.10020611545183124 0.90615619465306863 -0.41090106512142838
v 0.63336239644299253 0.69700158744599128 0.12190298434192523
vn 0.72404568609320641 0.66169153585767848 0.19473611843755373
v 0.56344874683320845 0.77521624388758625 0.11608345259654834
vn 0.61517873976849025 0.73728334553446273 0.2792281979570872
v 0.15153892724895307 0.46539790920649643 -0.84100969758528388
vn 0.1002101295136915 0.90615778664527213 -0.41089657536293805
v 0.21273669312272639 0.45648830437091426 -0.84573497500269901
vn 0.1002062458729624 0.90615771273861212 -0.41089768547945638
v -0.49878234989041043 0.14401423122121415 -1.4865687592643257
vn -0.85065980307723188 0.52571655806675133 -1.7473827890309641e-06
v 0.71941094740090605 0.60753944300864093 0.10595531998742655
vn 0.72404532591302928 0.66169253082344204 0.19473407682263372
v 0.55031399999999997 -0.060631999999999998 -1.021952
vn 0.85066084415336829 -0.5257148734830478 -4.7939345928680843e-06
v 0.032564843950526168 0.28290183611134795 -2.2786626500845517
vn 0.85669128081234724 -0.43898565778365822 -0.27087200231908232
v 0.46098263760545261 -0.2051766433233565 -1.1145649302597183
vn 0.85066019728685682 -0.52571592019063695 3.1619257878985556e-06
v 0.47719 -0.17895 -1.2168840000000001
vn 0.85065475077511998 -0.52572473304533862 6.9372947686447625e-06
v -0.030575234825993669 0.14353964121168011 -2.2524972294650514
vn 0.85669696666589457 -0.43897421498576383 -0.2708725639172182
v -0.001877 0.104834 -2.0990090000000001
vn 0.85669145286530368 -0.43898377771807379 -0.27087450505336214
v 0.190939 0.74979600000000002 0.58765900000000004
vn 0.22811385120094008 0.67460619390754373 0.70204740155622891
v 0.53536066470896881 -0.084826656994150151 -1.173347668313079
vn 0.8506528120615845 -0.5257278700351623 -1.0130718524371289e-07
v -0.48444300000000001 0.099942000000000003 -2.1486429999999999
vn -0.081785881717761744 -0.96433655860788436 -0.25172618315135725
v 0.81381959897686107 0.53541687073444355 -3.2916433772414464e-07
vn 0.73817389414366053 0.67461048166637194 -5.5362044734265303e-06
v -0.51004088676888126 0.1181978137105448 -2.2102603735326491
vn -0.08179235239710908 -0.96433679302948883 -0.25172318268079358
v 0.67793099999999995 0.61133300000000002 0.24728700000000001
vn 0.72404103300624401 0.66169533167843242 0.19474052109979711
v 0.52446499999999996 -0.10245799999999999 -1.2756110000000001
vn 0.85065736633992917 -0.52572050092317157 -8.3977111171412735e-07
v -0.67417058071445979 0.13630624369855004 -2.2263032330339794
vn -0.88964803039205353 -0.45567115121836865 0.029835950912720646
v 0.45905833420911446 -0.20829016957984223 -1.3704273363483466
vn 0.85065490936070531 -0.52572447648984699 8.1658153979963083e-08
v 0.7432177624714037 0.5047836363536784 0.36659074406665326
vn 0.82261993483511531 0.50572123044412542 0.25988936086333075
v 0.41811893387609367 -0.27453258174261419 -1.5844093737833957
vn 0.85065489339852662 -0.52572450231755397 3.1876233236235288e-07
v -0.69139570758913749 0.16348418333850945 -2.3248239005065083
vn -0.8896500487589053 -0.45566714589376034 0.029836938454067426
v 7.2422976349351131e-07 1.0000002624694111 -2.4199015631609644e-07
vn 1.3702514049692547e-06 0.99999999998940714 4.3940971285226335e-06
v 0.46446178991740011 -0.19954680490630233 -1.7321910079810923
vn 0.70064715846818915 -0.43302115729171758 -0.56708574013829138
v -0.50837272915661946 0.73832845791005319 0.36934967099515792
vn -0.59720182076688655 0.67461099013783266 0.43387785983842114
v 0.34556438708055848 0.79578349741840659 0.37016901445908523
vn 0.49111867951672061 0.79465883249810876 0.35681897730150997
v -0.55261046116809831 0.67849537636597634 0.40148935116226497
vn -0.59720046717254704 0.67461032986661773 0.43388074956852474
v -0.61643247784382593 0.59217650579226311 0.44785844252444734
vn -0.59719278463934444 0.67462038283130854 0.43387569307722718
v 0.48520016215910716 0.74979093887578041 0.28040690441295274
vn 0.4911185419148737 0.79465568734685865 0.35682617106190534
v -0.7236072031182369 0.44722021732206696 0.52572459027856167
vn -0.72360551595908551 0.44722192528422233 0.52572579052074198
v 0.45411099999999999 -0.21629399999999999 -1.5686249999999999
vn 0.85065237034123609 -0.52572858473639583 -4.8890538807191648e-06
v 0.51835860777918663 -0.11233790349993406 -1.6323677175666482
vn 0.85065215211606593 -0.5257289378214054 -6.1223044368876332e-06
v 0.52572894491275823 0.85065217823387618 -1.8702986437357794e-08
vn 0.52572336182700119 0.85065559824719905 -1.2626201083495588e-07
v -0.55181687034718407 0.67956848492791122 -0.40091331253467272
vn -0.59719971500814772 0.6746107140887001 -0.43388118745910292
v 0.5484007672846134 -0.063727081614184417 -1.4302343892602363
vn 0.85065253039785382 -0.52572832578022488 2.2406877345326122e-07
v 0.48261455869908287 0.71360030838533517 0.36456146421196589
vn 0.49111360988611125 0.79466120837011467 0.35682066377436977
v 0.51287485625645091 0.74022951344463506 0.26360773183610858
vn 0.49111743563815313 0.79465951189112727 0.35681917629684634
v 0.16245579897383874 0.85065408935526143 -0.49999481043436256
vn 0.16245729583661064 0.85065376923205638 -0.49999579190304311
v 0.190939 0.74979600000000002 -0.58765900000000004
vn 0.22810250384535377 0.67461921034053063 -0.70203858069126024
v 0.50101188024225951 -0.14040449617791162 -1.732191992103052
vn 0.70064445034977441 -0.43302180675157304 -0.56708859014413782
v -0.47850340323010998 0.15755088234985354 -2.3712667701118915
vn -0.081794913876211933 -0.96433710932168493 -0.25172113866157481
v -0.63257699999999994 0.17763799999999999 -2.398155
vn -0.08179436658662291 -0.9643372573351493 -0.25172074946260453
v -0.52560836353003348 0.079822229438164305 -2.0581876309683715
vn -0.081794668844801743 -0.96433536295405053 -0.25172790847430665
v 0.49726554796742845 -0.14646853789342348 -1.4806724569731391
vn 0.85065490936070531 -0.52572447648984699 8.1658153979963083e-08
v -0.37995472846894962 -0.29847982543520729 -1.1801051332930108
vn -0.8206567385118323 -0.57142148850798646 -2.5375813464655924e-06
v 0.63011035792109804 0.64189329597935241 0.32124872479601835
vn 0.61517883399821993 0.73728369491334911 0.27922706784176587
v -0.22644070054528376 -0.62408714137132038 0.69692052631352186
vn -0.22810913470928115 -0.67461782564138817 0.70203775681160385
v 0.54986455244900678 0.61122505401495131 0.4999971635872183
vn 0.45565847378861868 0.73728419154800873 0.4987859021243744
v -0.20518 -0.69936600000000004 0.63149
vn -0.22810893346061487 -0.67460909398115287 0.70204621271921175
v -0.31008599999999997 -0.39882499999999999 -1.1567350000000001
vn -0.82066191806558419 -0.5714140497347725 -1.6196432728762141e-06
v -0.34551190771188783 -0.34794514617016364 -1.2703590723189802
vn -0.82065533590813 -0.57142350287732491 2.2186263507959635e-06
v -0.4301724253438392 -0.22636001697711089 -1.6060509706652935
vn -0.82065673532612282 -0.57142149308867418 4.2473476944168565e-07
v 0.10633099999999999 -0.96266399999999996 0.077253000000000002
vn 0.2210764040971217 -0.96193849586187874 0.16062239485972218
v -0.48874900286647338 -0.14223411601887548 -1.5866575941433896
vn -0.82065708577629481 -0.57142098978304545 7.2383406321298533e-07
v -0.43465929826866539 0.056664928789159755 -1.9990275031070779
vn -0.081783062849607929 -0.96433788002867937 -0.25172203672449789
v -0.37695103891895215 -0.30279469824018196 -1.4423208457600603
vn -0.82065708577629481 -0.57142098978304545 7.2383406321298533e-07
v 0.30790528193584427 -0.89188398486130438 0.22370392678968354
vn 0.22107874771269939 -0.96193882298258604 0.16061721000148621
v 0.15102406257855844 0.95709723561425664 5.287409103122899e-07
vn 0.27326870870495673 0.96193773854789311 -3.0131417114181008e-07
v -0.65417180296264432 0.10474894221708625 -2.1119102593877406
vn -0.88964646269784198 -0.4556734499058625 0.029847587173950935
v 0.58930876353226158 -0.47010670262583176 0.60829904981843463
vn 0.51275435574694983 -0.50572488026596041 0.69377612825933299
v 0.18324486458446881 0.91849641999062137 0.14268109236159657
vn 0.26803415074634812 0.94351801657501544 0.19475997132889677
v -0.33333644397915729 -0.36543246552892289 -1.6192305811583081
vn -0.82065610935406164 -0.57142239208820467 2.205918807133242e-07
v 0.16815412269815561 0.90189632951037879 0.24387981010978907
vn 0.26804162442267032 0.94352449648330694 0.19471828910705397
v 0.051389870112593619 0.95275598748993906 0.15816845601956397
vn 0.084436568912974186 0.96193628305085144 0.25990200688051063
v 0.26286814045785617 -0.52573745793133941 0.80901243049879312
vn 0.26286572592255081 -0.52573233937079833 0.80901614166524394
v -0.39174526974392643 -0.28154605017031586 -1.6899564887467218
vn -0.82065916046143017 -0.57141801013484161 -6.6542222319473162e-06
v 0.75536700000000001 -0.46684900000000001 -0.39429399999999998
vn 0.81826930613008764 -0.50572829053980939 -0.27326587564690036
v -0.66499461547481942 -7.9720193279548293e-07 -0.70274760246136181
vn -0.80861887840946034 -0.03137225463995813 -0.587495779660273
v -0.73489859645584765 1.2517695991241428e-06 -0.60653244595636513
vn -0.80862222047415888 -0.031370702439957356 -0.58749126255959272
v -0.6314184860329044 0.14366834098027892 -0.71800954562360175
vn -0.68164312010868189 0.23245323632905612 -0.69377817040365952
v -0.72931699999999999 0.12682099999999999 -0.586893
vn -0.80261233875405635 0.12562715363517948 -0.58312198719416075
v 0.36548346505566121 0.87122379182803988 0.12088942221080026
vn 0.26803109633153321 0.94352348977617306 0.19473765850473873
v -0.36723554179136059 0.078594550104257449 -2.1049438864778711
vn -0.081782253553916356 -0.96433451829726313 -0.2517351779629306
v -0.8384767488547088 0.039162048086788429 -0.4555308472857113
vn -0.80260687518795959 0.12563010011300926 -0.58312887241725087
v -0.41000152588590927 0.036267049971788291 -1.9288946691919677
vn -0.08178890551818091 -0.96433630727122677 -0.25172616354410282
v -0.32559900000000003 0.044998000000000003 -1.989765
vn -0.081801499388030594 -0.96433723259793336 -0.25171852638061704
v 0.29985831755656955 -0.89470959522861526 -0.21785735527008798
vn 0.22108007546745986 -0.96193730989129478 -0.1606244441870581
v -0.27857500000000002 0.048658 -2.0190679999999999
vn -0.081801499388030594 -0.96433723259793336 -0.25171852638061704
v 0.42532314800472881 -0.85065320778453335 -0.30901227699823042
vn 0.42532309043710581 -0.85065188658383828 -0.30901721083523176
v -0.210623159197391 0.045194347704127155 -2.0278754384750202
vn -0.081790470816418742 -0.96433635514785876 -0.25172547154344821
v -0.24562403955148326 -5.4247161638323947e-08 -1.8433674822055881
vn -0.23344632687830363 -0.65519850467866414 -0.71848293781680772
v -0.81829930850732502 0.1492922832898784 -0.45957610553428668
vn -0.80260899232897032 0.12563035178829918 -0.58312590419413113
v -0.69233461758481152 -0.66834919034941564 -8.0125824305385975e-07
vn -0.73817451528000999 -0.67460980201973075 -3.1657523691565594e-06
v 0.32220234998027553 0.90846923306384941 -1.0725870814182727e-07
vn 0.27326816986858604 0.96193789162115195 -3.5541229713667898e-07
v -0.59429718478940496 -0.77562416665319334 8.9111170274201867e-08
vn -0.73817056209527521 -0.67461412766935835 -2.2036845396738165e-06
v -0.75981351226280713 0.11660354641396725 -0.5471186158019371
vn -0.80261076673613707 0.12563002794928949 -0.58312353167805786
v -0.27638837814157868 -0.44721977891370723 0.85064903785637436
vn -0.27639203141276786 -0.44722047412430854 0.85064757243852296
v -0.4188712395574114 -0.47438684718265767 0.72932355103897106
vn -0.50137406943955054 -0.50572146192485146 0.70204689689665034
v -0.73281299457454996 0.26884047363718888 -0.55148446324416667
vn -0.80261175927139916 0.12562324728030325 -0.58312362636238757
v -0.77439499999999994 0.279748 -3.095424
vn -0.84519135129417844 0.5223428617819913 0.11317912547338481
v -0.786829 0.27898499999999998 -3.1847470000000002
vn -0.84518617975945243 0.52235198189426568 0.11317565354242654
v -0.59880914553416509 -0.50869384610693957 0.57610514442286598
vn -0.50137429739003936 -0.50572213346405337 0.7020462503576318
v -0.79896 0.27896100000000001 -3.2752289999999999
vn -0.84519026265248887 0.52234312638792457 0.11318603373520011
v 0.26767730572316611 0.89464856357910516 0.14201152954059418
vn 0.26803636831446198 0.94352255985603695 0.19473490776824107
v 0.18922456755758765 0.90561071018153239 0.19687669878470895
vn 0.26804162442267032 0.94352449648330694 0.19471828910705397
v -0.87273265080455142 0.1591714773190448 -3.2732940717693095
vn -0.91458910279102246 0.37883443556705781 0.14146110237270576
v -0.22041529704891255 -0.64542269254967255 -0.67837612110057166
vn -0.22810729608571606 -0.67461598901093478 -0.7020401191123351
v -0.19914379111994693 -0.72073980442774455 -0.61291270816050392
vn -0.22810729608571606 -0.67461598901093478 -0.7020401191123351
v -0.190939 -0.74979600000000002 -0.58765900000000004
vn -0.22811118447324577 -0.67460804559197718 -0.70204648873189712
v -0.16245624081470367 -0.85065435118554145 -0.49999424400388676
vn -0.16246271381714028 -0.85065057791535958 -0.49999946091114411
v -0.71805103899090938 0.34428133671333055 -2.97249584778849
vn -0.84518806716298611 0.52234600409971654 0.11318914756439617
v 0.26962900000000001 0.86580199999999996 0.27909200000000001
vn 0.26804002171736069 0.94352080806462502 0.1947383668074526
v -0.69792042973436419 -0.2039271327353547 -0.59116711210112205
vn -0.79465419743410859 -0.18759561368004121 -0.57734962737353668
v -0.66067983146235909 0.42309734787090514 -2.9078238973284107
vn -0.8451924835219693 0.52234253655793206 0.11317217105009128
v -0.77317826569563275 -0.14375333238456772 -0.50713431560730748
vn -0.79465758897291339 -0.18759433593454092 -0.57734537446231859
v 0.076316581834550826 0.63380937414203709 0.69605509221231099
vn 0.038535799198219818 0.66169684662295847 0.74878052548753404
v 0.12039672417459525 0.71925906075018642 0.61827508495607408
vn 0.03851955396285197 0.6617036219688468 0.74877537395123539
v -0.21289799699552228 -0.45646481844352549 -0.84574745036005072
vn -0.10020542027131808 -0.90615593047027243 -0.4109018172529823
v -0.14836850165448195 -0.46585951574376272 -0.84076484899302839
vn -0.10020959252830496 -0.90615595497418566 -0.41090074571620405
v 0.16245616895435278 0.85065436123028237 0.49999436529592256
vn 0.16246187524064962 0.85065163051067993 0.49999794259858032
v -0.0085981169014904737 -0.48621142087259361 -0.82997189459883913
vn -0.1002135167843833 -0.90615412426014452 -0.41090382590094821
v 0.060648000000000001 -0.49629299999999998 -0.82462599999999997
vn -0.10021336131910054 -0.90615565466859016 -0.41090048883551633
v -0.7169292400556464 0.36830627348138256 -3.0749952316202513
vn -0.84519250705363769 0.52233857775278469 0.11319026553367882
v -0.84786672708155364 -0.11691083438858846 -0.41305648425242852
vn -0.79465347225640037 -0.18759094713491761 -0.57735214175048399
v -0.82766865088275332 -0.33966921592188964 -0.30126118572965788
vn -0.88969740635913963 -0.33038161572898467 -0.31509762472307778
v -0.74153634708053884 -0.50542440619798912 -0.37066541318836382
vn -0.82262115878047148 -0.50571975898926769 -0.25988835005538674
v -0.58584870021929025 0.5265106405111597 -2.8262718352838734
vn -0.8451878052263686 0.52234699852820521 0.11318651432573267
v -0.55579179783820121 0.5433790740246921 -2.6796770590549763
vn -0.84518990601984856 0.52234488487341046 0.11318058141193291
v -0.63213943598005518 0.44728284325848444 -2.8063058772787279
vn -0.8451924835219693 0.52234253655793206 0.11317217105009128
v -0.70137899999999997 0.349246 -2.8709159999999998
vn -0.84518806716298611 0.52234600409971654 0.11318914756439617
v -0.75332603361355333 0.26948583134451431 -2.8907295511483464
vn -0.84519113986044947 0.5223422585973756 0.11318348812784831
v -0.7785155448264921 -0.49134701336470077 -0.28100952907575899
vn -0.8226175016807511 -0.50572310536358789 -0.25989341397951737
v -0.64930938902347812 0.40630052331040056 -2.7453918546851233
vn -0.8451900583660239 0.52234461963529055 0.11318066786028798
v -0.709789 0.31884699999999999 -2.793415
vn -0.84518708060201519 0.52235133872846962 0.11317189453224867
v 0.86425483281739346 -0.1706762507756085 -0.3917182074630593
vn 0.87046709975147019 -0.23244677872167813 -0.43388422800578863
v 0.87910274749842343 -0.14147957055572066 -0.37757037348709188
vn 0.87046785682019534 -0.23244246402784227 -0.43388502066736623
v 0.2232813218107329 0.63527501313153556 0.68719640507930813
vn 0.22810592762169052 0.6746167353014707 0.70203984661487229
v 0.15865703466550835 0.55652393975332082 0.76011491254899133
vn 0.038531854897228275 0.66170006863323894 0.7487778811696737
v 0.25712141572623159 0.51544557475105302 0.79134919748971466
vn 0.22810920726026951 0.67461271597206995 0.70204264330016219
v 0.023501915704536351 0.55927830206924489 0.76463476805477515
vn 0.038529076832358629 0.66170434652645249 0.74877424369862422
v -0.013207534171945848 0.63279460274678878 0.70155879156720735
vn 0.038518583993632984 0.6617053474586837 0.74877389900537261
v 0.1341228699680875 0.21702396704480756 0.92752458467992116
vn 0.1436627371615001 0.23245478398708699 0.96193855903211534
v -0.77217481040629321 -0.35776384511741482 -0.43897854320681229
vn -0.85270865968025777 -0.26222595382456693 -0.45180249097043984
v -0.107445 0.591395 0.74299199999999999
vn 0.038519984378842478 0.66170113384673712 0.7487775505912263
v -0.6863870125257564 0.33047421903305046 -2.6723258651581232
vn -0.84519109808416903 0.52234263553399107 0.11318206051614675
v 0.70486849081001446 -0.38551630091709277 0.56481124081052247
vn 0.68164372179313737 -0.23246736367629262 0.69377284565295161
v -0.090955458891379501 0.50070682181180892 0.8222856345658629
vn 0.0070307563706835906 0.50572398283684572 0.862666692094052
v -0.86289899999999997 -0.36951800000000001 -0.170489
vn -0.88969519548414966 -0.33038872012703707 -0.31509641817265899
v -0.8281792479934591 -0.24575809906372073 -0.39828930498593734
vn -0.85271321080072859 -0.26222001186707217 -0.45179735003909066
v -0.16981418443804611 0.7827607181550944 0.48548009094234434
vn -0.18759948158799417 0.79464815326889138 0.57735668958994169
v -0.049710840763854486 0.7731815675634035 0.53769087049670283
vn -0.18759433010305507 0.79465532270311756 0.57734849563568624
v 0.045616999999999998 0.81318299999999999 0.51360799999999995
vn -0.18759777304551684 0.79465698431607568 0.57734508989515376
v -0.14373305415323237 0.73398116953392278 0.56109605413225561
vn -0.18759306668942091 0.79465609222037181 0.57734784699270025
v -0.80435227597911318 0.12236074047882536 0.48457495674296291
vn -0.80261107748564808 0.12563068147789105 0.58312296316362633
v -0.1449638943747022 0.81581648347774716 0.44805816144034716
vn -0.18759228029444097 0.79466116819918098 0.57734111591869564
v -0.65281996086650707 1.1665106578369773 -3.2594808640597535
vn -0.88765410251447074 -0.45868979063634296 0.040912959502062286
v -0.89185023636869165 0.11641496703589234 0.36542522951271839
vn -0.87046682048014956 0.23244672392583712 0.43388481764095493
v -0.61934796524568014 1.0909949623033626 -3.3799087471976685
vn -0.88765783867373493 -0.45868215631321746 0.040917489181654963
v -0.28360039615997518 0.78699195031199687 0.4426854334677045
vn -0.18759555497742525 0.79466097017392523 0.57734032444906169
v -0.67519337250894274 1.1956791704478058 -3.4178633916925598
vn -0.88765021893414642 -0.45869798224666308 0.040905377507144854
v -0.37118433075118362 -0.31107493073809078 0.83797527793845394
vn -0.44918667206663593 -0.23245803621441094 0.86266714034848913
v -0.24297793642081844 0.69668958481500143 0.58017604727781724
vn -0.18758551224516512 0.79465882115178854 0.57734654546586561
v -0.72288697643336486 1.2804530443092625 -3.5022168332666275
vn -0.70738583062160709 -0.099463188894242105 -0.69979451318995578
v -0.71920887731230509 0.18396246492669827 0.58849479858255282
vn -0.80260790938924131 0.12562578410576092 0.58312837879290713
v -0.56122677415988342 0.99852990825297616 -3.1555664361534745
vn -0.88765830423876779 -0.45868118423080556 0.040918286237095321
v -0.75635806735545985 0.22569766987529583 0.52837073302102544
vn -0.80260465479614473 0.12562837917416839 0.58313229926461174
v -0.69266602371657082 0.34533610370644752 -0.5902629681955005
vn -0.68164138732754065 0.23245954527891363 -0.69377775900565331
v -0.11243280163311607 0.90573441113094177 0.24574206951820246
vn -0.10237994940743469 0.94352482058999609 0.3150861134514607
v -0.89339785078666889 -0.11532154489147167 0.35090423799293607
vn -0.85271016344923567 -0.26222816471919169 0.45179836960571496
v -0.65808812316412835 0.23148863078209436 -0.66238098305212778
vn -0.68164392721302391 0.23245513845381688 -0.69377674009728996
v -0.80580912934848425 -0.1678597694157567 0.45439029965208905
vn -0.79464942059914512 -0.18759934425969563 0.57735498991069212
v -0.83214878311599505 -0.23781883500848627 0.39540536502045548
vn -0.85271201373805272 -0.2622155745817914 0.45180218467105282
v -0.60476300000000005 0.055902 -0.77360499999999999
vn -0.68164359171269162 0.23246047209481932 -0.69377528263154131
v -0.7586766211661734 -0.088870453006202485 0.54492708485869279
vn -0.79465767453766267 -0.18759264144304635 0.57734580727222296
v -0.79136179737789514 -0.31939050096219851 0.42503833735884955
vn -0.85270723105601043 -0.26222746968856142 0.45180430746676853
v -0.908310608160393 -0.33757065833870908 -0.075761962745980307
vn -0.95925183681509107 -0.23245700313266177 -0.16062271091428992
v -0.48919499999999999 0.88178199999999995 -2.9016470000000001
vn -0.887655844259296 -0.45868650634935682 0.040911991461402106
v -0.58041736057796689 1.0396256561475297 -3.1111623353361315
vn -0.88765656307449903 -0.45868418586343768 0.040922410358672154
v -0.56837242258002496 1.0292894071247423 -2.9657482640328139
vn -0.73225046038712827 0.38728913516474955 0.56019317118845613
v -0.49933518997419685 0.91102892617407361 -2.7937448961325635
vn -0.73226415726999861 0.38728893745116094 0.5601754036956722
v -0.70672596260826814 -0.26044506544633433 0.56068328668053002
vn -0.79465364130489713 -0.18759642629827414 0.57735012877887537
v 0.37793866180620134 0.30137509920762806 -0.8370720128939152
vn 0.7656695131667508 0.49488165545791418 -0.41090429992666805
v -0.032770266519778282 -1.0191764989749912 -2.4644249763528312
vn -0.0060695322880451935 -0.77119773808962411 0.63656673612689807
v -0.05166607812136674 0.95457880009372331 0.11922237362468878
vn -0.10237994940743469 0.94352482058999609 0.3150861134514607
v -0.66304701598862614 -0.085044793949952249 0.67779453481455165
vn -0.79465767453766267 -0.18759264144304635 0.57734580727222296
v 0.010756128249663988 0.89143371484891598 0.32858991837826917
vn -0.10238766292293951 0.94352415688071611 0.31508559450363982
v 0.045724905483756781 -1.1406474001056193 -2.6108379278665517
vn -0.0060683438449129004 -0.77119876353517047 0.6365655051326643
v -0.26286864376264296 0.52573808737340399 -1.0800904464656849
vn -0.42260929610616921 0.90631196772063294 -3.3170156386103117e-06
v -0.65955551867241158 -0.37580596806894651 0.58812395254226657
vn -0.69319071514986397 -0.26222995945207045 0.67135838476612897
v -0.051930807525917416 0.85065455548334812 0.43033468391251772
vn -0.14679995067101748 0.87996112097513368 0.45179442233738676
v -0.26286899745160114 0.52573814299224697 -1.3191213448529246
vn -0.42260983405500036 0.90631171685381196 7.3144224745106234e-06
v -0.18337280422583296 0.87557835408072116 0.31299403760628391
vn -0.10238093852927049 0.94352214422997549 0.31509380630779649
v -0.26286900000000002 0.52573800000000004 -1.5013939999999999
vn -0.42260866997563046 0.90631225968750373 1.2487344030316877e-06
v -0.26485995958711439 0.85065382882704799 0.36114949088586368
vn -0.14680128388183011 0.87995979169277483 0.45179657817944435
v 0.86864699999999995 0.45703100000000002 0.0625
vn 0.82262309620377161 0.50572191915609299 0.25987801383956766
v -0.47215892955065197 -0.36296975811693277 0.73759275828596171
vn -0.57460119776005281 -0.33038377885637554 0.74878569844869125
v -0.53105242118819185 -0.40344372858450378 0.67453919771856341
vn -0.57460405773503742 -0.33037707662927029 0.74878646093016865
v -0.55158128214732305 -0.27265304410049507 0.71649598330425057
vn -0.57460325560790948 -0.3303856138040277 0.74878330966717421
v 0.22059000196597775 0.072453517029947401 0.91867905352045076
vn 0.30657227924965913 0.12562179692982034 0.94352138382327722
v 0.43839408846511585 0.21455322686857725 0.82898911968944833
vn 0.44918800833917899 0.23245783343066531 0.8626664991994315
v 0.064256819181896935 -1.0549613358825642 -2.5068530121246551
vn -0.0060695322880451935 -0.77119773808962411 0.63656673612689807
v 0.19221354786918263 0.45947673166555186 0.84415003009933298
vn 0.0070336604671491221 0.50572517798442862 0.86266596778420024
v 0.43907566033010581 6.7677754802656679e-08 0.85733594348180908
vn 0.30886164131041433 -0.031372235164969703 0.95058943260894224
v 0.139734 -1.115186 -2.579094
vn -0.0060705192178972063 -0.7711951398606085 0.63656987444569002
v 0.12238022185843421 -1.2182286837816969 -2.7040973423558321
vn -0.0060676637956348662 -0.77119873636922975 0.636565544526694
v 0.36740525201857899 0.16038964535714445 0.85926731889313679
vn 0.30657466537583694 0.12563210228739471 0.94351923638288537
v 0.34014368757419006 0.071522518591761577 0.8799570557130022
vn 0.3065601078235381 0.12562507897583566 0.94352490153865876
v -0.17565694712560542 0.5130383353107465 0.81574546737166753
vn 0.0070296243869557729 0.505722071214463 0.86266782197293757
v -0.021055000000000001 -1.0989690000000001 -2.5609829999999998
vn -0.0060569774331896784 -0.7712013386665505 0.636562493603962
v -0.76198263362451912 0.4709374328800715 0.36691768582356821
vn -0.81827109019171052 0.50572522196573211 0.27326621237207577
v 0.22688742668019712 0.1680422412808345 0.90390484046180342
vn 0.30656531094861739 0.12562225392233392 0.94352358711504947
v -0.66148219268292963 0.5802129358205308 0.3597008276082681
vn -0.70022242863767226 0.66170003243183839 0.26803286647809432
v -0.82016510776374996 0.50689465264854827 0.12614963006133614
vn -0.81827275484543516 0.50572249167718963 0.27326628055703711
v -0.093431875741243162 -1.1202342608892679 -2.5874347355909788
vn -0.0060580420909996371 -0.77120093892277353 0.63656296776568488
v -0.23033525193876472 -1.0219347082833734 -2.4696525976781971
vn -0.82642955199724177 -0.45974797938943091 0.32503229229258723
v -0.7236072345187301 0.44722003696404966 -0.52572450336984344
vn -0.72360524226120781 0.44722029583578232 -0.52572755336262733
v 0.19755342069255794 0.31966116654760901 0.89324809383825776
vn 0.14365823835019884 0.23245623720349426 0.96193887973161285
v 0.27337217719712292 0.23860887725206725 0.87940597433734558
vn 0.30655961634900969 0.12562990180402919 0.9435244190780957
v -0.66553691035672013 0.62449524627310438 0.23978658534700642
vn -0.70022652442277922 0.66169823086725477 0.2680266139060451
v 0.25002950473468 -0.087833089630839759 0.90112175382151105
vn 0.30353265509441091 -0.18759604502935529 0.93417110380308899
v -0.723024 0.55100099999999996 0.27103899999999997
vn -0.70022791040535726 0.66169614049908154 0.26802815362936527
v 0.42532738672178083 -0.26286863333504884 0.80901388136450003
vn 0.42430213144503143 -0.2622202092351627 0.86672271409019308
v -0.72726518597055545 0.59224389839123204 0.15814066910948049
vn -0.70022146179396305 0.66169928056303029 0.26803724842919457
v 0.35377300461516292 0.46197387256151062 -0.78475543051112562
vn 0.50137072843497421 0.50571922159293303 -0.70205089671620047
v 0.26259327063391014 -0.28926240600319286 0.85658935216554499
vn 0.30352558332693652 -0.18759774183706918 0.93417306079959039
v 0.4460829742718655 0.47957496947279737 -0.70615325221342262
vn 0.50137072843497421 0.50571922159293303 -0.70205089671620047
v 0.12025889361976311 -0.24051812917302356 0.91262554423840647
vn 0.16619517447311974 -0.26223032791326145 0.95058635541667258
v 0.54158432271447987 -0.07475433874895196 0.80901684753491299
vn 0.42429452484446845 -0.26222570554178271 0.86672477496614853
v -0.07813249522764068 -1.2076526765266233 -2.6931972183880206
vn -0.0060580420909996371 -0.77120093892277353 0.63656296776568488
v -0.58031088526229868 0.73225494888574305 0.12273196243036194
vn -0.60706363653332718 0.79465322065537258 -1.004868808473199e-05
v 0.291024 -0.048621999999999999 0.89567699999999995
vn 0.30352995265491051 -0.18759906008949015 0.93417137640523307
v -0.51495500000000005 0.78218200000000004 0.11365
vn -0.60705801563817152 0.79465751468734358 6.1628095696568054e-07
v 0.082675265034247991 0.92399647842247057 0.25445240536106861
vn 0.084441618889292663 0.96193901991703024 0.25989023636993119
v 0.12471255699181272 0.88535218029284601 0.38383143840373923
vn 0.084442924942579239 0.96194010333339353 0.25988580189398958
v -0.56021251712406117 0.74760812415611877 0.21100972152456898
vn -0.66181936497795502 0.73728052263236155 0.13569288517504552
v 0.47780583996425363 -0.17795614891132172 0.80901502378617218
vn 0.4242932967258482 -0.26223055325661282 0.8667239094961221
v -0.0025593773309822033 -1.2320290459287178 -2.722007380732697
vn -0.0060788828340528848 -0.77119864375022051 0.63656554969720924
v 0.34996863146073764 -0.1661962420279719 0.85291367037899957
vn 0.30352558332693652 -0.18759774183706918 0.93417306079959039
v -0.150398 -1.2330589999999999 -2.7246649999999999
vn -0.0060596404149359535 -0.77120000208006767 0.63656408754323013
v 0.70589598122372332 0.65351025138944951 -2.3908076241179307e-07
vn 0.73817657276417914 0.67460755066608413 -2.5371924915048566e-06
v 0.65830796985688922 0.70558145927001392 -1.2450734392776656e-07
vn 0.73817276557185885 0.67461171659554375 8.5487806986975789e-08
v 0.59429718972186196 0.77562416029566372 8.9441509319761244e-08
vn 0.73816990540389416 0.67461484623154078 -2.4799164292102738e-08
v -0.49315942665101631 0.79883181080453358 0.25972523675849513
vn -0.66181451837101735 0.7372853366783052 0.13569036661641204
v 0.32876454635328101 -0.41911343367733978 0.80901228404400216
vn 0.42429168985240778 -0.26222944786419305 0.86672503055757455
v -0.10633099999999999 0.96266399999999996 0.077253000000000002
vn -0.221074028606628 0.96193887586024718 0.16062338865918616
v -0.66801362107393802 0.66525546711715999 -0.13268893816804012
vn -0.66181758572568627 0.7372817631542159 -0.13569482283578382
v -0.20191860041862744 0.9290990926640752 0.14670037256048873
vn -0.22107633590122733 0.96193873661584284 0.16062104688490769
v -0.61010954123509498 0.70948966823988435 0.040818214404607395
vn -0.60706415872423791 0.79465282179752461 1.2903108714107253e-06
v -0.15065529998878824 -0.8926207415745131 -2.3122283289539882
vn -0.0060779533191570529 -0.77119869240495098 0.63656549962776332
v -0.42532320402270041 0.8506534746592862 0.30901130098877527
vn -0.42532293711100916 0.85065364113470254 0.30901259196275016
v -0.081400527897727282 -0.86525572542894369 -2.2784142372875844
vn -0.0060707686320416636 -0.77119641938535044 0.63656832193836888
v 0.40318100000000001 -0.45092599999999999 0.74436000000000002
vn 0.53457304990860444 -0.3303813658197764 0.77786875977279857
v -0.14769907526262099 -0.71286417274748393 -2.0944255438164907
vn -0.0060629416884684425 -0.77119515736633337 0.63656992545422575
v -0.70579971043736633 0.63639060282770665 0.0023667832327977749
vn -0.6070536012061486 0.7946608869553814 2.4357536531629195e-06
v 0.39027333144064696 -0.31958307532439806 0.80901531101771196
vn 0.4242977639315777 -0.26222569290930769 0.86672319312505808
v -0.033521000000000002 -0.55293000000000003 -2.5811359999999999
vn -0.85136557856392048 0.42215373298547254 -0.31138862754274033
v -0.42532310285329528 0.85065338536370583 -0.30901167768211807
vn -0.42532482499916308 0.85065140558008567 -0.30901614751345235
v -0.76626697425901202 0.59019661562383163 0.061306352887643162
vn -0.6618178378816808 0.73728114103124043 0.13569697322081095
v 0.50146532045452974 -0.37757244121800781 0.70797086652616237
vn 0.53457586842849425 -0.33038743728690478 0.77786424405349341
v -0.54692505298009741 0.75775873412892369 -0.045368236181692598
vn -0.60706255537048681 0.79465404665143013 2.7497926475638305e-06
v 0.083971155189469543 0.92280513709802914 -0.25844116189172656
vn 0.084444656562155801 0.96193992280316842 -0.25988590745851153
v 0.12947855305836581 0.88097128447896811 -0.39849771308184734
vn 0.084444484731153541 0.96193843161242987 -0.25989148271058921
v -0.14545326841212053 -0.67420022683365399 -2.4395199123167535
vn -0.89501370735503483 0.33783639698850759 -0.29123363905362909
v -0.42532158321619556 0.85065460203057641 0.0003502717027116529
vn -0.47504055262118566 0.87996390454372309 8.0946946423487154e-06
v -0.47134900000000002 0.81549400000000005 -0.13452500000000001
vn -0.60706275134433685 0.79465389693929511 -3.071822984067511e-06
v 0.5862056177996845 -0.26070223809220699 0.69937258844751937
vn 0.53457460453176253 -0.33037359524586363 0.77787099171651342
v -0.52673773954815395 0.77318029537285382 -0.2353290842308591
vn -0.66181554515961449 0.73728421950315692 -0.13569142882548957
v 0.61843009693269912 -0.10090643034234013 0.745098688496735
vn 0.68164065183503575 -0.23245443383642453 0.69378019426594673
v 0.27287227147067511 0.85065356148277826 -0.348020841571268
vn 0.38432673693630665 0.8799582197747029 -0.2792248032085019
v -0.25788917007998746 0.90944629238169772 -0.058984913264084365
vn -0.33130974798115626 0.94352204577861198 -4.7334593589395499e-06
v -0.077352280722174871 -0.63846760959672799 -2.577265777212987
vn -0.85136009757734732 0.4221587274355007 -0.31139684183229666
v 0.52057872338160294 -0.22834740184915436 0.75821555143963104
vn 0.53458029584333222 -0.33039801136483998 0.77785671005797374
v 0.56476242169667779 0.77258890941758052 -0.12012652415210287
vn 0.61517592330545778 0.73728628078570402 -0.27922665265060465
v 0.59499949617189329 0.71211512884048733 -0.21318551219071696
vn 0.61518026814028137 0.73728231943335409 -0.27922754008482997
v 0.50827794484403976 -0.30059710091815284 0.73598363919878607
vn 0.53457973677470594 -0.33037157944669199 0.77786832081258095
v -0.03840056734247943 -0.69236744820673302 -2.7568327603182716
vn -0.85136227229693062 0.42215614497816095 -0.3113943971342209
v 0.931743027228503 0.1525323375681141 0.085441726146339339
vn 0.99207696073168794 0.1256316201365065 -2.693189356611132e-06
v -0.17812557403049886 0.93745333778719775 0.0092885134138380974
vn -0.33130450915408605 0.94352388534372134 -2.4172989234272288e-07
v -0.063996164802377131 -0.45000924317798224 -2.3582889534595357
vn -0.85135638280717207 0.42216436502146398 -0.31139935510452177
v -0.081165000000000001 -0.38467899999999999 -2.222782
vn -0.85136849052106733 0.4221510791208038 -0.31138426380441914
v -0.21457091918296398 0.92465622068487074 -0.15589400710470155
vn -0.22106884540295182 0.96194114986800405 -0.16061690378919599
v 0.44915441591662425 0.67346528524521021 -0.49999724571042248
vn 0.45566440934698005 0.73727995919275024 -0.49878673581722721
v 0.56548860075952612 0.60156902995171213 -0.4999970945592816
vn 0.45565866133268418 0.73728360589384889 -0.49878659648457863
v 0.94195986392701836 0.071841851604080881 0.086666934541389018
vn 0.99207757352967307 0.12562678081754544 6.3950396730158175e-06
v 0.93966153999481838 0.089998295329321742 -0.24682609599507321
vn 0.95925115898033952 0.23246294627531666 -0.16061815776516278
v 0.92839997223348836 0.17892905586443936 -0.18537654959704458
vn 0.95925275702001001 0.23245208551068261 -0.1606243321892542
v 0.93997204917155441 0.087538552022739857 -0.12732072104134123
vn 0.9920786825210085 0.12561802293148353 1.4715504841802028e-06
v 0.94531399999999999 0.045362 -0.067306000000000005
vn 0.99207757352967307 0.12562678081754544 6.3950396730158175e-06
v -0.30194852421132123 0.89397455394725722 0.14954876740272505
vn -0.33130884370966163 0.94352236330989936 -3.7241539120914939e-06
v -0.060317000000000003 -0.28587299999999999 -2.1458270000000002
vn -0.85135949180554471 0.42215995008984791 -0.31139684046685795
v -0.26076944506813471 0.85065394239175718 -0.36247878683245277
vn -0.14679760642638523 0.87995690468530186 -0.45180339600776215
v -0.11318659041783624 -0.28583194309295762 -2.0012257890679432
vn -0.85135949180554471 0.42215995008984791 -0.31139684046685795
v -0.0041393675595289368 -0.3829146910669724 -2.4309769039876694
vn 0.046843590276952167 0.79738035675153951 -0.6016562512903465
v 0.058070460420453648 0.77091347358277973 -0.57583380049457433
vn -0.075462582699255487 0.73728812837128865 -0.67135058976299422
v 0.93069971975578525 0.16076462907039796 -0.0034347879477903301
vn 0.99207700707652113 0.12563125395165611 7.786312571128729e-06
v -0.30305128482893229 0.89358834028911049 0.22017748733569889
vn -0.22102345287792383 0.96195163156413432 0.16061659879669987
v -0.10739300166427201 -0.43802588337824599 -2.2233945877950041
vn -0.85135969695711267 0.42215978061550985 -0.31139650933778612
v 0.91055012024503412 0.31988671510950079 0.087980809335407639
vn 0.95925315642189857 0.23245605370750821 0.16061620400618559
v 0.92656545587811034 0.19341766059048063 -0.078988279681559775
vn 0.9920786825210085 0.12561802293148353 1.4715504841802028e-06
v -0.13358099363392512 -0.47827856720637152 -2.2063688848333243
vn -0.85136193413045924 0.422158186204596 -0.31139255439732216
v -0.38915983665443349 0.778326166389537 -0.42031338138270724
vn -0.33356489080712204 0.73728682390370537 -0.5874883853480164
v -0.31807529604680124 0.88831249678666557 0.040458797955443264
vn -0.33130277800977226 0.94352449320575926 -1.9552081537464238e-06
v -0.36041318472621647 0.87344572503118456 -0.085076040072529904
vn -0.33130058757124914 0.94352526233799661 -2.2270645723795225e-06
v -0.15762300000000001 -0.55914399999999997 -2.250267
vn -0.85136155556539872 0.42215759905961148 -0.31139438540456843
v 0.9269409158447286 -0.12627208550164956 0.23479301407162556
vn 0.95541965155499453 -0.26222568962507786 0.13568705584242444
v -0.42532357419223565 0.85065381788485717 -0.19125725168096283
vn -0.47504906775198591 0.87995930771098541 -8.7887429280674413e-07
v -0.19654586880976138 -0.44899180441975056 -1.9945155709431885
vn -0.85136193413045924 0.422158186204596 -0.31139255439732216
v -0.49510927474207811 0.64244295626352765 -0.48887619744414296
vn -0.47129125781107567 0.66170166928673213 -0.58312558782307466
v -0.15071410794974871 -0.37102661651022761 -2.0141235039783458
vn -0.85136064504842102 0.42215822235657963 -0.3113960297747374
v 0.92956484160052666 -0.11253767085614397 0.013366685306940998
vn 0.98224470846575684 -0.18760419155621313 -1.2490799438527326e-06
v 0.88443000000000005 -0.34885899999999997 0.037085
vn 0.98224785589577057 -0.187587711584387 -7.1200034735248265e-06
v -0.4253221638317452 0.85065446825344593 0.13354123708404664
vn -0.47505058372704201 0.87995848930270704 2.1666276677449657e-06
v 0.89827637434186647 -0.27635566515940896 0.014169877116954154
vn 0.9822477318531867 -0.18758836120437458 -3.1507845240678492e-06
v 0.181059 -0.86913499999999999 -2.5282809999999998
vn 0.82325299231486126 0.48557588794351103 -0.29405878271613967
v 0.17442657452520249 -0.94762652977076467 -2.6764632319712827
vn 0.8232586345871088 0.48557018027350896 -0.29405241132648668
v -0.58482000000000001 0.72880999999999996 -0.193132
vn -0.66181871950958759 0.73728168241509862 -0.13568973167432952
v 0.91329415960401494 -0.19772602477856283 -0.065912934247355726
vn 0.98224471634646426 -0.18760415029400346 -1.3853380425973518e-06
v -0.41728113616462659 0.69695184963966361 -0.48992416309350079
vn -0.47129125781107567 0.66170166928673213 -0.58312558782307466
v -0.74344100881288511 0.60763421882191282 -0.077888939484836689
vn -0.66181758572568627 0.7372817631542159 -0.13569482283578382
v 0.121161 -0.91256599999999999 -2.7676949999999998
vn 0.82325921974777738 0.48556796861683582 -0.29405442515561675
v -0.49608343082655892 0.75494966584546175 -0.36042187630934747
vn -0.59720094297224247 0.67461175125799089 -0.43387788463770666
v 0.94029001122269718 -0.056378416281973986 -0.10184864146011213
vn 0.98224481014582954 -0.1876036591820415 1.7583762000645016e-06
v -0.5396849287200185 0.55293843696443012 -0.55441266343665085
vn -0.4712986979764649 0.66169406587498947 -0.58312820243194718
v -0.67639057228833133 0.65885562310233559 0.12660296492451883
vn -0.66181804542836253 0.73728137106798264 0.1356947111036301
v 0.099304000000000003 -0.95886899999999997 -2.9053499999999999
vn 0.82325659357524328 0.48557496749649526 -0.29405022032922251
v -0.57343928981716263 0.47281072264972407 -0.61805657813589077
vn -0.51275279912410976 0.50572568340131607 -0.69377669328009439
v -0.85064770549440882 0.52573612547814474 6.0044557798066833e-08
vn -0.85064648471465365 0.5257381077858575 8.0217522889508959e-06
v 0.13028612343873008 -0.84528482100237834 -2.6310478275844775
vn 0.82325634054716368 0.48557461758153286 -0.29405150655869916
v 0.090160000000000004 -0.86495 -2.7758590000000001
vn 0.82325659357524328 0.48557496749649526 -0.29405022032922251
v 0.061856000000000001 -0.91109200000000001 -2.931298
vn 0.82325683281061002 0.485571357079149 -0.29405551247163664
v 0.31681974932958912 -1.0799325099624055 -2.4962846164386105
vn 0.84274775353260389 -0.40572829510141251 0.35378068696559845
v 0.26071821840196474 -1.1232765195658068 -2.7249247742249709
vn 0.82325977661148209 0.48556890080542697 -0.29405132678534568
v 0.92268119256325953 -0.1485771570087901 -0.22168168489170098
vn 0.95542098379066565 -0.26221806414919696 -0.13569241160184448
v 0.28391300000000003 -1.0865450000000001 -2.5993309999999998
vn 0.82326041727639798 0.48556792390612979 -0.29405114626435669
v 0.82603130118138324 -0.51052026104591841 -0.10187436486205961
vn 0.81827529648363118 -0.50572282804053026 -0.2732580472068733
v 0.807048229466936 -0.49878866696826457 -0.18042712095540417
vn 0.81827112801284241 -0.50572415832314044 -0.27326806756176558
v -0.36440299999999998 0.72881099999999999 0.49651200000000001
vn -0.33357070533235561 0.73728526809603756 0.58748703644644684
v -0.31375999681993633 0.62752205337561529 0.6523803901154589
vn -0.33356806023126412 0.73728337555381396 0.58749091339826309
v -0.46142702004821595 0.54544356811258865 -0.62616945379694733
vn -0.47130284183171034 0.66170174516711155 -0.58311613913881077
v -0.4418927343148612 0.59829624551067073 -0.5819820985476325
vn -0.47130461820490377 0.66169646525820414 -0.58312069481671458
v -0.32583982900011871 0.65168155499128411 -0.6152023217760092
vn -0.33356926026129541 0.73728122432154353 -0.5874929317631471
v 0.016275663327748768 0.73898472917508407 0.60619956840584543
vn -0.075463402115980127 0.73728525229776465 0.67135365619418763
v 0.80859794783505134 -0.44425181206317921 -0.24241649912079768
vn 0.90498836586748699 -0.33039083871085601 -0.26802602735636072
v 0.87614044913489031 -0.39225697557413908 -0.078455714980228103
vn 0.95541840457812865 -0.26222813377272991 -0.1356911126472721
v 0.17777499999999999 -0.73567800000000005 -2.317097
vn 0.82325477597420471 0.48557558109444776 -0.29405429580343051
v -0.10968309118763572 0.64276087935149862 0.69771432439070546
vn -0.075469196444183539 0.7372867112457635 0.67135140262643045
v -0.26286818657537775 0.52573760640228762 0.80901236683154376
vn -0.26286560068286458 0.5257334884296917 0.80901543565075684
v -0.28949195355104379 0.57898458846563983 -0.72707199519125221
vn -0.33356926026129541 0.73728122432154353 -0.5874929317631471
v 0.84133009616979804 -0.37722100982701678 -0.21452584478143619
vn 0.90498969548704122 -0.33038470775148221 -0.2680290953352637
v 0.26544222828853981 0.85065367820175675 0.35824759591997707
vn 0.38432623285635875 0.87995728885315827 0.27922843073841769
v -0.36252368354863518 0.7250491585534693 -0.50229972355338304
vn -0.33357767879153993 0.73728532849618245 -0.58748300111264873
v 0.36113652658139372 0.85065239269865334 0.22654092926277342
vn 0.38433376620946624 0.87995778141793612 0.27921650931359904
v 0.23838778656101783 -0.925798475404777 -2.4613499003174675
vn 0.82325299231486126 0.48557588794351103 -0.29405878271613967
v 0.44397342021928154 0.85065226004088879 0.11252528733647588
vn 0.38432504698696074 0.87995740294719071 0.27922970339293385
v 0.20897647210892228 -0.84377686177495015 -2.4082482161986611
vn 0.82325837720012729 0.4855699625478142 -0.29405349146222926
v 0.2246024982607252 -0.75419753991047067 -2.216578126805532
vn 0.82326033384457753 0.48556988574729948 -0.29404814023127129
v 0.27486401996399257 0.78118305655269682 0.49999574223649762
vn 0.45565941086627504 0.73728685721872089 0.49878110575836865
v 0.89321463695223802 -0.30286217379464297 -0.1310003040775804
vn 0.95541726834333385 -0.26223263342796199 -0.13569041718853264
v 0.76318844983405865 -0.36939515453359428 -0.48801301147187481
vn 0.87046207659753005 -0.23246485649792034 -0.43388462026086727
v 0.3076911244517791 -0.98615890890488822 -2.366993158662738
vn 0.84274783823008248 -0.4057326846638199 0.35377545103357894
v 0.2979452168489185 -0.88604983498256207 -2.228968663567509
vn 0.84274576623752262 -0.40573021604103099 0.35378321791745448
v 0.24088133429207359 -0.71613825866695824 -2.1081531566434011
vn 0.82326033384457753 0.48556988574729948 -0.29404814023127129
v -0.24901943760767292 0.77825928243964582 -0.46594150651417959
vn -0.18759642441820079 0.79466026769188314 -0.57734100884777861
v 0.23499387540953426 -0.97982569311199796 -2.560065160833084
vn 0.82325810461245907 0.48556802087977108 -0.29405746086233492
v 0.58665199999999995 0.72880800000000001 0.187499
vn 0.61517909824553607 0.73728273742253192 0.27922901385877996
v -0.47657927610376966 0.45654880273832232 -2.2272407350855254
vn -0.81617177558047849 0.5044090488370927 0.28184241021724987
v -0.19000552436793003 0.80063605396121917 -0.45431593315301155
vn -0.18759569866381576 0.79465756594753323 -0.57734496336694296
v 0.90912974444390193 -0.21953066463271989 -0.17997893889803354
vn 0.95541901776732041 -0.26222692827896416 -0.13568912474442324
v 0.80831492287555895 -0.28066500189374205 -0.44501552103387426
vn 0.87046690273152572 -0.23245137983008857 -0.43388215826889265
v 0.95105809815105735 -1.4070389333653566e-06 -0.30901298247077524
vn 0.95105748043404048 -1.501659002230234e-06 -0.30901402704116782
v 0.88534100000000004 0.131434 -0.35675899999999999
vn 0.85270707327674866 0.26222834868526634 -0.45180409507838659
v 0.85248199999999996 0.19715099999999999 -0.38063200000000003
vn 0.8527132107997587 0.26222001186562705 -0.45179735004176019
v 0.81765640199575951 -0.36228441356173358 -0.31287041024245066
vn 0.90498871172980189 -0.33038239615519249 -0.26803526624753515
v -0.20160265349123685 0.73504746557597955 -0.5408243480279874
vn -0.18759816586920394 0.79465888713964705 -0.57734234320071154
v 0.77217481040629343 0.35776384511741555 -0.43897854320681245
vn 0.85270865316089361 0.26222598528293733 -0.45180248501632592
v -0.24556723861013169 0.67189407762569187 -0.61346339330873101
vn -0.18758830369595994 0.79466225285918846 -0.57734091505559482
v 0.84265531668230176 2.1580653717647344e-06 -0.45821659820924482
vn 0.8086189783199178 0.031377212332686463 -0.5874953773835857
v -0.17056392917923188 0.59625253897450825 -0.74194765133999763
vn -0.075466376895185872 0.7372818610950489 -0.67135704603328239
v -0.090055041794891572 0.77984104083470573 -0.51541550975560801
vn -0.1875957022181951 0.7946590998427826 -0.5773428509528119
v 0.4983796202338231 -0.75184416155719291 -0.36208982961717845
vn 0.5971998607450264 -0.67461233367840434 -0.43387846866962465
v -0.54075700000000004 0.384579 -2.2842889999999998
vn -0.81617360688898233 0.50440757453582574 0.28183974554472357
v -0.6355295668451777 0.30679724649866136 -2.4195331947006942
vn -0.81617221285001196 0.50441152924456578 0.28183670473640104
v -0.11300336062922688 0.72224078051529084 -0.58724050172274611
vn -0.18759816586920394 0.79465888713964705 -0.57734234320071154
v 0.68818925160640543 0.52573583964772064 -0.49999719290857986
vn 0.68819016713641001 0.52573222722051749 -0.49999991911850783
v -0.015446158508677567 0.71475078463698261 -0.62924741155405661
vn -0.075464882050777962 0.73728418342188318 -0.67135466368603502
v -0.4979495875785529 0.50822769481577434 -2.3816146688253368
vn -0.81617243515469851 0.50441132285079648 0.28183643035200223
v 0.40028200000000003 -0.69913800000000004 -0.50118300000000005
vn 0.47129503360876601 -0.6617020496848709 -0.58312210448460333
v -0.44303236382287808 0.62702498500188208 -2.435196687781163
vn -0.81617360236070813 0.5044074557943693 0.28183997116909493
v -0.5636137714372087 0.50678073274095647 -2.5691834283798438
vn -0.83377217833894302 0.5152893136086345 0.19824449023535581
v 0.058046146385037745 0.85065375906760943 -0.46607078419886006
vn -0.14679946379766987 0.87995751511391673 -0.45180160360855032
v 0.28949195355103702 -0.57898458846564294 -0.72707199519125276
vn 0.33356888582731425 -0.73728144114170424 -0.58749287225968616
v 0.58778600000000003 -0 -1.5013989999999999
vn 0.9996264358347684 0.027331095482570081 1.5119991676348605e-08
v 0.58778604719552818 1.2488959609626807e-07 -1.2160502991725315
vn 0.99962642080535891 0.027331645104234383 -1.940015822710925e-06
v 0.32607427102541658 -0.65214996746937204 -0.61448135438902696
vn 0.33356888582731425 -0.73728144114170424 -0.58749287225968616
v 0.40955484184176882 -0.61857184821169586 -0.58511124445146845
vn 0.47130520692616101 -0.6616962323547686 -0.58312048327236166
v 0.46142702004821595 -0.54544356811258865 -0.62616945379694733
vn 0.47130382666508214 -0.66170193949920919 -0.58311512262488541
v -0.42015129058521938 0.59029900291012105 -2.3032047537753311
vn -0.81617675742029183 0.50440580799510437 0.281833783474771
v 0.26286864376264441 -0.52573808737340322 -1.0800904464656849
vn 0.42260929486458293 -0.90631196829958893 -3.3143826848896851e-06
v -0.40014899999999998 0.53998000000000002 -2.1552259999999999
vn -0.81617139370045388 0.50441195359853475 0.28183831743034587
v -0.043785467609636995 0.95293972062038035 -0.12669072223329891
vn -0.10239192645897212 0.9435209295663195 -0.31509387310185671
v 0.26286899745160114 -0.52573814299224697 -1.3191213448529246
vn 0.42260983405541258 -0.90631171685361978 7.3144228693264902e-06
v -0.36742767369122131 0.52792257391148079 -2.0388876751010341
vn -0.8161734981365838 0.50440744231610746 0.28184029711099617
v 0.26286900000000002 -0.52573800000000004 -1.5013939999999999
vn 0.42260574592526445 -0.90631362315201403 -1.4088487216237211e-07
v 0.26286887082856158 -0.52573802435491457 -1.7321881283021372
vn 0.79350148290191902 -0.60855314482973244 -0.0042972724253894827
v -0.303483 0.46001999999999998 -0.80901199999999995
vn -0.7675762258305493 0.47439028309650011 -0.43102273355746801
v 0.662710910123118 -0.52958233405994726 -0.48148296632399828
vn 0.59719601145001833 -0.67461385908679194 -0.43388139512569079
v -0.38029544744895338 0.33573322705742814 -0.80901438709381646
vn -0.76758010841406521 0.47438842090824751 -0.43101786885839372
v -0.42532700000000001 0.26286900000000002 -0.80901400000000001
vn -0.7675845207553782 0.47438183615790247 -0.43101725837858673
v -0.48959017036094926 0.15888719816048757 -0.80901614529803656
vn -0.76758109209084713 0.47438308619729552 -0.43102198852790757
v 0.58617699999999995 -0.50879600000000003 -0.56692600000000004
vn 0.47130444568735219 -0.66169638051976709 -0.58312093041013147
v -0.52102863848428072 0.10801627362306829 -0.80901629025543154
vn -0.7675829364480643 0.47437907134606144 -0.43102312274704624
v 0.53188541698795933 -0.55810220449673953 -0.55485668084396955
vn 0.47130071820523456 -0.6616915922129375 -0.58312937656573061
v -0.92595499999999997 0.131434 -0.23175899999999999
vn -0.95541886448343083 0.26222889603405514 -0.13568640121232572
v -0.15456871426364874 0.89318391428204524 -0.26963276961456095
vn -0.10238119369694446 0.94352336659695835 -0.31509006309741144
v -0.90633625800033257 0.23415750915310171 -0.17138115973027657
vn -0.95542028181891669 0.26222397781197193 -0.13568592612916133
v -0.21112374604655074 0.86752861872663678 -0.32808225315685646
vn -0.10237544436966947 0.94352554080066731 -0.31508542055595168
v 0.061440463311738629 0.58045941136044121 -2.1698312459836742
vn 0.15787262535803087 0.95863342422372533 0.23685056918584313
v 0.49190264359065705 -0.62951670702914075 -0.50613599001358522
vn 0.47130071820523456 -0.6616915922129375 -0.58312937656573061
v -0.058825282306903245 0.59948522550661631 -2.1666788213479582
vn 0.1578626480751808 0.95863552729882995 0.23684870728628818
v -0.95105799999999996 0 -0.154506
vn -0.99950771063286914 0.031374135603366049 7.6306517480405972e-07
v -0.95105807692979039 4.58897908027983e-07 -0.0088238687985018466
vn -0.99950317388506049 0.031518133748318307 -0.00011242203409657013
v 0.063860719811050903 0.63054448000894203 -2.3741601393252267
vn 0.15787135548086237 0.95863362320700207 0.23685061024969054
v -0.3163280046094239 0.8889264436187958 -0.22982157397239972
vn -0.22107659744986002 0.96193916067997176 -0.16061814720106798
v -0.95105799999999996 0 0.154506
vn -0.99950771484810386 0.031374001313662768 8.3180664285938828e-07
v 0.37843015424882753 -0.75687094750847672 -0.45333124607545994
vn 0.33356405854959997 -0.73728242831828961 -0.58749437421732409
v 0.1188940875837311 0.52080589660990184 -1.9666830927553669
vn 0.15786979834911902 0.95863427448403027 0.23684901214420448
v -0.87647590842592726 0.39050130617914136 0.079487087007160229
vn -0.9554170523478257 0.26223080357076178 0.13569547428571316
v -0.88926759211882156 0.32352909148973052 0.11885248977264277
vn -0.95541604488596499 0.26223397521086561 0.13569643849256649
v 0.10940108542409473 0.50108293182482655 -1.8805317766547494
vn 0.15787462150555151 0.95863387570456793 0.23684741129283648
v 0.14295576946368432 -0.79534880126222984 -0.47688279187388105
vn 0.18759638995895825 -0.7946519908896249 -0.57735241217953015
v -0.10657549640705707 0.85065413726327488 -0.41257982134078097
vn -0.14680383553614884 0.87995567245243289 -0.451803771996939
v -0.95105808235978539 1.4539011972125593e-06 0.3090129740580575
vn -0.95105760713266607 2.6173794523010428e-06 0.30901363709104634
v 0.15863582667749601 0.53549426252917798 -2.0526238757952742
vn 0.15787321352272116 0.95863333400917805 0.23685054228026825
v -0.0032528534490338934 0.87416518551238886 -0.37575168752239357
vn -0.10238152267552783 0.94352056027428077 -0.3150983594916798
v -0.46594200000000002 0.19715199999999999 0.80901500000000004
vn -0.42429074326113136 0.26223302360212092 0.86672441209152873
v -0.4295192475782354 0.25608673760381784 0.80901360808245304
vn -0.42429578031361637 0.26222612785209043 0.86672403259616526
v -0.045616999999999998 -0.81318299999999999 -0.51360799999999995
vn 0.18758886581751724 -0.79465487663106671 -0.57735088504977783
v -0.023738232570503753 -0.74468426100421292 -0.60077967518355346
vn 0.075459761394448779 -0.73728595427304389 -0.67135329450445069
v 0.026733671936349641 -0.70612938445478568 -0.63744708327821464
vn 0.07546672707674415 -0.73728428958076475 -0.67135433970572589
v 0.32782232498785219 0.66315557235237621 -0.58980890139592457
vn 0.40894147146869458 0.66170408081952237 -0.62842229618291712
v -0.44083899999999998 0 0.85676300000000005
vn -0.30886148560618837 0.031371892505279282 0.95058949450842101
v -0.36736600000000003 0 0.88063499999999995
vn -0.30886331576984366 0.031370985553107182 0.95058892978883602
v -0.29389300000000002 0 0.90450799999999998
vn -0.30887571091412691 0.0313643478500088 0.95058512132856166
v 3.2881714692734043e-07 -1.1933809113129357e-07 0.99999995126600483
vn 7.9969229934578062e-07 -1.3704962871267416e-06 0.99999999999874112
v 0.076521169078805837 -0.75917276187894356 -0.54826088802816075
vn 0.18759649548462337 -0.79465765577566094 -0.5773445808172265
v 0.37953439028632269 0.71649403451651417 -0.49999568078240564
vn 0.45566141112654757 0.73728255412840316 -0.49878563911570439
v -0.210537286458194 0.42107555684835885 0.84703297621490836
vn -0.16619467192999962 0.26223341751453916 0.950585590970495
v 0.25707259554385686 0.792178486714469 -0.4999957371811336
vn 0.45565729979451003 0.73728690836478217 -0.49878295870837175
v 0.37584750856092786 0.60550944929707751 -0.61925595593805272
vn 0.4089476156493938 0.66169958014783126 -0.62842303688427881
v 0.22831239261739061 -0.73280716007479008 -0.5352288637179633
vn 0.18759638995895825 -0.7946519908896249 -0.57735241217953015
v -0.068355533905597274 0.13670983666389808 0.95033594450702408
vn -0.16619125342944399 0.26222928401321044 0.95058732891274622
v 0.038399000000000003 0.53565600000000002 -1.9731350000000001
vn 0.1578542234589026 0.95863716794266685 0.23684768180214497
v 0.37094968847636861 0.57446991839868944 -0.6551250273049628
vn 0.40894686105130518 0.66170032794412137 -0.62842274054566716
v 0.22109632602599927 -0.67140246376568968 -0.62209122780140369
vn 0.18759649548462337 -0.79465765577566094 -0.5773445808172265
v 0.62552204973636449 0.19759870457090134 0.69287146690455426
vn 0.69319030792401204 0.26222885883339786 0.67135923513060225
v -0.15809500000000001 -0.68037700000000001 -0.65069500000000002
vn -0.038546996766586988 -0.66170192493836333 -0.74877546138554874
v -0.025493793303607584 0.52380116913346364 -1.8825694998579479
vn 0.15785945721140174 0.95863569310484509 0.23685016291806713
v -0.11381272992212105 -0.72619684813206498 -0.61248294106416146
vn -0.038528685398135885 -0.66170613364777864 -0.7487726845274203
v 0.43239300000000003 0.76727400000000001 -0.31415100000000001
vn 0.49112177880576147 0.79465806098491176 -0.35681642968670191
v 0.66641400531396999 0.41171710488417562 0.56701565672764787
vn 0.69320474662379472 0.26224145546217925 0.67133940618387544
v 0.58778543029307218 8.3947641660309102e-07 0.80901691078612681
vn 0.58778718053276147 1.4251466180610936e-06 0.80901559342160756
v -0.081420978698757793 0.49931768177976849 -1.7461985402468618
vn 0.15206741224803774 0.98114603166874736 0.11928104070997482
v 0.68807825434436576 5.1129963444382899e-07 0.67097549480148355
vn 0.80861069704436339 0.031373845947124432 0.58750695520641705
v -0.1717839314042186 0.51247543034046428 -1.7392194348421428
vn 0.15207312491918673 0.98114496271146212 0.11928255037195107
v 0.84789096355295834 1.6261689989602365e-06 0.45101074051589501
vn 0.80862021778218318 0.031373403732983904 0.58749387480390103
v -0.024759512640198936 -0.62314850573969782 -0.70812914130578575
vn -0.038527723320974559 -0.66170446003596384 -0.74877421303368608
v 0.34837187439579725 0.79108236120449482 -0.37677451353502966
vn 0.4911190638498118 0.79465831309687307 -0.35681960505179161
v -0.051747031373133995 -0.5462757332239685 -0.77467259212185491
vn -0.038529264299436802 -0.66169838599126662 -0.74877950143489969
v 0.78188274435683813 0.33834827706216786 0.43192525629108713
vn 0.85270760622579178 0.26222683229898658 0.45180396933528516
v -0.33503761054135928 -0.70718682910224762 -0.53875175533483555
vn -0.40894325816123472 -0.66169669004362675 -0.62842891562195191
v 0.0053729029054715447 0.5470980439578581 -1.9974362345346537
vn 0.1578739432602253 0.95863251653644377 0.23685336450739333
v 0.85248199999999996 0.19715099999999999 0.38063200000000003
vn 0.85271969595219066 0.26220856397193865 0.45179175414672779
v 0.88534100000000004 0.131434 0.35675899999999999
vn 0.85270849812678162 0.26222536882883657 0.45180313540849726
v 0.95105808235979805 -1.4539011723435635e-06 0.3090129740580313
vn 0.95105754698495937 -1.574482665765743e-06 0.30901382221588836
v -0.27638832638729938 -0.44721975471444664 -1.6169741765798611
vn -0.52573179033239292 -0.85065038919034086 -2.0538384544421521e-06
v -0.27638749737989293 -0.44722030837234072 -1.4836796739164202
vn -0.52573044716018058 -0.85065121931753385 -1.5328504099359951e-06
v -0.47767438504105325 -0.57881865209277716 -0.58109635523843861
vn -0.4089420325102997 -0.66170024519598225 -0.62842596982772914
v -0.27638833209450397 -0.4472198105250853 -1.3345166257951526
vn -0.52572597175719116 -0.85065398524638924 -2.0958510231980973e-06
v 0.63015986214268127 0.64179134881639299 -0.32140866883835978
vn 0.61517677549857419 0.7372849739118772 -0.27922822588509832
v -0.27638808019246952 -0.44722007397694624 -1.1411894745725724
vn -0.5257276720407158 -0.85065293433396894 -1.2635585504522155e-05
v -0.28065188760577164 -0.69165973824124549 -0.59049327089615189
vn -0.40895775991009653 -0.66169654708228498 -0.62841962906062798
v 0.52102863848428094 -0.10801627362306859 -0.80901629025543154
vn 0.76758293644806286 -0.47437907134605994 -0.4310231227470504
v 0.47526967772620249 0.68341664409422942 -0.44189181760663737
vn 0.49111400635505664 0.79465956569836838 -0.35682377640225416
v 0.48959017036094926 -0.15888719816048719 -0.80901614529803723
vn 0.76758109209084457 -0.47438308619730224 -0.43102198852790474
v 0.42532700000000001 -0.26286900000000002 -0.80901400000000001
vn 0.76758452075537376 -0.47438183615790441 -0.43101725837859256
v 0.38029544744895333 -0.33573322705742775 -0.80901438709381568
vn 0.7675801084140611 -0.47438842090824773 -0.43101786885840077
v 0.550624 0.63505 -0.44589000000000001
vn 0.49111745800566192 0.79465526778121987 -0.35682859726991439
v 0.303483 -0.46001999999999998 -0.80901199999999995
vn 0.76757622583055096 -0.47439028309649661 -0.43102273355746867
v -0.53098596286655708 -0.081573850834238765 -1.2242380433126661
vn -0.82065773595820213 -0.57142005601098556 -5.9991103352806148e-07
v 0.65845476929297075 0.5852054527249887 -0.40848269249599212
vn 0.61518303095199289 0.73727921914130978 -0.27922963927760225
v -0.3593911849703299 -0.46304613086484703 -0.77997099174683737
vn -0.5013712229337568 -0.505724751284644 -0.70204656024511236
v -0.53899829228525487 -0.070066012749482015 -1.3832773775285789
vn -0.82065919386317798 -0.57141796219900642 -2.0430125763648332e-06
v -0.58778604719552741 -1.2489112234895391e-07 -1.2160502994762761
vn -0.99962642062748241 -0.027331651611161575 -1.9218562729171571e-06
v -0.58778600000000003 -0 -1.5013989999999999
vn -0.99962643202629842 -0.027331234775443049 -1.4828201135854247e-07
v -0.4508890527205055 -0.19660620466359194 -1.2141189305897142
vn -0.8206554389040488 -0.57142335495307905 -3.3720280640359191e-06
v -0.24629109864083387 -0.55379162874711141 -0.75802036897592084
vn -0.22810678714351454 -0.67461432868698024 -0.70204187993970735
v -0.52845412119295876 -0.085209882542965604 -1.5521431445393847
vn -0.82066056753315786 -0.57141598935604754 2.0987680171762011e-06
v 0.35724591357456642 0.85065221610948538 -0.23189697616882041
vn 0.38432309017721911 0.87995737632094873 -0.2792324805873867
v -0.77533980239191513 -4.578688885010724e-07 -0.55086991815188724
vn -0.80862280565247135 -0.031377163310619585 -0.58749011208811353
v -0.31393836356969124 -0.61896118688199198 -0.64537974888629057
vn -0.4089408179554555 -0.66169888757231288 -0.6284281896887558
v 0.49529521096894091 0.72185917339283656 -0.32871633741799355
vn 0.49111974203873371 0.79465800459533875 -0.35681935865695719
v -0.84265892047512991 -2.1456481801874159e-06 -0.45821163169538059
vn -0.80861891785104345 -0.031375241379563261 -0.58749556587414475
v -0.48437806370594549 -0.14851137696883238 -1.1398076763402623
vn -0.82066107819511958 -0.5714152559498793 1.8324359749653191e-06
v 0.42732910683328229 0.85065296750193242 -0.1354322916653124
vn 0.38432173375863865 0.87995920378268944 -0.27922858850570687
v -0.52415022693800872 -0.091390708575311286 -1.0552263120548577
vn -0.82066107819511958 -0.5714152559498793 1.8324359749653191e-06
v -0.52019468511957279 -0.097071349378643201 -0.81805358412103424
vn -0.76567002091264158 -0.49488065550209831 -0.4109045581220151
v -0.56172753533418174 -0.037423365963608068 -1.0640662836448644
vn -0.82065691775764948 -0.57142123108599896 -8.2212790842022951e-07
v -0.37234837708722701 -0.58162644045957534 -0.64667971168100169
vn -0.40894264422376747 -0.6616983783157504 -0.62842753748509395
v -0.29542983768454956 -0.76847244156021333 -0.49999623258464637
vn -0.45565950224157564 -0.73728282366390574 -0.49878698454063269
v -0.3369635898509003 -0.85065250969266848 -0.25981222433277429
vn -0.38431433842348794 -0.87995892157390021 -0.27923965625357633
v -0.88534100000000004 -0.131434 -0.35675899999999999
vn -0.85270706806165153 -0.26222840534563924 -0.45180407203519668
v -0.85248199999999996 -0.19715099999999999 -0.38063200000000003
vn -0.85271321080072859 -0.26222001186707217 -0.45179735003909066
v -0.41058452009108631 -0.78698662928636798 -0.30026849469163502
vn -0.49112306480503332 -0.79465608626023265 -0.35681905748723797
v -0.459673 -0.18399099999999999 -0.98970999999999998
vn -0.8206591196110683 -0.57141806884055946 1.3084379500499007e-06
v -0.37825199999999998 -0.74005900000000002 -0.44928099999999999
vn -0.49112515527201189 -0.79465498154378256 -0.35681864044174155
v -0.44465547408739009 -0.85065186785600411 -0.11158742722237572
vn -0.38432490824401544 -0.87995771251141763 -0.27922891880122702
v -0.52381064594246318 -0.7522948830321976 -0.22168528668812171
vn -0.49111356389549832 -0.79465933371193853 -0.35682490202108968
v 0.16511280566550851 0.93370042045140156 -0.093971218173095228
vn 0.26803082228958819 0.943524839469007 -0.19473149618834601
v -0.84750567611888861 -1.9229580212274319e-06 0.45154104683690832
vn -0.80862032584401133 -0.031372153265862991 0.58749379284498671
v -0.76586013274304898 -3.3859519863120427e-07 0.56391761554833497
vn -0.80861965681956116 -0.031375960305808748 0.58749451037427003
v 0.048911245299469691 0.95503489210560555 -0.1505393511827042
vn 0.084434602693694627 0.96194018062126074 -0.25988821976821913
v 0.18089341064136089 0.89825248142477443 -0.2439985151094797
vn 0.26803379130789601 0.94352312470202793 -0.1947357180119684
v -0.58778547872087528 -1.0976952248276106e-06 0.80901691859695402
vn -0.58778883872592858 1.757048565239514e-06 0.8090143886644644
v 0.22317263057847958 0.88230253383928869 -0.26308880694664533
vn 0.2680396978857979 0.94352106901545352 -0.19473754820585099
v -0.47496809416720265 -0.68292877836020793 -0.44339339319589227
vn -0.49112192171505731 -0.7946530404495834 -0.35682741390641781
v -0.85248199999999996 -0.19715099999999999 0.38063200000000003
vn -0.85270997425155093 -0.26222079905477236 0.45180300171091842
v -0.4562851891329392 -0.18885712511466221 -0.82659765951143571
vn -0.76567035147020113 -0.49487896315106655 -0.41090598037753601
v -0.61807592653713261 -0.66596151026679506 -0.28421197282661187
vn -0.61517865777166203 -0.73728437411021552 -0.27922566270879201
v -0.68818907425884812 -0.52573609547957501 0.4999969939275864
vn -0.68818981003309898 -0.52573340268315949 0.49999917466911281
v -0.48095007086117708 -0.71258910827505806 -0.36910435995473534
vn -0.49112515527201189 -0.79465498154378256 -0.35681864044174155
v -0.60226319509548376 -0.075806568887334724 0.76445804811289231
vn -0.69319080249402809 -0.26223727439369482 0.6713554373476478
v -0.6142668697249809 -0.13865713051325873 0.72751580935341964
vn -0.69319277770951826 -0.26222625783935738 0.67135770095451308
v -0.63269792876783115 -0.23517313362114045 0.67078558285450496
vn -0.69319063261165714 -0.26223025412613105 0.6713583548898423
v 0.22897942319819087 0.85065452468428338 -0.40843365530332632
vn 0.38432324754528707 0.87995956085998117 -0.27922537966193772
v -0.57201045637194714 -0.7580910546432309 -0.14243755933095498
vn -0.61517620446348797 -0.73728508312815977 -0.27922919556987508
v 0.38363799999999998 -0.33032499999999998 -1.1521509999999999
vn 0.85065743591643228 -0.52572038833365076 3.2243453077902096e-06
v -0.89442593166801132 -0.44721629136436691 -1.7631306828969073e-06
vn -0.89442505818191897 -0.44721786099459759 -1.0182708450431899e-05
v 0.38812134600449738 -0.32306933149338229 -1.1744700656482459
vn 0.85065064231291077 -0.52573138061726421 1.2918890005976433e-05
v 0.12275628252041457 -1.0714183070866558e-08 0.96011382493428188
vn 0.30886683567531387 -0.031375522699068063 0.95058763635725818
v 0.25816935716226758 0.89643456442602198 -0.1464447017878904
vn 0.26803347738783079 0.94352314696263184 -0.19473604223440286
v -0.83387119410091826 -0.47027033468792345 -0.14680854117453551
vn -0.82261946436112598 -0.50572268229377981 -0.25988802486416862
v 0.3373281111057615 -1.5340336893382683e-06 0.89039486734240703
vn 0.30868237932285075 -0.031190961438039302 0.95065362389261121
v -0.67166681728329358 -0.62990093183886653 -0.20748571300527419
vn -0.72404291211332639 -0.66169380198633065 -0.19473873223200494
v 0.33236522731439561 -0.41328803103440948 -1.2841069448979006
vn 0.85065677255172734 -0.52572146170096612 -4.344934293228916e-06
v 0.058351506444219672 -0.11670161987513966 0.95760443488192215
vn 0.16618919483352382 -0.26222762477777967 0.95058814653034096
v 0.3304028961411335 -0.41646224678961041 -1.4030859469788488
vn 0.85065677255172734 -0.52572146170096612 -4.344934293228916e-06
v 0.41030299999999997 -0.28717999999999999 -1.227913
vn 0.85065064231291077 -0.52573138061726421 1.2918890005976433e-05
v -0.70708617027355758 -0.57703754498391868 -0.25542201100631495
vn -0.72404446299761638 -0.66169315360760894 -0.19473516906637778
v 0.69259817751327002 0.62671416751758136 -0.14049092825806656
vn 0.72404282183671298 0.66169475955306356 -0.19473581418615143
v 0.22071783724796779 -0.44143795086324422 0.83963591837842733
vn 0.16619301949461601 -0.26223528932215168 0.95058536350261025
v -0.56344874683321222 -0.77521624388758381 0.11608345259654565
vn -0.61517736684141644 -0.73728399743078554 0.27922950141155028
v -0.63336239644299186 -0.69700158744599139 0.12190298434192534
vn -0.72403940208207296 -0.66169858219523137 0.19473554003687932
v 0.41322998421004842 -0.28244310333382627 -1.2865268946560895
vn 0.85066091016912715 -0.52571476663853633 -6.9585558624466751e-06
v -0.63009304311826553 -0.64192791464795651 0.3211954795420664
vn -0.61517908101468655 -0.73728346800408151 0.2792271227689036
v 0.30034100000000002 -0.46510600000000002 -1.519253
vn 0.8506575226743639 -0.52572024793448713 5.4051463223113526e-06
v -0.74566063190010867 -0.50385356700161255 0.36066828475584478
vn -0.82262002050322536 -0.50572115273199636 0.25988924092138549
v -0.67793099999999995 -0.61133300000000002 0.24728700000000001
vn -0.724041040093377 -0.66169516333772538 0.19474106674238431
v 0.70708617027355747 0.57703754498391835 -0.2554220110063149
vn 0.72404405901845303 0.66169397086106274 -0.19473389413813369
v 0.33462710971425669 -0.40962859132216312 -1.1637064489789746
vn 0.85064980120208755 -0.52573274171730422 -1.1203448404581632e-06
v -0.80431155387694508 -0.54582082555909861 -1.3781249299591821e-07
vn -0.73817164553104542 -0.6746129421548499 -3.3415231870012998e-06
v 0.95105797761691679 -1.9110781756409476e-07 0.14692674838939129
vn 0.99950770089063168 -0.031374445971931286 5.2705780870805617e-07
v -0.72551962432588679 -0.59565809852427798 0.12361452061943148
vn -0.72404481858232639 -0.66169329395255805 0.19473337007893532
v -0.52572914086841349 -0.85065211143931518 -9.5463821778163371e-09
vn -0.52572413468523305 -0.85065512060366566 -4.7538700925917337e-07
v 0.95105794769098151 -1.0531055822294477e-06 -0.041173440397997661
vn 0.99950729036415664 -0.031387515823938193 -1.8955307187076839e-05
v 0.30893306246916169 -0.45120243863807624 -1.0255542565589597
vn 0.85065725513176982 -0.52572068086420431 -1.8331741811541946e-06
v -0.5245717558217079 -0.75148696448435104 0.22243700698311333
vn -0.49111751504637563 -0.79465608588455316 0.35682669684500168
v -0.39261190539051727 -0.76988691994432423 0.36308641097061528
vn -0.49112039830172949 -0.79465506053845536 0.3568250119212138
v 0.90383934474961081 -0.24723058002642623 0.16369758365781142
vn 0.95541965155499453 -0.26222568962507786 0.13568705584242444
v 0.83387119410091814 0.47027033468792112 -0.14680854117453634
vn 0.8226194643611271 0.50572268229377737 -0.25988802486416968
v 0.88926759211882245 -0.32352909148972986 0.11885248977264112
vn 0.95541608073639706 -0.26223381523573458 0.13569649522818586
v 0.89442592353778627 0.44721631701040532 -1.7766607793290312e-06
vn 0.89442489772418665 0.44721818190678203 -1.0152375255031081e-05
v 0.30033213475710596 -0.46511876570989041 -1.1745158883514237
vn 0.85064980120208755 -0.52573274171730422 -1.1203448404581632e-06
v 0.26286909324246394 -0.52573805436828414 -0.80901178301090093
vn 0.39246774964318765 -0.84168976492217695 -0.37084687556357071
v -0.37825199999999998 -0.74005900000000002 0.44928099999999999
vn -0.49112443759296914 -0.79465573002236511 0.35681796134949778
v 0.21716908275978292 0.65692137123169148 -0.66838174565437014
vn 0.22810684554313929 0.67461305567700713 -0.70204308423806139
v -0.26525046188133883 -0.85065332407453242 0.35851391478823136
vn -0.38432551081109873 -0.87995659736585297 0.2792316036771233
v 0.35275343013866622 -0.38029920754538094 -0.97987720678419321
vn 0.85065839634414453 -0.52571883429186961 7.8017163202251905e-08
v 0.42356500000000002 -0.26572000000000001 -1.0956980000000001
vn 0.85065209277480847 -0.52572903386952385 -2.1108716313616599e-06
v -0.52820400000000001 -0.716978 0.294292
vn -0.49111867327933822 -0.79465935678002875 0.35681781827466741
v 0.19582171472001697 0.73249657801581214 -0.60269554856305241
vn 0.22810684554313929 0.67461305567700713 -0.70204308423806139
v -0.48261455869908282 -0.71360030838533517 0.36456146421196584
vn -0.49111980354437251 -0.7946551830457278 0.35682555769605107
v 0.36440299999999998 -0.72881099999999999 -0.49651200000000001
vn 0.33357288500534482 -0.73728013158217076 -0.58749224502404129
v 0.00096399622797297638 0.48732297674394648 -0.82938193212820366
vn 0.10021194712647288 0.90615395560707468 -0.41090458063980351
v -0.18898021912003757 -0.75673289086719231 0.58162960686485243
vn -0.22810933109786882 -0.67460328681186987 0.70205166368915095
v 0.037261284352107411 0.61752980080974007 -0.71245104060726006
vn 0.038529058682054231 0.66169609331972645 -0.74878153804863989
v -0.10377007189505849 0.64727452572427868 -0.69342264514721252
vn -0.075460822701226851 0.73728554883302466 -0.6713536204707915
v -0.294769 -0.73284300000000002 0.537941
vn -0.40895439521434723 -0.66169406760010563 0.62842442945647348
v 0.43053886601894586 -0.25443661406213436 -0.93930011610474506
vn 0.85065209277480847 -0.52572903386952385 -2.1108716313616599e-06
v 0.47464300986455787 -0.18307194302181193 -0.96974855787247716
vn 0.85066019728685682 -0.52571592019063695 3.1619257878985556e-06
v 0.093017933570871222 0.54150656343847792 -0.77676350049057341
vn 0.038527561756021081 0.66169792386037207 -0.74877999742515122
v -0.014094768945565467 -0.85065415658771926 -0.45178849732720094
vn 0.14679880603462145 -0.87996101136252391 -0.4517950077509198
v 0.58778613623486087 2.1842069408695153e-07 -0.80901668057697684
vn 0.92834282632524456 0.025391973139668667 -0.37085690570694696
v -0.24783750411763708 -0.5483135464052169 0.76278200092481452
vn -0.22810490019727059 -0.67461207372545184 0.70204465989696041
v 0.16177040955321334 -0.60297010363710379 -0.73555876336206838
vn 0.075459894497576091 -0.73728788886404273 -0.67135115495306763
v -0.54863186503021599 -0.61198679165927061 0.4999974323911206
vn -0.45565866226243495 -0.7372840144620102 0.49878599170785737
v 0.11421456920508612 -0.63929590830361704 -0.70101049906352952
vn 0.075465209811861236 -0.73728486158043016 -0.67135388208632396
v 0.36261844586907993 -0.36433508610634435 -1.0727431428571559
vn 0.85065813696300818 -0.52571925394992669 6.7049703460483833e-06
v -0.38363799999999998 0.33032499999999998 -1.1521509999999999
vn -0.85065743591643228 0.52572038833365076 3.2243453077902096e-06
v -0.44190401998047568 -0.6779470210950862 0.49999620828560248
vn -0.45566976177713214 -0.73727992501166695 0.4987818966008713
v -0.49061500000000002 -0.57766200000000001 0.57389199999999996
vn -0.40893829715893265 -0.66169492894122017 0.62843399822911072
v -0.38812134600449738 0.32306933149338229 -1.1744700656482459
vn -0.85065064231291077 0.52573138061726421 1.2918890005976433e-05
v 0.240116261415491 0.57565773002262688 -0.73901503977873551
vn 0.22810659791800486 0.67461246941353981 -0.70204372805263304
v -0.42633468847669775 -0.62865045391192409 0.56203599596415676
vn -0.40895067597986268 -0.66169098740566346 0.62843009301093433
v -0.44858854552853034 -0.67381509145691443 -0.49999709068435128
vn -0.45566128854904103 -0.73728145321117278 -0.49878737841754633
v -0.53152087456193686 -0.49586569499625721 0.63340189289464244
vn -0.50137148966296985 -0.50572200886064556 0.70204834527765081
v -0.33236522731439561 0.41328803103440948 -1.2841069448979006
vn -0.85065677255172734 0.52572146170096612 -4.344934293228916e-06
v -0.5720943976886117 -0.59748649365234252 -0.49999708069225141
vn -0.45566055091771884 -0.73728280317907224 -0.49878605681571592
v -0.3304028961411335 0.41646224678961041 -1.4030859469788488
vn -0.85065745151652128 0.52572036309370063 2.8363394804416751e-06
v -0.253274 -0.85065400000000002 -0.374996
vn -0.38432534083122633 -0.8799571867065995 -0.27922998040749197
v -0.29868299999999998 -0.85065299999999999 -0.31249700000000002
vn -0.38431299640461314 -0.8799618079802235 -0.27923240730739712
v -0.41030299999999997 0.28717999999999999 -1.227913
vn -0.85065064231291077 0.52573138061726421 1.2918890005976433e-05
v 0.25895519713589232 0.50894949039870185 -0.79699558454473141
vn 0.2281098422410098 0.67461015565750249 -0.70204489725126695
v -0.41981970160420079 -0.56255786301869715 0.63586629233259973
vn -0.40894259487493312 -0.66170177223589466 0.6284239959747181
v -0.30869757239498075 -0.6652076606477404 0.60009497858833671
vn -0.4089461790981998 -0.66169661696544257 0.62842709179145961
v -0.66788199999999998 -0.56635100000000005 -0.43749700000000002
vn -0.61518206381463969 -0.73728130850753471 -0.27922625321802758
v -0.64598877710638081 -0.61013574760888223 -0.37011818048740736
vn -0.61517843417967222 -0.73728380518008629 -0.27922765754741985
v 0.63201203157012864 -0.64102515416189265 -0.28656061399408578
vn 0.7002224338044617 -0.66170053254761674 -0.26803161832731009
v -0.41322998421004842 0.28244310333382627 -1.2865268946560895
vn -0.85066091016912715 0.52571476663853633 -6.9585558624466751e-06
v 0.71208806684391091 -0.5861511474270612 -0.21283483221052166
vn 0.70022704675630576 -0.6616969502885609 -0.26802841075109957
v 0.52999146640460604 -0.77069476992348318 -0.2329648294974801
vn 0.66181581940847933 -0.73728371126497816 -0.13569285273743534
v 0.61069068001071047 -0.59994035852243832 -0.44368953948461332
vn 0.59719524955284153 -0.67460440595768745 -0.43389714146787706
v -0.64527132346124239 0.62981328156629146 -0.27960056622401591
vn -0.70022324020949478 0.66169990527108913 -0.26803106020524531
v -0.26286914164949249 0.52573816672638496 -1.574017304408543
vn -0.42260907039475992 0.90631207297415706 1.167551781655326e-06
v -0.58665199999999995 -0.72880800000000001 0.187499
vn -0.61517736864699324 -0.73728372682838217 0.27923021193741365
v -0.33462710971425669 0.40962859132216312 -1.1637064489789746
vn -0.85064980120208811 0.52573274171730333 -1.1203448402982633e-06
v 0.69103789359375978 -0.53145131904212284 -0.40286398505649118
vn 0.70022616664097614 -0.66169850500101679 -0.26802687184441659
v 0.772124978730651 -0.47720607516345181 -0.32494722465276726
vn 0.81827321284556642 -0.50571248113558409 -0.27328343448347903
v 0.723024 -0.55100099999999996 -0.27103899999999997
vn 0.70022653494044551 -0.66169758359388087 -0.26802818439730541
v -0.30893306246916169 0.45120243863807624 -1.0255542565589597
vn -0.85065725585197249 0.52572067969885228 -1.8353752298617185e-06
v -0.43546586509144936 -0.85065202240384552 0.12423556741668063
vn -0.38432427032768168 -0.87995834387677763 0.27922780713735118
v 0.76718583118361139 -0.58949467629804775 0.06063877807528302
vn 0.66181798285854621 -0.73728085431729795 0.13569782394054949
v -0.625008492861309 0.5805753675198716 -0.45409193099900669
vn -0.59719341215461241 0.67461461564356007 -0.43388379647000302
v -0.723024 0.55100099999999996 -0.27103899999999997
vn -0.7002221892063728 0.66169875109701615 -0.26803665521656483
v 0.70579971043736633 -0.63639060282770665 0.0023667832327977749
vn 0.60705455854071533 -0.79466015563175318 2.5010258930595791e-06
v -0.30033213475710591 0.46511876570989064 -1.1745158883514242
vn -0.85064980120208811 0.52573274171730333 -1.1203448402982633e-06
v -0.26286909433604466 0.52573805486865621 -0.80901177953316283
vn -0.39246762726786311 0.84168983373355133 -0.37084684889630709
v -0.66204466886750868 0.53048292083211623 -0.48099933860050836
vn -0.59719473423841085 0.674610275979178 -0.43388872414619295
v -0.35275343013866622 0.38029920754538094 -0.97987720678419321
vn -0.8506583963441442 0.52571883429187005 7.8017162620676966e-08
v -0.42356500000000002 0.26572000000000001 -1.0956980000000001
vn -0.85065209277480902 0.52572903386952285 -2.1108716314624373e-06
v -0.30241978914204093 -0.764152558504825 0.49999611393188942
vn -0.45565973255206788 -0.73728386145693048 0.49878524012417991
v 0.60681985962004592 -0.71200288525128708 0.04295970155243415
vn 0.6070636399410545 -0.79465321811532552 6.8887981391328545e-07
v 0.66547229494493554 -0.66719684291897929 -0.13453539455409572
vn 0.66181724813558118 -0.73728216201255192 -0.13569430219557446
v -0.50206715605683816 0.62808522690823099 0.499545088956793
vn -0.47129902628048947 0.66169418709535366 0.58312779953564342
v 0.74420160626395515 -0.60705321589619132 -0.077336288353316004
vn 0.66181703366940703 -0.73728235003245146 -0.13569432661556977
v -0.43053886601894586 0.25443661406213436 -0.93930011610474506
vn -0.85065209277480902 0.52572903386952285 -2.1108716314624373e-06
v -0.47464300986455787 0.18307194302181193 -0.96974855787247716
vn -0.85066019728685682 0.52571592019063695 3.1619257878985556e-06
v 0.58482000000000001 -0.72880999999999996 -0.193132
vn 0.6618189449285482 -0.73728140439085621 -0.13569014287379202
v -0.38547335666638199 0.77095440610036414 0.43165817695165903
vn -0.3335659235404157 0.73728732296233102 0.58748717266989658
v -0.58778613623486087 -2.1842069449981572e-07 -0.8090166805769784
vn -0.92834282632524279 -0.025391973139671797 -0.37085690570695101
v 0.85064770408694068 -0.52573610949066174 2.3017694744144335e-08
vn 0.85064651631075694 -0.52573805665864948 8.3162436306033045e-06
v -0.36261844586907993 0.36433508610634435 -1.0727431428571559
vn -0.85065813696300818 0.52571925394992669 6.7049703460483833e-06
v -0.42104253998369828 0.63387140798529718 0.55846517620955916
vn -0.47130517781146436 0.66169379720239263 0.58312327008273557
v 0.51495500000000005 -0.78218200000000004 0.11365
vn 0.60705780633458029 -0.79465767457951275 3.5818991885866925e-07
v 0.57407842599417191 -0.73701612353687529 0.12726016993671596
vn 0.60706408871318551 -0.79465287524001393 -8.2224389152026586e-06
v -0.024618999999999999 0.49104799999999998 -1.6569449999999999
vn 0.14408543822884981 0.98956525124971451 3.0805557904053147e-06
v -0.40178293705951357 0.5020630221103719 0.72360018136169435
vn -0.51274400110913609 0.50572848212721422 0.69378115547476371
v 0.42532490225726199 -0.85065323385486369 -0.1766283148642136
vn 0.47505220450662861 -0.87995761431633035 3.2363980953476245e-07
v 0.42532162916561905 -0.85065457358044616 0.00022230343089924356
vn 0.47505166895908207 -0.87995790342656965 4.0381539320536408e-06
v 0.54708612004775503 -0.75763567417656286 -0.045878729513339454
vn 0.60706244400490206 -0.79465413172851396 2.365777434027595e-06
v 0.32479952392449268 -0.88595105203614888 0.16374804518769823
vn 0.3312943862647218 -0.94352743976764153 5.9161662693244972e-06
v 0.42532340378283762 -0.85065351928982813 0.30901152911709162
vn 0.42532309373920429 -0.85065360951242786 0.30901246343082966
v -0.53880097112821002 0.55144314640342451 0.55682414152265824
vn -0.47130247325709163 0.66170109179374914 0.58311717846476518
v 0.3805761498179947 -0.86636700247812748 0.096998139214021659
vn 0.3312943862647218 -0.94352743976764153 5.9161662693244972e-06
v -0.16245578339144484 -0.85065409979539641 0.49999480089981946
vn -0.16246081138394067 -0.85065071084278077 0.49999985290712184
v -0.46548979717915739 0.54475120766652541 0.6236714274671723
vn -0.47130247325709163 0.66170109179374914 0.58311717846476518
v 0.05989503728395848 0.47874183897280115 -1.4922895658955091
vn 0.1440848642719168 0.98956533482076592 -2.9679418896235562e-06
v 0.16682206401416888 -0.94142230555632078 0.012824795788825566
vn 0.33129867860137235 -0.94352593263419882 -1.9364745211456107e-06
v -0.58617699999999995 0.50879600000000003 0.56692600000000004
vn -0.47129123004619183 0.66170166533959418 0.58312561474210267
v -0.6667154790866987 0.52416457252643522 0.48439405886628906
vn -0.5971949318767491 0.6746115155845418 0.43388652477514483
v 0.39192439439734772 0.70883720303374886 0.4999947052968382
vn 0.45566119066943894 0.73728750573392487 0.49877852119588822
v 0.15177501434572227 0.46536432447973985 -1.5369420949475652
vn 0.14407909300146471 0.98956617512863887 1.0729611229664419e-06
v -0.0097476392706930259 -0.85065432890770054 0.45037566965335352
vn 0.14679967909255409 -0.87996035857267363 0.45179599551011379
v 0.27638764854408754 0.44722038325618479 -1.529899432642305
vn 0.52572558449729423 0.85065422458284023 -2.0844487098010622e-06
v 0.25788917007998746 -0.90944629238169772 -0.058984913264084365
vn 0.33129802644054718 -0.94352616162583292 2.0545760519415578e-06
v 0.034576134421012122 0.48242873636501327 -1.755153566487786
vn 0.15206656856835718 0.98114630972538142 0.11927982912509209
v 0.2880087405722791 0.65471738697523763 0.62460476915232388
vn 0.40893653136676456 0.6617078184319144 0.62842157532964749
v 0.1976671348834215 0.72596891569950706 0.60836772197866928
vn 0.22810592762169052 0.6746167353014707 0.70203984661487229
v 0.3604131847262162 -0.87344572503118445 -0.085076040072529918
vn 0.33130113037037429 -0.94352507174360134 -2.5581467436785775e-06
v 0.30176052069099413 -0.89404116685551205 0.037593076175575828
vn 0.3313023331213174 -0.94352464941699177 -3.3036985672826242e-06
v -0.032284118711236418 -0.7512123312953829 0.59457122366878457
vn 0.075458223166718005 -0.7372845411353417 0.67135501931494512
v 0.43906348530873501 0.59104934482674742 0.59334416823394964
vn 0.40894209102947665 0.66170037050874442 0.62842579979901336
v 0.36440299999999998 -0.72881099999999999 0.49651200000000001
vn 0.33357337560621825 -0.73727997033058745 0.58749216882950961
v 0.022120910697294167 -0.70965218067349167 0.634096348167143
vn 0.075466447329887207 -0.73728735682436408 0.67135100267620684
v 0.49061500000000002 0.57766200000000001 0.57389199999999996
vn 0.40893924868634451 0.66169503342142144 0.62843326903440755
v -0.13760252536005182 -0.69893889125138353 0.63534647537017541
vn -0.038528200048978702 -0.66170320239752101 0.74877529989834146
v 0.15331700000000001 0.46513900000000002 -1.1517379999999999
vn 0.14408815046074183 0.98956485633672875 -2.683297496835475e-07
v -0.51409937551257323 -0.10582579302230517 -1.7420443755370012
vn -0.69287301498859211 -0.42845731289456485 -0.57995802962609899
v -0.44643009842167353 -0.20301105905352995 -1.7510910658908789
vn -0.69287167161579899 -0.42846461906520394 -0.57995423688566849
v -0.096833000000000002 -0.69716299999999998 0.63901300000000005
vn -0.038520597031871127 -0.66168999682954732 0.7487873608041351
v 0.23150468344349392 0.45375455948566573 -1.3495549056149365
vn 0.14407482145574568 0.98956679704907302 7.3053172505994286e-07
v 0.44843907909652264 0.67390807962102339 0.49999643566951102
vn 0.45567107756693409 0.73728011396645321 0.4987804152315955
v 0.33916000000000002 0.54878499999999997 0.70285699999999995
vn 0.40894128576784927 0.66170385651470753 0.62842265321048185
v 0.031458868592791858 -0.6028734084894779 0.72893977699377188
vn -0.038523144668028468 -0.66170770688688729 0.74877157930264926
v 0.18352249511387536 0.46074187262071459 -1.211415377115332
vn 0.14408660246935795 0.98956508173381408 -1.4096479564020752e-06
v 0.14078470451403954 0.22780230965919143 -1.8471000429167543
vn 0.68002800694589938 -0.18319119735703346 -0.70993161288963913
v 0.17238985441864857 0.27894037209233891 -1.8300228683651776
vn 0.68003268934291383 -0.18318796407035448 -0.70992796201079622
v 0.214197 0.45627499999999999 -1.058783
vn 0.1440824792193133 0.98956568209197082 -2.8051508990025209e-06
v 0.22192997679698057 0.35910161244079175 -1.8032525909462445
vn 0.68003686107900319 -0.18318350542964651 -0.70992511641181089
v 0.52152469232052912 0.49395985281318577 0.64191336722382197
vn 0.50137731382424022 0.50571498368665835 0.70204924646152278
v -0.08946881454682476 -0.47443554588037617 -1.4440428541657606
vn -0.14407783069420335 -0.98956635891499856 -2.4829119508418922e-06
v 0.012658715788957241 -0.48930650568989492 -1.7515068677558416
vn -0.16008784088511274 -0.9404565036873187 0.29985571175644971
v -0.021388384502149367 -0.48434869025923566 -1.4832671250001499
vn -0.14409132177433107 -0.98956439455843426 -3.3949412466185693e-06
v -0.025357588553286497 -0.55762880926331104 0.76599691412876836
vn -0.038527911044759743 -0.66170370405862289 0.7487748714437642
v -0.088144750717126755 -0.62379372209767536 0.70429730580940841
vn -0.038536435765285731 -0.66169699200806009 0.74878036424975325
v 0.17159984602997208 0.46247693101073062 -1.7657317436442954
vn 0.15206686678392262 0.98114649608226745 0.11927791602811451
v -0.15865703466550835 -0.55652393975332082 0.76011491254899133
vn -0.038525715938024362 -0.66170219632396088 0.74877631679394685
v -0.14157400000000001 -0.46684900000000001 -1.7634160000000001
vn -0.1600920903723598 -0.94045528654269916 0.2998572603991736
v 0.74063352356473666 -0.10917095179580748 -0.57511879432178936
vn 0.80260918423626959 -0.12563098163730976 -0.58312550435771182
v -0.045616999999999998 -0.81318299999999999 0.51360799999999995
vn 0.18759604625038181 -0.7946658790579475 0.57733340808607658
v 0.066430162374687227 -0.49713487862897598 -1.7473552825036984
vn -0.16009218512387208 -0.94045572946321687 0.29985582065731614
v 0.80013775673754961 -0.18988391941684585 -0.47583001960617521
vn 0.80260308615548415 -0.12564169166109976 -0.58313159013230431
v 0.17027590619994615 -0.51225566815076018 -1.739336565709209
vn -0.16008977007659378 -0.94045610353161602 0.299855936821257
v 0.82209954862039913 -0.053564622856795849 -0.47496968098920384
vn 0.80260918423626959 -0.12563098163730976 -0.58312550435771182
v 0.024618999999999999 -0.49104799999999998 -1.436353
vn -0.14408955229050463 -0.98956465220792433 -4.6186235127258986e-06
v 0.040838447154736918 -0.79019392105031416 0.51715765969086036
vn 0.1875983959052327 -0.79465462586268498 0.57734813366704474
v 0.14502681541703022 -0.7953488040559602 0.47620986037093133
vn 0.1875892803617841 -0.79466162235168358 0.57734146555980048
v 0.091931413215974492 -0.50084805147270484 -1.6288299916902678
vn -0.14408888947939885 -0.98956474872974143 1.9327171634698619e-07
v 0.72931699999999999 -0.12682099999999999 -0.586893
vn 0.80260691833270847 -0.12563198287623523 -0.58312840740531446
v 0.54886100000000004 0.055902 -1.7373970000000001
vn 0.69287480171387061 0.42845640020654951 -0.57995656929808947
v -0.24184 -0.39131700000000003 -1.792494
vn -0.66813779964889319 0.17109486592337253 -0.72409835487660001
v 0.63141848603290585 -0.14366834098027775 -0.71800954562360086
vn 0.68164312010869066 -0.23245323632905568 -0.69377817040365097
v -0.17274300000000001 -0.27951199999999998 -1.8298319999999999
vn -0.66813824997184534 0.17110049137734371 -0.72409661011151771
v -0.13819400000000001 -0.22361 -1.8485
vn -0.66813272928394307 0.17110566795317961 -0.72410048090985646
v 0.102962 -0.78733299999999995 0.50090900000000005
vn 0.18759821871207924 -0.79466161410057279 0.57733857259941257
v -0.07733863748638925 -0.12514017728328708 -1.8813848777674802
vn -0.66813646221150902 0.17109869542035575 -0.72409868408176326
v -0.034549000000000003 -0.055902 -1.9045069999999999
vn -0.66813631217062464 0.17109943709399314 -0.72409864727477302
v -0.28358765918017581 0.55842980398813602 -1.8506963440117767
vn -0.390434042083665 0.86771587332781275 0.30762058116641383
v -0.32664920441218726 0.62637575911624033 -2.097001838192964
vn -0.39043409763793108 0.86771207864791478 0.30763121423251127
v 0.12442178118441846 -0.72201589779461128 0.58383984753922968
vn 0.18758964425591954 -0.79465672121997566 0.57734809325731351
v 0.2400969607652062 -0.7287301180040503 0.53701177089028951
vn 0.18758854575396183 -0.79465868042317278 0.57734575353943274
v 0.73489859645584765 -1.2517695991241428e-06 -0.60653244595636513
vn 0.80862176135045893 0.031369416066083587 -0.58749196318430963
v -0.372618 0.698909 -2.3599329999999998
vn -0.39043034805084648 0.86771392315017226 0.30763077039241643
v -0.39090900000000001 0.72777099999999995 -2.4645579999999998
vn -0.39043742191333553 0.86771303365701846 0.30762430136678437
v -0.15335356034790376 -0.46513449241724314 -1.5515619795086126
vn -0.14408605643004405 -0.98956516123624449 -3.1501917448272861e-06
v -0.11263166104158123 3.7213210883853017e-08 -1.8865795091627151
vn -0.23345005841277858 -0.65519624518830288 -0.71848378584225514
v 0.66499461547481942 7.9720193279548293e-07 -0.70274760246136181
vn 0.80861887838514324 0.031372255597923233 -0.58749577964258726
v 0.32296379786990848 -0.64592864564724273 0.62405500103162392
vn 0.33356801986147905 -0.73728518167350943 0.58748866968678815
v 0.37474962501160575 -0.74950919351058554 0.46465989934828494
vn 0.33356175998930337 -0.73728418749480618 0.58749347157475884
v 0.65808812316413168 -0.23148863078209123 -0.66238098305212412
vn 0.68164392721303313 -0.23245513845381741 -0.69377674009728074
v 0.14191121433950174 -0.61814065268913121 0.72113002163032691
vn 0.075466447329887207 -0.73728735682436408 0.67135100267620684
v -0.30539734110089745 0.4569224441768337 -1.7321873619433916
vn -0.84199364152999245 0.52036339714605051 0.1423679828250867
v 0.73281299457454974 -0.2688404736371886 -0.55148446324416756
vn 0.80261191448100955 -0.12562572883054207 -0.58312287812169039
v -0.36455458630197513 0.36120366952553551 -1.7321899327307613
vn -0.84199021041864375 0.52036875285987427 0.14236869953127715
v -0.43439006959380538 0.24820435200065505 -1.7321898794547936
vn -0.84199239410671911 0.52036556187434113 0.14236744811099436
v 0.39573593215247788 0.27581491521417828 -1.6682529006011639
vn 0.82065960444447061 0.57141737249750502 -6.4103632122886955e-06
v -0.50655600000000001 0.131434 -1.732192
vn -0.84199163989390646 0.5203643030428543 0.14237650953543787
v 0.33156099999999999 0.367983 -1.386644
vn 0.82065756946729473 0.57142029505072145 8.9542589019270113e-06
v -0.15886841583670241 -0.46433131195904398 -1.3900603800612661
vn -0.14409324442252561 -0.98956411460334692 -1.0413429203098774e-06
v 0.34300019979787805 0.35155358188349123 -1.6207282256778577
vn 0.82065570283231715 0.57142297591900404 8.1532758449489431e-07
v 0.36736600000000003 -0 -1.803812
vn 0.30886067711490994 -0.031376249855546823 -0.95058961338588255
v 0.27311548315997325 -1.5085710763310806e-07 -1.8344348189018798
vn 0.30887414700650384 -0.031366410280015876 -0.95058556143944795
v 0.31470445118814638 0.39219047418079656 -1.4819937142467088
vn 0.82065420962188118 0.57142512036572923 -6.7005406097159807e-06
v 0.16386685778663007 7.293129866144964e-07 -1.8699322549034001
vn 0.30886779239931939 -0.03137841643238589 -0.9505872299797461
v 1.8792832223724076e-07 1.0869506475441604e-07 -1.9231758059189461
vn 0.021740506492805192 -0.030942391263085667 -0.99928470357569188
v 0.31008599999999997 0.39882499999999999 -1.558629
vn 0.8206525134040118 0.57142755639178588 6.3079662283026681e-06
v -0.15331700000000001 -0.46513900000000002 -1.1517379999999999
vn -0.14408824765471942 -0.98956484218455976 -1.9911303417089396e-07
v -0.23156279790164985 -0.4537461316251114 -1.3374763915243424
vn -0.14407477460126375 -0.98956680387083973 6.6788088440682431e-07
v 0.48415185896253954 -0.6843036769842884 0.45022982550013824
vn 0.47129767524625343 -0.66170311864413422 0.583118756415967
v -0.18352249511387536 -0.46074187262071459 -1.211415377115332
vn -0.14409245331595191 -0.98956422979121661 -3.8867163143917173e-06
v 0.40028200000000003 -0.69913800000000004 0.50118300000000005
vn 0.47129767524625343 -0.66170311864413422 0.583118756415967
v 0.303483 -0.46001999999999998 -1.7321880000000001
vn 0.70064427995723655 -0.43302710680133055 -0.56708475357610744
v 0.38912267573944365 0.28531407719566454 -1.4956473029539323
vn 0.82065570283231715 0.57142297591900404 8.1532758449489431e-07
v 0.07470529216568908 -0.14941037250915762 -1.8688983894802529
vn 0.70242761981342206 0.094963754989306121 -0.70539161049843913
v -0.214197 -0.45627499999999999 -1.058783
vn -0.14408247931356791 -0.98956568207824558 -2.8057214794773846e-06
v 0.50331502330520361 -0.62639726790276962 0.50045191352639151
vn 0.47130038100838495 -0.66169407798306512 0.58312682842027819
v 0.44210179200633221 0.20922763924864052 -1.4624264624994188
vn 0.82066044399370286 0.57141616678261209 1.8773743219101269e-06
v 0.19715199999999999 -0.39430300000000001 -1.779935
vn 0.70242671759022102 0.094971208444215097 -0.70539150546492513
v 0.23000999999999999 -0.46001999999999998 -1.7560610000000001
vn 0.70242825977653156 0.094971128766016752 -0.70538998048471191
v 0.53098596286655708 0.081573850834238765 -1.2242380433126661
vn 0.82065888510453022 0.57141840563227775 -1.9118169390177832e-06
v 0.430398 0.22603599999999999 -1.573323
vn 0.82066338447256049 0.57141194364121828 7.0857361964837788e-06
v 0.02978191552541265 -1.3260959266809813 -2.835660606650042
vn 0.067402059446223045 -0.98866020774187124 -0.13419372567377316
v 0.45653899999999997 0.18849199999999999 -1.555191
vn 0.82066338447256049 0.57141194364121828 7.0857361964837788e-06
v 0.53899829228525487 0.070066012749482015 -1.3832773775285789
vn 0.8206597340561852 0.57141718638713912 -4.8683381786884108e-07
v 0.18850119279708386 -1.3169783859983648 -2.8231004959949835
vn 0.067407557778710381 -0.98865997253343296 -0.13419269676290724
v 0.66208387796388257 -0.53042986014887616 0.4810280017748737
vn 0.59719623914888642 -0.67461129517505969 0.43388506815590527
v 0.58617699999999995 -0.50879600000000003 0.56692600000000004
vn 0.47131085523960597 -0.66169504370582888 0.58311726682413756
v -0.16259677107707854 -1.2462965084194308 -2.9138100132975508
vn -0.5928084341081451 -0.22516402538779243 -0.77322656584044924
v 0.46422871871612037 0.17744910975595032 -1.7487115334650793
vn 0.69287296727785364 0.42846503035483224 -0.5799523850960655
v 0.46548979717915739 -0.54475120766652541 0.6236714274671723
vn 0.47130159480969774 -0.66170249201638986 0.58311629953992472
v 0.50084114394418866 0.12486748501064152 -1.6109764238239004
vn 0.82066098500902906 0.57141538978329709 1.6771613493910318e-06
v 0.53895549346390759 -0.55123239966287196 0.55693839196682859
vn 0.47130038100838495 -0.66169407798306512 0.58312682842027819
v -0.034211999999999999 -0.96309400000000001 -3.0947019999999998
vn -0.59279803320758573 -0.22516026771984851 -0.77323563398587902
v 0.033780999999999999 -0.95918800000000004 -3.0893220000000001
vn 0.63660958821335645 -0.056108143229944632 -0.76914245004297399
v 0.077391000000000001 -1.009066 -3.049588
vn 0.63660229737433272 -0.0560990785811099 -0.76914914571887305
v 0.121002 -1.058943 -3.0098549999999999
vn 0.63660058423117072 -0.056095620944203249 -0.76915081581404854
v 0.14217231636056959 -1.0831568080359197 -2.99056580477954
vn 0.63660575633517258 -0.056103124793894746 -0.76914598769627818
v 0.40437131105067758 -0.50162188089046045 0.72200874028673001
vn 0.51274491779387832 -0.50572858451585601 0.6937804033555125
v 0.43922948375192866 -0.59484477853266005 0.58805130507643077
vn 0.47130195100686323 -0.66169394815105309 0.58312570682263354
v 0.34163243129769494 0.35351714327540329 -1.2874970000005483
vn 0.82065756946729473 0.57142029505072145 8.9542589019270113e-06
v 0.28111398035929158 -0.71315841483024434 -1.9905942992648686
vn 0.8427480242943155 -0.40573068295548853 0.35377730347847475
v 0.52534069522195381 0.089681290388837015 -1.5470404647451985
vn 0.82066029501147209 0.57141638074992207 1.5309345256224216e-06
v 0.31008599999999997 0.39882499999999999 -1.1567350000000001
vn 0.82065311336793134 0.57142669478612707 2.3072849422591537e-06
v -0.35622706098819024 -0.33255690405128768 -1.7631509135045704
vn -0.69287693609939527 -0.42845695108019538 -0.57995361236272824
v -0.20592933542577407 -0.33321163820700217 -1.811898683004403
vn -0.66813614570611024 0.17110419457669926 -0.72409767669786274
v -0.22677001152577042 -0.17488128113123808 -1.8262084013390147
vn -0.30657022488428148 -0.12562794900501587 -0.94352123221642148
v 0.3390542027551593 -1.3083305659310667 -2.8111873501542437
vn 0.81004028133199013 -0.58416747143634662 0.050824284896646615
v -0.93069971975578525 -0.16076462907039807 -0.0034347879477900664
vn -0.99207699945851358 -0.12563131411584325 7.6758647338095402e-06
v -0.0073720000000000001 -0.68198300000000001 -2.827585
vn 0.046847972871536865 0.79738190934734576 -0.60165385237976243
v -0.0057669894374041061 -0.53343784862168253 -2.6305922852643202
vn 0.046840391775120616 0.79737917442227713 -0.60165806725747573
v 0.47427829492155227 0.16301637607210809 -1.1028244950922832
vn 0.82066083392617828 0.57141560676669823 1.7423903981930233e-06
v -0.94531399999999999 -0.045362 -0.067306000000000005
vn -0.99207708960598984 -0.12563060235511547 5.5497577998909572e-06
v -0.00262608965958438 -0.24298468020246589 -2.2454086013001135
vn 0.046842909423608581 0.79738243628248806 -0.60165354826921402
v -0.0011686995866399905 -0.10807420145302182 -2.0664979505037664
vn 0.046843722377162077 0.79738045215770359 -0.60165611456265256
v -0.43613809700191275 -1.4613515335614776e-07 -1.7814661295668093
vn -0.23344825156389476 -0.6551983052887318 -0.7184824942811997
v -0.22050497085042242 -1.1446248145363838 -2.618196305735391
vn -0.8264317595747751 -0.45974302508474529 0.32503368694962764
v -0.93997204917155441 -0.087538552022739857 -0.12732072104134123
vn -0.9920786825210085 -0.12561802293148341 1.4715504843894871e-06
v -0.24063499999999999 -0.89339800000000003 -2.314028
vn -0.82642644819294608 -0.45975599155006169 0.32502885096712769
v -0.24957399999999999 -0.78185300000000002 -2.1789770000000002
vn -0.82642866098177326 -0.45975384517756485 0.32502626071183405
v -0.25851200000000002 -0.67030900000000004 -2.0439259999999999
vn -0.82642966609905677 -0.45975080330093249 0.32502800780171054
v -0.26745000000000002 -0.55876400000000004 -1.908876
vn -0.8264301731937127 -0.45975049340280022 0.32502715678984684
v -0.11178299999999999 0.28679700000000002 -2.7415020000000001
vn 0.81679412674119323 -0.35219017733898095 -0.45695670856989151
v -0.076356041859442503 0.34412249402972772 -2.7223583289267652
vn 0.81679613087300096 -0.35218501656712975 -0.45695710378164162
v -0.32953188552809715 -0.052544883502546547 -1.8091077685522619
vn -0.30656209963800546 -0.12562183000178356 -0.94352468695447533
v 0.52415022693800872 0.091390708575311286 -1.0552263120548577
vn 0.82066083392617828 0.57141560676669823 1.7423903981930233e-06
v 0.52019468511957279 0.097071349378643257 -0.81805358412103457
vn 0.76566999312351369 0.49488069695655562 -0.41090455997717062
v 0.060958999999999999 0.56630999999999998 -2.6481569999999999
vn 0.81679458515880898 -0.35219068852122459 -0.45695549517890122
v 0.095507999999999996 0.62221199999999999 -2.629489
vn 0.81678887634111252 -0.35220127154849301 -0.45695754267223504
v -0.35128687315353102 -0.17896117138362555 -1.7852081288062238
vn -0.30656209963800546 -0.12562183000178356 -0.94352468695447533
v -0.92839997223348836 -0.1789290558644398 -0.18537654959704489
vn -0.95925275702001211 -0.23245208551067295 -0.16062433218925601
v 0.56172753533418174 0.037423365963608068 -1.0640662836448644
vn 0.82065691775764948 0.57142123108599885 -8.2212790796571978e-07
v -0.93966153999481838 -0.089998295329321742 -0.24682609599507321
vn -0.95925251912115694 -0.23245414344958704 -0.16062277470157579
v -0.94066021047967918 -0.082105003503174456 0.089872123847680535
vn -0.99207708960598984 -0.12563060235511547 5.5497577998909572e-06
v -0.16405600000000001 -0.048395000000000001 -1.8634280000000001
vn -0.3065746492852971 -0.12563319785543509 -0.94351909573268
v 0.062648999999999996 0.68792900000000001 -2.6056149999999998
vn 0.16194242231577438 0.91081712726565023 0.3797193865659847
v -0.17918999999999999 0.29661199999999999 -2.736297
vn -0.45211773722204984 0.096078187827864647 -0.88676859073431724
v -0.23443 0.56993899999999997 -1.9300470000000001
vn 0.15786229871913457 0.95863356420130785 0.23685688554443124
v -0.23969396676524304 0.4176177743177143 -2.6923383708212287
vn -0.45211980994707823 0.096092086307088917 -0.88676602799304893
v -0.21462245186570711 0.60078539834964639 -2.0680934739203485
vn 0.15786318806427546 0.95863554118960526 0.23684829115342187
v -0.28473874053757742 0.50770870212326558 -2.6596108048492941
vn -0.45212237631282765 0.096086622336497812 -0.88676531159332406
v -0.34348299999999998 0.62519800000000003 -2.6169289999999998
vn -0.45212237631282765 0.096086622336497812 -0.88676531159332406
v -0.36562922860032571 0.66948927602008146 -2.600838713212839
vn -0.45211872184070134 0.09608791255620984 -0.88676703503328358
v -0.219805 0.23089499999999999 -2.7362980000000001
vn 0.029353872426774664 -0.99547823280028036 0.090340678514074402
v -0.34476152267074084 0.23089497788617142 -2.6956968458813284
vn 0.029353872426774664 -0.99547823280028036 0.090340678514074402
v -0.078047149556010484 0.62557971671793544 -2.2594792875467764
vn 0.1578543210516814 0.95863893038787396 0.23684048317402479
v 0.459673 0.18399099999999999 -0.98970999999999998
vn 0.82065906895264795 0.57141814159336557 1.9384005568638388e-06
v -0.92656545587811034 -0.19341766059048063 -0.078988279681559775
vn -0.9920786825210085 -0.12561802293148341 1.4715504843894871e-06
v -0.91055514463197462 -0.31984703835742767 0.08800822450028549
vn -0.95925314714281174 -0.23245605331078664 0.1606162599981209
v -0.93174302722850266 -0.15253233756811349 0.085441726146338631
vn -0.99207696068569384 -0.12563162050044085 -2.6588675094671017e-06
v -0.40920093170606564 0.75663190949542025 -2.5691818604899046
vn -0.62071961440797085 0.65669467464842923 -0.42832145005546196
v -0.50604614558426575 0.59993036758461393 -2.5691846500309352
vn -0.83377473952718439 0.51528569612991326 0.19824312116763751
v -0.13063946053639294 0.63577024584251018 -2.2656738129845735
vn 0.1578543210516814 0.95863893038787396 0.23684048317402479
v 0.45435301111408205 0.19163206928246676 -0.82685597304239178
vn 0.76567026199316179 0.49487911364826681 -0.41090596585353772
v -0.6117770492674024 0.42885043334338435 -2.5691856471490424
vn -0.83377361659165183 0.51528643293869447 0.19824592884847209
v 0.052028569632281141 0.66479467283877924 -2.5048983955289548
vn 0.157869560485634 0.95863304925516524 0.23685412968284267
v -0.15749498267926099 0.71998282050620788 -2.5886176432027996
vn 0.16193818287596307 0.91081654870194884 0.37972258233808237
v -0.734117128387486 0.23089489452889767 -2.5691871016818344
vn -0.81140233332079303 -0.49351316704350329 0.31316290878113895
v -0.39588383151482676 -0.091785729724521023 0.85914839918702934
vn -0.3065694204666059 -0.12563185286877085 0.94352097378888666
v 0.38763441181156921 0.28745138569878109 -1.0003441021202812
vn 0.82065531973058969 0.57142352610937086 -2.5722902038978766e-06
v -0.017974 0.65183500000000005 -2.405789
vn 0.15786612999135718 0.95863326849601183 0.2368555288233849
v -0.64312627951797263 0.087322721389520241 -2.0487369305789955
vn -0.88964623447803293 -0.45567418374235302 0.029843185986036705
v -0.066390000000000005 0.66254999999999997 -2.416884
vn 0.15786428908137079 0.9586352412025273 0.23684877149228767
v -0.61893711211757529 0.04915392206843211 -1.9103742630352181
vn -0.88964956691804875 -0.45566869065094795 0.029827712667564017
v -0.31398347932890891 -0.22948311550061118 0.86742576129259408
vn -0.30657326775010679 -0.12563570083085876 0.94351921134535477
v -0.47003478086478867 -0.16911015613923613 0.8247593031627779
vn -0.44918675362938065 -0.23245704320807295 0.86266736545835443
v -0.22762066765733113 0.70011329289949398 -2.4614524163066003
vn 0.15785849689794904 0.95863442569469104 0.23685593264710572
v -0.23931944353551018 -0.13102229032970841 0.90479463127858795
vn -0.30657081219887555 -0.12562913448738686 0.94352088353977193
v -0.27836673560578606 0.65405725288540983 -2.2412229360384477
vn 0.15786318806427546 0.95863554118960526 0.23684829115342187
v 0.16663900000000001 0.62039100000000003 -2.4015710000000001
vn 0.88964756026735414 0.45567211364889176 -0.029835270286961982
v 0.13005630950782643 0.67811499926907737 -2.6108197612574346
vn 0.87258961670026314 0.48784328777731784 -0.024418996652298602
v -0.12549786169839605 0.19802202614945574 -2.6410064171856407
vn 0.4595811865089508 -0.83229540912085942 -0.30995077829127354
v -0.44862600000000002 0.39849400000000001 -2.9132169999999999
vn 0.59742932115310499 0.52036172158223548 -0.61016545701843217
v -0.29378074413483735 0.69719305090200734 -2.40553920953346
vn 0.15785849689794904 0.95863442569469104 0.23685593264710572
v -0.076322346790467899 0.12042771663437768 -2.359728215293118
vn 0.45958493861881372 -0.83229798018518886 -0.30993831059486049
v -0.054873999999999999 0.086585999999999996 -2.2370489999999998
vn 0.4595911922796036 -0.83229224766132615 -0.30994443124836152
v -0.080598867921907541 -0.13041328084532594 0.95644755487165112
vn -0.14366259805412537 -0.23245584784800472 0.96193832272220248
v -0.45982036240004021 0.46989679251377409 -2.8632819917839512
vn 0.5974209467582311 0.52036860427151543 -0.61016778681196682
v -0.53416633994506935 1.1001323895849937 -3.5703073086905821
vn 0.41543306050637419 0.04659856966352946 -0.90842938390588202
v -0.18286253698312066 0.66007872001038292 -2.3292495320301025
vn 0.15786326222677766 0.95863539694251121 0.23684882555755629
v -0.47274369946280181 0.35416370648558276 -2.0328941053656697
vn -0.81617334675224995 0.50440798124774355 0.28183977097778062
v -0.6401271880875723 0.24268232496456713 -2.3180990861026167
vn -0.81617084467417522 0.50441308455338707 0.28183788325060383
v -0.48189026884704578 1.1847202299071657 -3.5420584503373354
vn 0.41544073431603434 0.046612985203080604 -0.90842513498989652
v -0.58400103365802281 0.23605546776280753 -2.1437017232208317
vn -0.81617583939914629 0.50440576294745387 0.2818365226270293
v -0.20897983186795879 -0.338148375219544 0.88707416989403765
vn -0.1436587069458321 -0.23245767152404065 0.96193846314006637
v -0.52999731550848528 0.32666435647678049 -2.1494800250371782
vn -0.81617319747125627 0.50440621731171209 0.28184336016098643
v -0.38797225479459829 0.53233509956997094 -2.7396848033645345
vn 0.59742268084908878 0.5203680924918288 -0.61016652540392891
v -0.55879699999999999 0.22073400000000001 -2.0432959999999998
vn -0.81617605925791281 0.50440699109966491 0.28183368787993851
v 0.65467969501392387 -0.2202627020630061 0.66949140632847892
vn 0.68163182715786874 -0.23245613041405239 0.69378829597965297
v -0.54202906379844851 0.14835947933134111 -1.8652063647049362
vn -0.81617313464550145 0.50440567284110926 0.28184451651335041
v -0.49099500000000001 1.333995 -3.4895489999999998
vn 0.10951341202152406 0.9333424483607432 -0.34187525016499409
v -0.44450000000000001 1.3272250000000001 -3.4931399999999999
vn 0.10949168290792763 0.93334321614281268 -0.34188011386183398
v -0.61187578093459949 1.0584293681021846 -3.5828717629489519
vn -0.7073902143041304 -0.099462101745482617 -0.69979023644455618
v -0.5028651301682886 0.24814135995042313 -1.9303719937216866
vn -0.81617047181864599 0.50441274204310393 0.28183957599295029
v -0.58588978553240678 0.32500543238719859 -3.1102852110606616
vn 0.59742559869258205 0.52036748550274403 -0.61016418614858181
v -0.66931756057916569 1.1733154694752739 -3.5411361512436703
vn -0.70738224718393983 -0.099482464637913423 -0.69979539552541037
v -0.54889369578458125 0.2268796069427067 -3.1577478617844652
vn 0.59742169452302585 0.52036517070746613 -0.61016998289642699
v -0.63210050215740898 0.49213249405736703 -3.0129998001531031
vn -0.20973211522767995 0.88262850122921088 -0.42068915919001298
v 0.65809399999999996 -0.102066 0.69025499999999995
vn 0.80261331642730571 -0.12562997444262994 0.58312003379673549
v -0.67840320737124316 0.24915414600885055 -3.2655555462046868
vn 0.59741954555172805 0.52037009194474215 -0.61016789001240268
v 0.80403187142429744 -0.12951933666495183 0.48347372348684237
vn 0.80261091788354488 -0.12563067437247097 0.58312318437089405
v -0.5807027980953724 0.14125705701290089 -1.9644880835226042
vn -0.81617754592753433 0.50440712137408672 0.28182914936325321
v 0.31039579930829236 0.098864073292956572 -1.8091584703938075
vn 0.30655754153548254 0.12562753237968172 -0.94352540868590973
v -0.68082600000000004 0.34934599999999999 -3.1824810000000001
vn 0.59741627797420371 0.52037468123224728 -0.61016717540677823
v 0.35493138388461742 0.19894561207056755 -1.7813632958278811
vn 0.30655626373581946 0.12563290754779355 -0.94352510814785551
v -0.7699677343275827 1.3746147039830188 -3.4680089309532263
vn -0.74712261535151614 0.65127329604652062 -0.1328566576691266
v -0.79805723702521147 0.2952020068703376 -3.3434385800496669
vn -0.20973263743809586 0.88263271103079322 -0.4206800663350862
v -0.39233295753405428 0.37986996216433999 -2.8739819409193399
vn 0.59741970250339937 0.52037193793409164 -0.6101661620177472
v 0.26634426644337522 0.20821477310691444 -1.8089115018712918
vn 0.30657529595599453 0.12562797827097191 -0.94351958060500407
v -0.36748999999999998 0.62143599999999999 -3.1799590000000002
vn -0.15772291202883243 -0.76304618342249164 -0.62680459872715888
v -0.52090599999999998 0.27945300000000001 -3.0855090000000001
vn 0.597427751290732 0.52036068745583075 -0.61016787602937161
v -0.32309430522041094 0.54303610330609731 -3.0956889330210036
vn -0.15772479264016936 -0.76304625811983406 -0.62680403457215805
v 0.055026253196431396 0.089037606099462707 -1.8934413667984564
vn 0.68003001130710528 -0.18318719035332226 -0.70993072691081194
v 0.014988310306913721 0.81808487891098791 -2.8038648166311582
vn 0.8320707486638742 0.54549891225500313 -0.10044503943225916
v 0.85092721990933362 -0.19688021052970739 0.40441712831468807
vn 0.87046250399531533 -0.23245489921629534 0.43388909754515342
v 0.20490832653946342 0.14797012537018894 -1.8368951785493111
vn 0.30656833085253055 0.1256358861632601 -0.94352079077583972
v 0.16405600000000001 0.048395000000000001 -1.8634280000000001
vn 0.30656515420906544 0.12563466784345736 -0.94352198514959695
v 0.35802782210936052 0.32997067388780144 -1.7629099076421735
vn 0.69287728863425624 0.42845920202067517 -0.57995152823201335
v 0.75635806735545985 -0.22569766987529583 0.52837073302102544
vn 0.80260465050053675 -0.12562822620264322 0.58313233813268217
v 0.3541126950340352 -0.37809891820202124 -1.7321891335438553
vn 0.7006443368500691 -0.4330273846390113 -0.56708447112632587
v 0.71998685794565387 -0.18323838976404222 0.58757996038647065
vn 0.8026083031189486 -0.12562884949021322 0.58312717647206891
v -0.33848799015375802 0.32864341609478442 -2.864949667934007
vn 0.59741969068744105 0.52037329521432596 -0.61016501604623818
v 0.46808316960518509 -2.8948942668162829e-07 -1.7710867979564813
vn 0.30886783132016399 -0.031372455497357947 -0.95058741408228475
v -0.39671570417312607 0.25234408828294541 -2.9870306638054842
vn 0.59741746190657374 0.52037731643967666 -0.6101637687901077
v 0.51492722751326292 -0.2974800457527309 -0.73273797845588429
vn 0.53458016583465651 -0.33037277627510125 -0.77786751763553741
v -0.268594 0.27902700000000003 -2.838829
vn 0.59741834194549093 0.52037624611127165 -0.61016381996169
v -0.94358708249139145 0.12250996179060714 -3.6332057402452733
vn -0.44321456592837805 0.60880905889795867 -0.65796077265495179
v -0.49482760909273538 0.35470161291939695 -2.99579960096009
vn 0.59742100355672967 0.5203685001389643 -0.6101678200072459
v 0.5257148380476786 -0.21938576359378098 -0.75849221259656507
vn 0.53458005218219107 -0.33040113590801551 -0.77785555034310772
v 0.59323796895704894 -0.26887553989468294 -0.69106822984678651
vn 0.53457377189881372 -0.33038500816842165 -0.77786671658801998
v 0.38274424688002301 -0.072028743098885295 -1.784349959090306
vn 0.3035268129067662 -0.18759789566761831 -0.93417263039961862
v -0.57080049769476537 -0.041213734388585638 -3.3123263404995953
vn 0.3337878832417191 -0.92169870111468133 0.19762882726090816
v 0.13035877895603407 -0.26071872937836293 -1.8284634587782593
vn 0.70243224673277471 0.094967531583772177 -0.7053864945509174
v 0.60106000000000004 -0.20555100000000001 -0.71258999999999995
vn 0.53456951710721667 -0.33039980607367603 -0.77786335530492401
v 0.22454624967717779 -0.23445179518822196 -1.8031339580401349
vn 0.30352278647050757 -0.18760265139318302 -0.9341729835974848
v 0.33305166604884157 -0.19445990749769781 -1.7759106465059329
vn 0.30352278647050757 -0.18760265139318302 -0.9341729835974848
v -0.56854700000000002 -0.058914000000000001 -3.3986879999999999
vn 0.33379021865183656 -0.92170037898068735 0.19761705725775933
v -0.69211943841748291 -0.14426676689619986 -3.5880468068339813
vn 0.047430701951616035 -0.88735565615767997 -0.45863958398436355
v -0.67292559265862084 -0.099355618495184372 -3.4110059711624636
vn 0.3337918451887818 -0.92169846465251659 0.19762323836700466
v 0.291024 -0.048621999999999999 -1.8188530000000001
vn 0.30353263713638839 -0.1875968416270222 -0.93417094966852587
v 0.48895753720725915 -0.41947935988358748 -0.69876791631815616
vn 0.53457192477632376 -0.33039480228176654 -0.77786382604291926
v -0.74256200000000006 -0.11015 -3.3437320000000001
vn 0.3337918451887818 -0.92169846465251659 0.19762323836700466
v -0.51644104941764046 0.62937665410453192 -2.7827105053172567
vn -0.20972797263319362 0.8826346045746527 -0.42067841910718073
v 0.41187907335725621 -0.50034311216791338 -0.7173920235800324
vn 0.51275229632036967 -0.50572600474416096 -0.69377683064779327
v -0.70908706790492604 0.40077559209396751 -3.1662902968769098
vn -0.20972841139053361 0.88263083436582757 -0.42068611063628703
v 0.20949801427838446 -0.11537756564164689 -1.83193618371349
vn 0.3035322008054876 -0.18759442076085087 -0.93417157758817404
v 0.42019699999999999 -0.33882299999999999 -0.78027899999999994
vn 0.53457072616072887 -0.33038602565820163 -0.77786837754325078
v -0.87678900000000004 0.20177600000000001 -3.500203
vn -0.20972836387979912 0.88263024469672791 -0.42068737148968105
v -0.92939247859026608 -0.11082563746274832 -3.2343642112464002
vn -0.67840222181643828 -0.55327376307783593 0.48338242471588755
v 0.36647059146995947 -0.42521914548970063 -0.78050630858324499
vn 0.53457225718194412 -0.33039423084090358 -0.77786384032068834
v 0.084346000000000004 -0.47835 -2.2614730000000001
vn 0.89670733842356998 0.34986243965559671 -0.27113137504824314
v 0.201103 -0.50934199999999996 -1.9153119999999999
vn 0.89671273507116622 0.34985423741274924 -0.27112411055738334
v -0.84384781660118424 0.038871477641090779 -2.942969362358367
vn -0.67839957240263837 -0.55327188792849769 0.48338828925818333
v -0.81430569485938864 -0.17745617409009132 -3.5364654458941223
vn 0.047423540347435775 -0.8873599445642264 -0.45863202745108012
v -0.85399378909951973 -0.18823601721711591 -3.5197110455032568
vn 0.047427553302492487 -0.88735940692424264 -0.45863265270889259
v 0.15151510557894105 -0.52662941313675682 -2.1016213273856259
vn 0.89671291591572522 0.3498542355687041 -0.27112351481300062
v -0.90287210696199094 -0.20151364245798237 -3.4990767054497423
vn 0.047427870380497769 -0.88735781017322446 -0.45863570928979192
v -0.48100374337919305 -0.012568212217720198 -3.3303939472196755
vn 0.87062096407453227 -0.31835294315347812 -0.37506071575073019
v 0.55126790242948476 -0.3506136607606038 -0.68519497486143577
vn 0.53458318797504079 -0.3303848493132211 -0.77786031296031721
v -0.38943794982171775 0.054043624706669346 -3.1743810641262717
vn 0.87062293290000103 -0.31834441019553006 -0.37506338825038643
v -0.27077800000000002 0.14036399999999999 -2.9722059999999999
vn 0.87062366319145934 -0.31834696717733429 -0.37505952271616522
v 0.1059672517100807 -0.62985823794373386 -2.3854726337174625
vn 0.89671167349979441 0.34985291280926095 -0.27112933077790302
v 0.15578620104350921 -0.42058624674804912 -1.9506586070674368
vn 0.89670731232275747 0.34986298202159832 -0.27113076151158433
v -0.54111480512131349 -0.25710534014630465 -0.73138757944729393
vn -0.5746036543752433 -0.33038610328139695 -0.74878278768755768
v 0.47273450661785155 0.16523299005218312 -1.3305203380921258
vn 0.82066029501147209 0.57141638074992207 1.5309345256224216e-06
v 0.40619455459147047 0.26079479817441897 -1.2807673326373423
vn 0.82065531973058969 0.57142352610937086 -2.5722902038978766e-06
v 0.11706112261279539 -0.44374364409701639 -2.1086195922350224
vn 0.89671291591572522 0.3498542355687041 -0.27112351481300062
v 0.36072118964647476 0.32610255438592117 -1.1031691157543086
vn 0.82065593871457188 0.57142263714468511 -3.3344007224663535e-06
v 0.31305867984524299 0.39455457151348616 -1.0088257581494433
vn 0.82065728532154625 0.57142070320244864 -5.379395613727413e-07
v -0.61427767338077821 -0.13871907590637569 -0.72747938617198837
vn -0.6931962749712085 -0.26222742379945796 -0.67135363451279551
v 0.10927822612233085 -0.53539389091733747 -2.2526251837687958
vn 0.89670499199116849 0.34986846632810603 -0.27113135858350551
v 0.023500241059562055 -0.69321963685821686 -2.7399774208557481
vn 0.89670778744963164 0.34986230652942774 -0.27113006177311838
v -0.59770088337134974 -0.034843617666797042 -3.2371845552698195
vn 0.33379018916867048 -0.92170027104535013 0.19761761047455137
v 0.0707622889443974 -0.7959503719613914 -2.7162295496687134
vn 0.86261563782059625 0.41898672481188876 -0.28345085256314301
v -0.14157400000000001 -0.46684900000000001 -1.071034
vn -0.14408247931356791 -0.98956568207824558 -2.8057214794773846e-06
v 0.052877551448883731 -0.59934191821587435 -2.5216794652941545
vn 0.89670778744963164 0.34986230652942774 -0.27113006177311838
v 0.070288000000000003 -0.54268000000000005 -2.3909790000000002
vn 0.8967061549010007 0.34986797691123789 -0.2711281440476071
v -0.071005915081552268 0.49780132531035004 -1.5386918274119739
vn 0.14408448858982331 0.98956538952296447 -2.4643024805549984e-06
v -0.060648000000000001 0.49629299999999998 -1.4016109999999999
vn 0.14408936507936038 0.98956467946601445 -4.9346721395406529e-06
v -0.45830776480605279 0.043328322494081042 -3.1080305170364304
vn 0.33378867074346097 -0.92169900488840117 0.19762608044244701
v -0.56208444002994606 -0.39713420003651551 -0.65351004956320502
vn -0.57460273454396693 -0.33038815356967882 -0.74878258889708027
v 0.14157400000000001 0.46684900000000001 -1.071034
vn 0.1440824792193133 0.98956568209197082 -2.8051508990025209e-06
v 0.063802999999999999 -0.47289599999999998 -2.322381
vn 0.89670122636166305 0.34987078341562516 -0.27114082236658227
v -0.303483 0.46001999999999998 -1.6167910000000001
vn -0.85065192595087602 0.52572930380189897 1.8963825031469185e-07
v -0.34409800000000001 0.39430300000000001 -1.501395
vn -0.85065240752210269 0.52572852459854114 5.4016351732821112e-07
v -0.39705156488968624 0.30862161377857 -1.4098044444443214
vn -0.85065266795383676 0.52572810320262309 2.4477888875063895e-06
v -0.60454600000000003 -0.279918 -0.67264699999999999
vn -0.5745947052084952 -0.33038864181855571 -0.74878853497075715
v -0.63772950275790574 -0.26151819161337619 -0.65530007587392236
vn -0.69319974777925097 -0.26223706702167554 -0.67134628200255353
v -0.50655600000000001 0.131434 -1.039809
vn -0.8506580362895596 0.52571941689063861 -3.9643077974986676e-07
v -0.68818934215178473 -0.52573564717326882 -0.49999712793931905
vn -0.68819008482513266 -0.52573105352207006 -0.50000126650934706
v 0.303483 -0.46001999999999998 -1.6167910000000001
vn 0.85065239367158418 -0.52572854700955141 1.7303973434546298e-07
v 0.34409800000000001 -0.39430300000000001 -1.501395
vn 0.85065255617355406 -0.52572828407388872 3.5086720478829374e-07
v 0.39705156488968624 -0.30862161377857 -1.4098044444443214
vn 0.85065330627663582 -0.52572707036961175 -1.1015234673386191e-06
v 0.17494210538979574 -0.34988389107313611 -1.7960709410695299
vn 0.70242599297816033 0.094973656367569256 -0.70539189744766728
v 0.053324999999999997 -0.30241899999999999 -2.1370520000000002
vn 0.89670931567353185 0.34986250197225849 -0.27112475522905999
v 0.50655600000000001 -0.131434 -1.039809
vn 0.85065803628955949 -0.52571941689063884 -3.9643077999433656e-07
v -0.46720877806707356 -0.34457208832072483 -0.74950891922925234
vn -0.57459747655896121 -0.33038713028615768 -0.74878707525794785
v -0.50432322603608559 -0.41374490584645407 -0.69050528543703804
vn -0.57460403811431138 -0.33037273870294104 -0.74878838993713392
v 0.07483134055121668 -0.36677844336010501 -2.1489735157628482
vn 0.89670945343206798 0.34986246873139865 -0.27112434250493467
v -0.45330723448112198 -0.19313423166270954 -1.3672873544898638
vn -0.82066056753315786 -0.57141598935604754 2.0987680171762011e-06
v 0.092945795623503968 -0.29961478192475655 -2.0023933631335136
vn 0.89670800276025586 0.34986517696072278 -0.27112564566258818
v -0.27638801621494169 -0.44722007082483389 -0.85064928439852416
vn -0.48004273069515974 -0.77671221580564676 -0.40777090446109165
v -0.39688784656742626 -0.27416181047261579 -1.0062529536931499
vn -0.8206567385118323 -0.57142148850798646 -2.5375813464655924e-06
v -0.31305867984524305 -0.39455457151348627 -1.0088257581494431
vn -0.82065691276733066 -0.57142123825076396 -1.7769256276657965e-06
v 0.041208485591814503 -0.42490357177380583 -2.3351764923462572
vn 0.89671190575671933 0.34985536667830425 -0.27112539622938686
v 0.031824999999999999 0.64002000000000003 -2.391162
vn 0.15787081750067544 0.95863322475890533 0.23685258151434749
v -0.83535589435668844 -0.31427063582877435 0.30618641260451435
vn -0.8896969899048246 -0.33038502062166381 0.31509523053057659
v 0.20374859311463822 -1.1535806493706791 -2.9344648626478591
vn 0.63660470877741615 -0.056105377679074267 -0.76914669040301364
v -0.93309554714155629 -0.14184813588514278 0.21099960866537978
vn -0.95925181501634893 -0.23245682500758236 0.16062309888442117
v -0.12439584513015867 0.55450647671345932 -1.940923887935428
vn 0.15787319835780972 0.95863351223277726 0.23684983104179208
v -0.086544360539047405 -1.3327778182803152 -2.8448664507954642
vn 0.067394647826259216 -0.98866044996236224 -0.13419566358341836
v -0.049148999999999998 -1.242318 -2.9030749999999999
vn 0.09730200848397956 -0.56669149289422516 -0.81816445231157409
v -0.76657617203708717 -0.16449083023960667 -3.5566142298646719
vn 0.047425799306304584 -0.88736011603123632 -0.45863146211003541
v -0.55739899999999998 0.34146100000000001 -2.255312
vn -0.81617319747125627 0.50440621731171209 0.28184336016098643
v -0.7778022291285176 -0.49161832050787502 0.28274009373698922
vn -0.82262002050322536 -0.50572115273199636 0.25988924092138549
v 0.02095146511584367 -1.1787295945081171 -2.938783520846826
vn 0.097297955636434813 -0.56669668768328574 -0.81816133616650621
v -0.40789607145073081 0.36609280429232538 -1.8664536106139538
vn -0.81617047181864599 0.50441274204310393 0.28183957599295029
v -0.067413640761258969 -1.0363346142392669 -3.0479209903533606
vn -0.59279677361192418 -0.22515812557375259 -0.77323722342073475
v -0.0098300302252213451 -0.90931128318629229 -3.1290555442230183
vn -0.030262479502381909 0.53158636749140453 -0.84646329880961846
v 0.036544842900550781 -1.1022409336078254 -2.9899076458031733
vn 0.097292694845419261 -0.56670628217642371 -0.81815531610537851
v -0.097904161780354854 -1.1035929537819653 -3.0049596443672013
vn -0.59279078710404742 -0.22513414586302141 -0.77324879507897826
v 0.11721092733145366 -0.73061720675760666 -2.4783009657767394
vn 0.86261507432878737 0.41898631005211151 -0.28345318048957674
v -0.82435151956789032 -0.47389461512585734 0.16988840513941189
vn -0.82261868325465448 -0.50572493409990049 0.25988611542371698
v 0.17196569069941708 -0.65360049225231165 -2.1978293060385021
vn 0.86261295349152578 0.41899023326364965 -0.28345383556815568
v 0.22878100000000001 -0.57368399999999997 -1.9067959999999999
vn 0.86261271029324083 0.41899196738765138 -0.28345201234984141
v -0.0024099999999999998 -1.1206879999999999 -2.9817640000000001
vn 0.097291727026406108 -0.56669170560606585 -0.8181655276589862
v -0.099051914276488517 -0.75463910229112163 -2.6754314655383831
vn -0.89501625544660357 0.33783356384160135 -0.29122909474917291
v -0.23736007856159266 -0.65338614503831494 -2.1014709776460769
vn -0.93023951600220245 0.25032133996491435 -0.26831636108548784
v -0.19485020643367262 -0.6980092349577951 -2.2904766450270202
vn -0.93023891997158148 0.25031889740119156 -0.26832070619681508
v -0.179676 -0.76462300000000005 -2.4052319999999998
vn -0.9302375632247063 0.25032614366431011 -0.26831864967593244
v -0.20974899999999999 -0.56274299999999999 -2.1126330000000002
vn -0.89501662248039138 0.33783067724373167 -0.29123131527504781
v -0.27638788392436014 -0.44722020277392061 -1.7738251095879254
vn -0.76645745095292173 -0.63234873867276986 -0.11259684088688544
v 0.26212400000000002 -1.2006920000000001 -2.6815169999999999
vn -0.083978343481233286 -0.79064623792991096 0.60648673874490178
v -0.87717199999999995 -0.40469500000000003 0.093300999999999995
vn -0.88969942669488211 -0.33038179922348826 0.31509172772487837
v 0.108264 -0.98541400000000001 -2.4221759999999999
vn -0.083977272134026074 -0.79064651066295211 0.60648653154165444
v -0.20499603671738209 -0.85480496042158627 -2.401582678495835
vn -0.9302377328714917 0.2503213946893017 -0.26832249198103064
v 0.0053444269628458718 -0.84141232684179312 -2.2487009268455123
vn -0.083983811473775455 -0.7906453498233299 0.60648713936330223
v -0.16471309668235701 -0.86851824125842536 -2.5540314262039336
vn -0.93023624077864298 0.25032676992102082 -0.26832265018616441
v -0.022506029834919609 -0.27144606174824004 0.90554020272332858
vn 0.024746161144362622 -0.33038158344815982 0.94352299220893598
v -0.87357612104025606 0.007066304242759891 -3.6020417183298035
vn -0.26330592280190174 -0.39702688423033938 -0.8792267308355608
v -0.48597826964316937 0.83067276361209452 -3.4048659113440447
vn -0.15772373139895657 -0.76305777790189788 -0.62679027763439943
v -0.53956908398695491 0.9479791917694953 -3.25239439089163
vn -0.88765830423876779 -0.45868118423080556 0.040918286237095321
v -0.093088224676606768 -0.8915704464959856 -2.8238565703495495
vn -0.93023691714793477 0.25032752822976823 -0.26831959784086074
v -0.122349 -0.95287100000000002 -2.779598
vn -0.93024183873443889 0.25031227538009732 -0.26831676478000482
v -0.85806196504770849 -0.12439735125629681 -3.5473215070110422
vn -0.26331581216163114 -0.39704154287840876 -0.87921714968168885
v -0.47018621783729225 0.8418375262125638 -2.9370539910680833
vn -0.88765376810735952 -0.45869052714148284 0.040911957609905937
v -0.917404 0.13605800000000001 -3.5002040000000001
vn -0.91458496029017344 0.37884193330561244 0.14146780545512025
v -0.98178865398485671 -0.13392058887447011 -3.5059661779505982
vn -0.85763269210609361 -0.12032236603878826 -0.49998869353384601
v -0.12448011675859427 -1.0359465185747285 -2.8497151710716189
vn -0.93023475189761229 0.25033117338607347 -0.26832370374817688
v -0.96563403287087946 -0.025482503496385478 -3.5597719110506816
vn -0.85763320746022675 -0.12032851735913273 -0.49998632918474523
v -0.12034499999999999 -0.79566700000000001 -2.6398860000000002
vn -0.93023897230161201 0.25032170625721661 -0.26831790433684549
v -0.14145383041710521 -0.8481412576799966 -2.615661368672153
vn -0.93024246760122808 0.25031032660862246 -0.26831640252556843
v -0.26137928400227317 1.0433972855996241 -3.2230345375367695
vn 0.74116613997862935 -0.24998828722305128 -0.62303981349546511
v 0.044191018968797936 -0.3622063482777374 0.87200949153694507
vn 0.024749119145130682 -0.33038913419563481 0.94352027063916277
v -0.44180048499751384 1.2495890797948559 -3.5203960598738711
vn 0.41544716017018923 0.046620762756084108 -0.90842179717715166
v -0.17861594660181629 -1.171119493851104 -2.7881369252500825
vn -0.93024050340290665 0.25031992643939788 -0.26831425652782837
v -0.36096912568335909 0.12072470609330267 -2.2683786014848031
vn -0.08179235239710908 -0.96433679302948883 -0.25172318268079358
v -0.27529399999999998 0.086585999999999996 -2.1654300000000002
vn -0.081788597646136316 -0.96433623699986692 -0.251726532777169
v -0.26279973128787582 1.1559909450182331 -3.2699024106386902
vn 0.8320756298402191 0.5454897989224522 -0.10045409646970685
v -0.39800416860122567 1.3204558635072488 -3.4967290382237763
vn 0.65375621874927159 0.68379454527732397 -0.32407996898239827
v -0.38588192219180867 0.97325992416265095 -3.3430020899624413
vn 0.7411703173795765 -0.24998178831291787 -0.62303745164101765
v 0.17644637971067825 -0.35289013509274825 0.87180246202606904
vn 0.16619639257371271 -0.26223128204050744 0.95058587924231042
v 0.038004903889735486 0.40873236526139667 -2.4653793643932991
vn 0.85669033526377725 -0.43898491695926406 -0.27087619339451924
v -0.39795895353303151 1.065906959362416 -3.3945414658660638
vn 0.74117107423405537 -0.24998021680445912 -0.62303718181592671
v -0.10430676396124824 -0.47227578851555818 0.8373623741784233
vn -0.0070283940865340537 -0.50572382724115583 0.86266680255885697
v 0.038319597297809177 0.19252946830746895 -2.1140006844256236
vn 0.85669174729879571 -0.43898523895236347 -0.27087120572713635
v -0.028618784783399187 0.045157921894708963 -2.0868730333376302
vn 0.45957808244896137 -0.83228779442830469 -0.30997582708689364
v -0.48377500000000001 1.0090490000000001 -3.4738159999999998
vn 0.74115433416618892 -0.25001023781752496 -0.62304504968188112
v -0.18907499999999999 -0.97861200000000004 -2.5722800000000001
vn -0.93023731627975048 0.25032450959389535 -0.26832103029248988
v -0.39682103297154614 1.1631425849231809 -3.2392940296465098
vn 0.162338368173394 0.8423082058713306 0.51396803455139095
v -0.13563609632586038 -1.1868238262116908 -2.9517983923909994
vn -0.59280370564948359 -0.22515582175534352 -0.77323257982182592
v -0.25726876410958549 0.94595513708789303 -3.1790488605983462
vn 0.74117337653023974 -0.24997563047904092 -0.62303628312432136
v -0.3663177828791091 0.89112192191716266 -2.8031325482704537
vn 0.16231832333762294 0.84231246832902462 0.51396737990492036
v -0.36570809537548499 0.82836418540705703 -2.7004744756769177
vn 0.16232686993345338 0.84230839173856886 0.51397136156053813
v -0.498811 0.970244 -3.4761310000000001
vn 0.74117018110184685 -0.2499777828860929 -0.62303922084312557
v -0.158246 -1.0320560000000001 -2.7290209999999999
vn -0.93023933031533079 0.2503231363591914 -0.2683153289280778
v -0.16454971849390942 -0.98953956316536185 -2.6675049493847096
vn -0.93023452653477146 0.25033257502007833 -0.26832317739331901
v -0.091196767519741345 -0.3566253459916498 0.87751435592687899
vn 0.024747987288291088 -0.33039265081812286 0.94351906891729154
v -0.1450536380300097 0.81465261995670812 -2.9928745097822569
vn 0.7411730357809313 -0.24997667888030781 -0.62303626784261101
v -0.13236545882030759 -0.64873210489002053 -2.016582914475666
vn -0.083976354621359051 -0.79064306880463053 0.60649114553775973
v 0.040217999999999997 0.71984700000000001 -2.7344360000000001
vn 0.74117095540092837 -0.24997813871560901 -0.62303815696500875
v -0.99561015842344847 -0.22670348532527629 -3.4599270894721039
vn -0.66345402814756471 -0.74820959234428364 0.0033404279323913269
v -0.76695787011278771 -0.10350341217695813 -3.2715302934843065
vn 0.23789606902632915 -0.91960175976337166 0.31263087464601169
v -0.091015094477843617 0.94703054797433228 -2.9817051709506055
vn 0.83207169956717786 0.54549608733725385 -0.10045250359814498
v -0.5601641100918171 0.0079180320302819629 -3.1011439595059649
vn 0.2378968389636506 -0.91960097972837018 0.31263258322466109
v 0.83559273967347814 -0.29455048806672091 0.33580181932100611
vn 0.90499128875282209 -0.3303848721677532 0.26802351300623545
v 0.0117729640270932 -0.7927281007431195 -2.178427753983522
vn -0.16127810260707431 -0.80427986023565212 0.57194692064804564
v -0.086717000000000002 -0.55832400000000004 -1.876579
vn -0.16126793505585008 -0.80427786559834868 0.57195259246845531
v 0.86998120461017026 -0.23837026984959708 0.28893831048596802
vn 0.90498668292549234 -0.33039327060971085 0.26802871201297229
v -0.033049000000000002 -0.645235 -1.983662
vn -0.161267406701742 -0.80427925313377069 0.57195079029080742
v 0.90352900000000003 -0.168381 0.26194000000000001
vn 0.90498766812265274 -0.33039053655951001 0.26802875572938489
v 0.80432481217265572 -0.28850984524390216 0.44881814112098151
vn 0.87046264253396621 -0.23244933418065261 0.43389180101928154
v -0.053042918899911168 -0.47973983718925306 -1.7565805674921082
vn -0.16009341317093856 -0.94045641121408519 0.29985302677412229
v 0.25480392965221083 -1.066121836212526 -2.4943492463332668
vn -0.16126049906355763 -0.80427809835398123 0.57195436177187786
v -0.31656514187610352 0.20774963409497738 -2.9465867627387627
vn 0.57637956167266557 0.55931030233647383 -0.59578401001227621
v -0.12873284508835314 0.88756020016197157 -3.0027112776083316
vn 0.74116304028826063 -0.24999612669335333 -0.623040355313348
v 0.035987833297006742 -0.95646255162054028 0.11867595738529464
vn 0.10237383453653144 -0.94351991245107147 0.31510279721165491
v -0.24489900000000001 0.88901300000000005 -3.1414849999999999
vn 0.74117057894630745 -0.24997692768497529 -0.6230390906914075
v 0.24743543481454991 -0.90812670168538823 -2.2742549621430173
vn -0.16126865918641006 -0.80427857638704969 0.57195138878145768
v -0.013731 0.79069800000000001 -2.8270400000000002
vn 0.74116155471019962 -0.24999168123659818 -0.62304390626348216
v -0.56218299999999999 1.1840109999999999 -3.2212679999999998
vn 0.16234543354229236 0.84231195062754849 0.51395966576958096
v 0.85411025376600824 -0.302179623960457 0.26387253291675222
vn 0.90498870714593793 -0.33038636214337602 0.26803039314225163
v -0.6351110548190404 1.2723313708174386 -3.3429761355046366
vn 0.16232750353625586 0.84230944397304985 0.5139694370188741
v 0.19020069135884154 -0.93321365547687896 0.13818708844509264
vn 0.22108160724293835 -0.96193767436124844 0.16062015310462083
v 0.14786539281214717 -1.0408221267879894 -2.4889257063329007
vn -0.083974964543916383 -0.79064723140594717 0.6064859114604052
v -0.61893968936977029 1.1894913476321964 -3.2123217200792142
vn 0.16231896121181563 0.84230781702544355 0.51397480114199079
v -0.47397099999999998 1.155921 -3.2030910000000001
vn 0.162338368173394 0.8423082058713306 0.51396803455139095
v 0.876655858279764 -0.38955899470388589 0.080042437282599591
vn 0.95541639003880674 -0.26223269168572516 0.13569648874040249
v 0.31566133942047137 -0.85065411462504981 0.34464243870255834
vn 0.1468026580689239 -0.87995845140202966 0.45179874212976773
v 0.193302 -0.96194000000000002 -2.365189
vn -0.16127153023986454 -0.80428033632314189 0.57194810440985488
v -0.46539498445801564 1.2388469882395392 -3.3417020760176954
vn 0.16232892101133264 0.84230786430847915 0.51397157813188965
v 0.1320263626215018 -0.85065420315655738 0.40431045617591582
vn 0.14679980840701382 -0.87995803342360046 0.45180048214331697
v 0.22956856144855131 -0.88227192710350655 0.27793718150564672
vn 0.10237179950291322 -0.9435225122570734 0.31509567361459645
v 0.12184300000000001 -0.93584699999999998 -2.348646
vn -0.16127235617315253 -0.80427906072421096 0.57194966528090652
v 0.063256196703123768 -0.78688870783015052 -2.1557017116035428
vn -0.161267406701742 -0.80427925313377069 0.57195079029080742
v 0.14237449801353302 -0.81812470512372382 -2.1773161600422601
vn -0.16127796023525878 -0.80427779646254727 0.57194986288983718
v -0.54358582966800317 1.2399310129061063 -3.3187836408667857
vn 0.16232623905755958 0.84231012679755801 0.51396871734348737
v 0.78859524064033271 -0.48738662493832524 0.25678652859473677
vn 0.81827291517066525 -0.50572493173177535 0.27326128471298738
v 0.15464283507231258 -0.89135845906582989 0.27507622940572213
vn 0.10239307608971827 -0.94352149191663071 0.3150918156034852
v 0.053673279227509176 -0.64056500299050367 -1.9526427740150649
vn -0.16126481336185183 -0.8042775908498474 0.57195385900274553
v 0.154453469138084 -0.68597578764844114 -1.9880837062646173
vn -0.16126944870575274 -0.80427866493107303 0.57195104165551902
v -0.10783540696402617 -0.90086702635672811 0.33188827743644977
vn -0.084448155839657771 -0.96193825367280261 0.25989094846916055
v 0.76350377687017124 -0.36877514755740542 0.48771256279195213
vn 0.87046247523570197 -0.23246539486024911 0.43388353206707836
v -0.497618 1.1247849999999999 -3.1445979999999998
vn 0.16235044228565107 0.8423102114064569 0.51396093397267395
v 0.0018192709769773441 -0.86876605249873851 0.39238487360489621
vn 0.10237740721935393 -0.94352008244231544 0.31510112744814001
v -0.52997879754289545 1.1229632399974623 -3.1313902318643856
vn 0.16232242523999627 0.84230791348021572 0.51397354907894965
v -0.62732437134296282 1.1302707738801869 -3.112622386660195
vn -0.73225773959680185 0.38728179048754124 0.56018873387220713
v 0.088137478047488726 -0.90408273600528921 -0.25858233062325608
vn 0.10237957020715822 -0.94352488099862453 -0.31508605577005316
v -0.44361800000000001 0.79022000000000003 -2.9393379999999998
vn -0.88765689315657192 -0.45868426826638964 0.040914326055171632
v 0.21250294901375733 -0.92538237700259174 -0.15439104002489593
vn 0.22106962913073189 -0.96194070065401671 -0.16061851543723088
v -0.48697577133391645 0.97714757359784277 -2.9060056481206979
vn 0.16232024760622352 0.84231108186691539 0.51396904438034097
v -0.42738089422588604 1.0372132828208431 -3.023265002531891
vn 0.16232806455062079 0.84230841585047844 0.51397094474951288
v -0.44951600000000003 0.89292800000000006 -2.779814
vn 0.16232024760622352 0.84231108186691539 0.51396904438034097
v -0.44119651714625246 0.77504154541219572 -3.0569706772410377
vn -0.88765412619783746 -0.45868984583090988 0.040911826842246715
v -0.59919825947273586 1.3497499215255107 -3.4811944918834437
vn 0.10950306404303212 0.93334448827153305 -0.34187299568456353
v -0.69678187994723195 1.2282427102434117 -3.5211824995265832
vn -0.70738223974849235 -0.099482478361455601 -0.6997954010905395
v 0.21169161561112437 -0.86993917473983162 -0.32067945669973175
vn 0.10238808410315434 -0.94352615860485445 -0.31507946340891929
v 0.23995043258570697 -0.89403075371562946 -0.23935266752225648
vn 0.10236718426466822 -0.94352264100844507 -0.31509678749579867
v 0.66816573669724111 -0.58074738878223586 0.34092058062331437
vn 0.70023222464593537 -0.66168984732842862 0.26803241876662054
v 0.30694712522517326 -0.85065425474367973 -0.34747372509600205
vn 0.14680299521390891 -0.87995696208710616 -0.45180153327612366
v 0.63559358662401466 -0.62771154400633233 0.31007011201103646
vn 0.7002244281205604 -0.6616965797613964 0.26803616658075108
v -0.39135769072865773 0.69005169134513433 -2.9284959198013873
vn -0.8876499262380203 -0.45869790066926064 0.040912643171156809
v -0.3390913530196587 0.60631260710864943 -2.7333678959526559
vn -0.88765077335874665 -0.45869614395568437 0.040913959424687979
v 0.034731985004888652 -0.88881551215501886 -0.32165077599300207
vn 0.10238502509809631 -0.94352651538933996 -0.31507938903221189
v -0.63065317536481935 1.0959860661113874 -3.5692293503901049
vn -0.70738357381514849 -0.099474274802548474 -0.69979521872403172
v -0.028741879643082863 -0.87831913161796238 -0.37370872439694619
vn 0.10238502509809631 -0.94352651538933996 -0.31507938903221189
v -0.57034912077679323 1.2257381504537883 -3.5253763716052675
vn -0.024752736711435037 0.33038094669053386 -0.94352304269114751
v 0.60035000000000005 -0.69913800000000004 0.22581200000000001
vn 0.70022396201788539 -0.66170280691571204 0.26802201091672118
v 0.25002803311060151 0.48881379480539039 -1.9246029689021691
vn 0.88964615221861931 0.45567439783265218 -0.02984236925002641
v 0.53964083454295042 -0.76332335955446129 0.22595468961538867
vn 0.66181822719755312 -0.73728195574661415 0.13569064772317846
v 0.23028028995701044 0.51997234881760868 -2.0375522593962812
vn 0.88964479806058872 0.45567686913853261 -0.029845003197171833
v 0.14701368876539125 -0.85065433191581896 -0.39944043585224676
vn 0.14680097394271016 -0.87995821741829816 -0.45179974507239717
v 0.68928773202458027 -0.60505659566102943 0.22572767500688948
vn 0.70022436033716662 -0.66170181457195798 0.26802342021283143
v 0.1798838672624738 0.37835882210575855 -1.9674394328209179
vn 0.85668922145485737 -0.43898868539159797 -0.27087360879426214
v -0.43203695700038725 0.73541742749990657 -3.302476898536193
vn -0.1577264825156259 -0.76305321665457959 -0.62679513819616306
v -0.43428008301639676 0.750085245076618 -3.1867082291709621
vn -0.88765412619783746 -0.45868984583090988 0.040911826842246715
v -0.48270299999999999 0.84583600000000003 -3.1638039999999998
vn -0.88765403263233589 -0.45869007995564137 0.040911231976553532
v -0.20167408017529898 0.32862391379225664 -2.8652188209205787
vn -0.15772654484343815 -0.76305880378014956 -0.62678832074740998
v 0.12246842124585389 0.44786278465994511 -2.2616648393196663
vn 0.85668897910896025 -0.43898813750358262 -0.27087526318285887
v -0.25419000000000003 0.43540400000000001 -2.807436
vn -0.88765689492364208 -0.45868438799956368 0.040912945383874612
v 0.16065159148032687 0.44656073630108839 -2.13879394841502
vn 0.85668897910896025 -0.43898813750358262 -0.27087526318285887
v 0.66905764539912205 -0.66445734645658161 0.13192995724956255
vn 0.66181822719755312 -0.73728195574661415 0.13569064772317846
v -0.275725 0.46604800000000002 -2.931114
vn -0.88765460211728553 -0.45868841204337935 0.040917575650649372
v 0.21630881565044019 0.54201825654382318 -2.1174713776125564
vn 0.88965065027809997 0.45566582259928445 -0.029839212031677425
v 0.19871802084748075 0.56977414095311407 -2.218085768195126
vn 0.88964783824690719 0.45567156949032822 -0.029835292202787068
v 0.14937900000000001 0.552037 -2.3453849999999998
vn 0.85668415353627092 -0.43899158661616355 -0.27088493490791699
v 0.12288509743545389 0.54091763418202543 -2.4111531404683451
vn 0.85668943284864507 -0.43898725247453751 -0.27087526245547688
v 0.71776516281062153 -0.56185133971418144 0.25799121465484415
vn 0.70022930754458779 -0.66169384321531877 0.26803017499260845
v 0.099139292049024996 0.32475580520900016 -2.1359367252023373
vn 0.85669128081234724 -0.43898565778365822 -0.27087200231908232
v 0.13391331019309805 0.34586995242297813 -2.0601777314672649
vn 0.85668882126897883 -0.43899088259185998 -0.27087131356787764
v 0.13144613708720693 0.29613409579286154 -1.9873751756933582
vn 0.85668760734464833 -0.43898738257237602 -0.27088082502155092
v 0.10727192763837787 0.17357439772892358 -1.8652097770779084
vn 0.68003168904142186 -0.18318234987760559 -0.70993036883400729
v -0.32783171083791407 0.57278456516281528 -2.8649789586508163
vn -0.8876499262380203 -0.45869790066926064 0.040912643171156809
v -0.059464421152513616 -0.94533413885815554 0.18301481391696711
vn -0.084443172272611333 -0.96193839793520886 0.25989203380323489
v 0.026200182733655403 -0.95735357618387495 -0.11918790970262155
vn 0.10237951889182087 -0.94352485542738374 -0.31508614901676341
v -0.36558081520319524 0.63284122752150618 -3.0106594561745332
vn -0.88765460211728553 -0.45868841204337935 0.040917575650649372
v 0.09211286503488425 0.21979303184742272 -1.9880533807417531
vn 0.85669394031565937 -0.43898186319110566 -0.27086974067934366
v -0.21584232589374422 -0.8994515202271014 -0.19008241989316588
vn -0.26804307728013932 -0.94351824738848078 -0.19474656753627967
v -0.19658664196213121 -0.9160138797876628 0.13634563966099758
vn -0.26803539646396618 -0.94352345018821571 0.19473193160683777
v 0.059590999999999998 0.203157 -2.0639509999999999
vn 0.85669394031565937 -0.43898186319110566 -0.27086974067934366
v -0.79430958184596112 0.125562371971774 -2.7742222957847056
vn -0.67840107048467213 -0.55327184272024288 0.48338623854863477
v -0.80559933638827175 0.19390911327122207 -2.9322836796404115
vn -0.91458586064791603 0.37884141016136219 0.14146338554502796
v -0.2876815189648021 0.19352250784867589 -2.5710723276974918
vn -0.081790229089974478 -0.96433653685164245 -0.25172485399417804
v -0.83549244738313755 0.17844112910903809 -3.0841291626410929
vn -0.91458810179350458 0.37883568595507355 0.14146422552964741
v -0.26146786405409916 0.14598460905437 -2.397476175517629
vn -0.081790705255526133 -0.9643361183841026 -0.25172630238750493
v -0.34597721566161949 -0.8506525228535361 0.24740632606663235
vn -0.38432793380480335 -0.87995776845558826 0.27922457813020712
v -0.19298937663529137 -0.88434763312963349 0.29472054090644689
vn -0.2680329876909372 -0.94352449921207593 0.19473016431994097
v -0.1549937778096997 -0.91086615570702789 -0.21853416631802045
vn -0.26802654711085383 -0.94352492692524836 -0.19473695672506008
v -0.22679037387631756 -0.89279915118521125 0.20724549622166694
vn -0.2680301753292218 -0.9435243900883179 0.19473456401331127
v -0.22317263057847958 -0.88230253383928869 -0.26308880694664533
vn -0.268034711191387 -0.94352279044282228 -0.19473607141857424
v -0.22235800974310099 0.19603396337873238 -2.6019206258374559
vn -0.081785755950765524 -0.96433640456690395 -0.25172681412701836
v -0.10607025689103404 -0.90248906519227401 -0.32645765885561373
vn -0.084445797365672801 -0.96193734717100143 -0.25989507002806361
v -0.90832700487630946 0.064712017530158622 -3.3508680487742488
vn -0.96001425404598995 0.22540080313035071 0.16603346041299794
v -0.86767099999999997 0.070396 -3.1235089999999999
vn -0.96001412402879416 0.22540251310516757 0.16603189076530442
v -0.92542999999999997 0.094736000000000001 -3.4905110000000001
vn -0.96001409182228215 0.22540489802873726 0.16602883920359551
v -0.27359392487508816 -0.89124604198456459 -0.15035333221301553
vn -0.26803970200954336 -0.94352164332132371 -0.19473475994507031
v -0.37258448442455694 0.16348965408275085 -2.4284304279920557
vn -0.081802217666302607 -0.96433856783023719 -0.25171317760499134
v -0.94341292643260821 -0.020852030631142882 -3.4375756057205589
vn -0.96001337796232633 0.22540357669760505 0.16603476065357656
v -0.3033073612428247 -0.91383684491327566 1.5045798654531101e-08
vn -0.27326502315113527 -0.96193878553786361 3.8677906259212056e-07
v -0.32018434022920778 -0.88443967558888592 0.11920560073622222
vn -0.26803826571583778 -0.94352159576279593 0.19473696732072501
v -0.34359950425992991 0.18130689590152793 -2.5061096710921875
vn -0.081802217666302607 -0.96433856783023719 -0.25171317760499134
v -0.43141024548070855 0.2014664378471609 -2.554804675186225
vn -0.081790496218939829 -0.96433644943990104 -0.25172510206553678
v -0.91968485762867724 -0.017122593569975489 -3.3054390620334435
vn -0.9600163721864946 0.22539373944642496 0.16603080242003024
v -0.455542 0.18223600000000001 -2.4732959999999999
vn -0.081778159104343093 -0.96433801678794329 -0.25172310595374675
v -0.54345009652451071 0.18865280932407352 -2.4693134947505984
vn -0.081794913876211933 -0.96433710932168493 -0.25172113866157481
v -0.38305926723519562 -0.89118138865710828 -5.6940654532869476e-07
vn -0.27326218793652751 -0.96193959095350945 -5.8043651110904212e-07
v -0.62093189550769157 0.23089490590304068 -2.6059633404400913
vn 0.029353451830710715 -0.99547837181376053 0.090339283352517147
v -0.12561972416239794 -0.96431387836939886 3.1515194266108403e-07
vn -0.27326502315113527 -0.96193878553786361 3.8677906259212056e-07
v -0.17015983955641403 0.086327403679912429 -2.198599556044412
vn -0.081790847981041692 -0.96433627602058547 -0.25172565212407627
v -0.17770919816274025 -0.9249587993663585 -0.11898867697928146
vn -0.26802629830409808 -0.94352538044081213 -0.19473510182148288
v -0.95081880167199251 -0.082771528871620204 -3.3963392852090557
vn -0.9600163721864946 0.22539373944642496 0.16603080242003024
v -0.10154000000000001 0.053256999999999999 -2.0942080000000001
vn -0.081789800721865355 -0.96433507761571202 -0.25173058331830933

# 2830 facets
# ------------------------------------------

f  1132 9 7
f  1309 1379 1302
f  23 1165 1163
f  1317 1330 1327
f  1165 23 1166
f  1300 52 1166
f  1324 1379 1309
f  1317 1379 1324
f  11 12 3
f  15 7 3
f  18 23 1163
f  1166 23 1300
f  1327 1330 889
f  1379 1317 1327
f  1317 1324 1318
f  1314 1318 284
f  18 11 3
f  8 5 3
f  1318 1324 1309
f  889 63 1327
f  71 1346 1344
f  12 15 3
f  1346 71 1353
f  1344 1346 1358
f  1163 11 18
f  5 18 3
f  1367 85 1358
f  9 8 3
f  280 1302 68
f  1302 280 1309
f  7 9 3
f  1373 1358 1323
f  68 1302 1379
f  1290 64 1288
f  1288 38 1287
f  1358 1373 1344
f  1318 1314 1317
f  5 16 18
f  878 1314 284
f  23 18 16
f  284 1318 1309
f  63 889 881
f  1300 23 16
f  25 1158 31
f  1344 1373 88
f  31 1154 38
f  992 73 1344
f  889 1330 1317
f  64 38 1288
f  1287 38 1154
f  65 80 1050
f  88 992 1344
f  83 1049 1050
f  1386 1158 25
f  1386 1412 1063
f  1355 1353 71
f  1358 1346 1353
f  83 79 1290
f  1049 83 52
f  83 1050 80
f  1367 1358 1353
f  64 1290 79
f  1323 1358 85
f  65 41 62
f  25 64 62
f  1367 848 85
f  64 25 31
f  40 25 62
f  1384 1413 1379
f  65 1412 41
f  1323 88 1373
f  38 64 31
f  1386 40 41
f  62 41 40
f  25 40 1386
f  41 1412 1386
f  62 80 65
f  62 64 79
f  73 71 1344
f  992 88 2
f  79 83 80
f  79 80 62
f  1392 1391 1394
f  96 1115 1360
f  1360 1246 100
f  1367 1353 1355
f  70 878 1355
f  1355 71 70
f  1405 1394 1391
f  1117 1115 96
f  100 96 1360
f  1246 56 1280
f  1363 117 1029
f  848 867 85
f  1363 1028 52
f  97 100 1284
f  1286 84 1284
f  186 211 137
f  138 1033 186
f  1033 138 1034
f  100 1246 1280
f  1384 1394 1405
f  1076 1034 1286
f  90 84 139
f  84 137 139
f  90 97 127
f  1394 1384 1392
f  90 1117 96
f  1411 1404 1405
f  1413 1384 1404
f  1363 1117 117
f  793 1392 63
f  1029 1028 1363
f  1284 127 97
f  1392 1384 1379
f  84 127 1284
f  1391 847 1405
f  138 84 1286
f  1405 1404 1384
f  104 137 211
f  137 138 186
f  1034 138 1286
f  104 139 137
f  793 1391 1392
f  84 90 127
f  1413 68 1379
f  1405 847 1411
f  100 97 96
f  90 139 117
f  117 1117 90
f  793 63 881
f  97 90 96
f  117 139 104
f  1401 1415 1404
f  84 138 137
f  1392 1327 63
f  1379 1327 1392
f  146 159 1264
f  727 1401 1411
f  1275 1337 142
f  104 1029 117
f  1411 847 780
f  1275 152 1265
f  1404 1411 1401
f  1397 1393 1395
f  161 158 1041
f  1289 159 141
f  161 1119 141
f  1119 1041 1076
f  1278 163 1337
f  1393 1383 1395
f  1264 152 146
f  1383 1401 1395
f  1337 163 142
f  142 151 1275
f  1275 151 152
f  155 141 164
f  1264 1265 152
f  1062 158 155
f  1397 1395 727
f  1413 1415 115
f  1119 1289 141
f  1119 161 1041
f  159 146 142
f  1395 1401 727
f  163 141 142
f  151 146 152
f  1383 1393 1415
f  1279 1056 178
f  1415 1401 1383
f  115 1415 1393
f  141 163 168
f  141 155 161
f  164 1062 155
f  1415 1413 1404
f  68 1413 116
f  1413 115 116
f  1397 115 1393
f  141 159 142
f  780 733 1411
f  1411 733 727
f  172 168 163
f  111 1397 826
f  151 142 146
f  168 172 178
f  1279 172 1278
f  727 827 1397
f  158 161 155
f  191 1033 1034
f  111 826 327
f  1397 827 826
f  141 168 164
f  163 1278 172
f  1268 186 191
f  164 168 178
f  1279 178 172
f  186 1033 191
f  1333 1335 1380
f  1076 191 1034
f  1357 1349 1351
f  1333 1349 1357
f  205 1029 104
f  1028 1029 205
f  1333 1342 1343
f  1343 1342 1345
f  1077 202 224
f  1335 1333 1343
f  233 1271 237
f  104 211 205
f  1272 236 237
f  1397 1351 1349
f  1397 1349 1333
f  1333 1357 1342
f  1268 181 195
f  1077 1028 205
f  1028 1077 52
f  1272 237 1271
f  205 211 185
f  1080 236 1081
f  202 195 222
f  116 1380 68
f  1380 116 115
f  1397 1333 115
f  1081 236 1272
f  181 222 195
f  1268 185 186
f  327 808 111
f  1268 233 181
f  222 181 233
f  1268 205 185
f  1397 111 808
f  211 186 185
f  224 202 222
f  1333 1380 115
f  1345 306 304
f  1077 205 195
f  1335 1343 304
f  233 1080 222
f  1345 1342 1357
f  68 1380 1335
f  205 1268 195
f  195 202 1077
f  1080 224 222
f  1297 88 1291
f  1313 1307 88
f  233 236 1080
f  808 1357 1351
f  808 1351 1397
f  236 233 237
f  1063 269 249
f  268 1262 242
f  300 242 1262
f  134 1120 1296
f  1410 268 269
f  1120 1297 1294
f  1294 1307 1296
f  304 1343 1345
f  302 1021 1069
f  1410 269 1063
f  1069 1067 270
f  1021 302 308
f  1067 286 270
f  88 1307 1291
f  1069 1021 43
f  300 1263 307
f  1263 300 1262
f  88 1323 1313
f  307 1272 952
f  1328 2 88
f  1313 787 1307
f  1120 1294 1296
f  282 270 300
f  308 307 952
f  1272 971 952
f  270 286 242
f  85 867 1313
f  1291 1294 1297
f  270 240 300
f  1291 1307 1294
f  88 1297 1328
f  242 240 270
f  286 245 242
f  268 242 249
f  300 240 242
f  787 785 1307
f  522 691 134
f  785 522 1296
f  1069 270 282
f  302 282 303
f  242 245 249
f  85 1313 1323
f  1270 1283 1090
f  303 282 300
f  249 269 268
f  308 303 305
f  282 302 1069
f  1112 320 1150
f  134 1296 522
f  323 320 1112
f  1296 1307 785
f  1252 323 1153
f  350 1060 345
f  300 305 303
f  1103 1150 340
f  307 305 300
f  1148 344 345
f  308 302 303
f  308 305 307
f  1112 1153 323
f  1389 1387 348
f  1063 362 348
f  1132 1252 1153
f  1244 149 1283
f  1270 1259 1244
f  345 1060 606
f  345 606 1057
f  346 331 347
f  345 1057 1056
f  328 348 347
f  1090 314 1270
f  1103 344 1148
f  1148 345 1056
f  767 76 292
f  1082 149 1244
f  1387 1063 348
f  78 1267 444
f  1063 1060 362
f  317 328 340
f  78 1259 1270
f  1082 762 661
f  340 1150 318
f  328 317 1389
f  1389 317 318
f  323 318 320
f  149 1090 1283
f  444 762 1244
f  331 328 347
f  345 344 346
f  331 1103 340
f  344 1103 331
f  1283 1270 1244
f  351 350 347
f  362 351 348
f  348 328 1389
f  328 331 340
f  346 350 345
f  1220 773 1212
f  362 1060 350
f  317 340 318
f  318 1150 320
f  56 1246 1247
f  373 395 1332
f  1214 1054 1212
f  1111 380 373
f  375 377 1101
f  323 1389 318
f  767 78 76
f  331 346 344
f  382 1247 1251
f  1251 394 382
f  1251 397 394
f  767 1267 78
f  1054 1228 1212
f  1054 754 110
f  1228 1239 110
f  350 346 347
f  351 347 348
f  1259 78 444
f  1056 397 1251
f  362 350 351
f  375 1101 1350
f  1082 1244 762
f  773 746 392
f  1244 1259 444
f  1098 56 1247
f  395 396 1332
f  1111 373 1332
f  377 1341 1101
f  373 375 382
f  1341 377 380
f  1098 1247 375
f  1214 386 649
f  1214 743 386
f  773 392 1212
f  377 375 373
f  1212 389 1214
f  1228 1220 1212
f  1202 179 708
f  396 395 394
f  422 454 988
f  110 1239 1054
f  1186 1195 1193
f  1186 1193 1192
f  1054 1239 1228
f  382 395 373
f  1186 1169 1202
f  392 389 1212
f  382 375 1247
f  1240 1242 468
f  375 1350 1098
f  1310 1240 418
f  1238 1310 421
f  1238 422 991
f  1214 389 743
f  1175 1169 1192
f  380 377 373
f  32 456 1022
f  395 382 394
f  1216 988 454
f  397 396 394
f  32 1216 456
f  1242 470 468
f  991 422 988
f  1240 468 418
f  122 1203 1202
f  418 421 1310
f  432 466 1024
f  466 468 1025
f  1238 421 422
f  1013 1238 991
f  468 470 1026
f  1027 470 1285
f  431 426 400
f  1195 1186 120
f  1169 1186 1192
f  866 723 1175
f  1202 1203 1186
f  744 1175 723
f  1216 454 446
f  422 404 454
f  1216 446 456
f  418 404 422
f  194 131 129
f  129 1146 1164
f  1285 470 1242
f  1164 1135 194
f  468 400 418
f  1024 466 1025
f  422 421 418
f  1152 1146 1155
f  1130 1164 1152
f  1025 468 1026
f  1026 470 1027
f  446 454 426
f  1285 1237 1027
f  938 1139 1134
f  956 1135 1139
f  432 1022 431
f  404 400 426
f  446 431 456
f  468 466 400
f  400 432 431
f  744 1169 1175
f  493 473 1016
f  1202 1169 744
f  404 426 454
f  744 179 1202
f  1232 488 493
f  418 400 404
f  431 446 426
f  456 431 1022
f  432 400 466
f  708 122 1202
f  122 120 1203
f  1207 708 179
f  473 510 1016
f  942 943 1020
f  703 1155 705
f  493 1016 1015
f  702 1152 703
f  1155 1149 790
f  1224 493 1015
f  1236 524 521
f  809 188 699
f  938 701 188
f  488 1232 480
f  938 956 1139
f  1232 493 1224
f  509 940 942
f  701 1134 702
f  939 940 509
f  1011 939 526
f  524 937 1011
f  1020 1019 942
f  524 1237 937
f  496 514 497
f  971 1020 943
f  521 517 514
f  1236 521 480
f  1237 524 1236
f  509 526 939
f  526 524 1011
f  485 1104 680
f  488 496 473
f  120 1186 1203
f  1094 1126 680
f  480 521 514
f  496 497 507
f  514 509 507
f  496 510 473
f  514 496 480
f  1019 510 496
f  942 1019 507
f  526 509 514
f  524 526 517
f  1120 1106 1124
f  1126 1124 1106
f  2 1328 363
f  488 480 496
f  1297 1124 1328
f  1124 1297 1120
f  1126 1094 363
f  493 488 473
f  1175 1192 1193
f  129 1164 194
f  507 497 514
f  1164 1130 1135
f  1106 682 169
f  691 682 134
f  1003 1002 542
f  1120 134 1106
f  1019 496 507
f  547 542 1001
f  1094 1104 485
f  942 507 509
f  678 485 680
f  514 517 526
f  680 1126 169
f  524 517 521
f  1073 1070 1090
f  1146 1149 1155
f  1179 546 547
f  1224 547 1000
f  542 1002 1001
f  547 1001 1000
f  1179 1227 545
f  1013 549 551
f  1179 545 546
f  1179 547 1224
f  1013 551 548
f  740 1071 1064
f  1164 1146 1152
f  1071 1070 1064
f  1013 1213 549
f  573 562 1229
f  1070 1073 1064
f  579 573 1229
f  562 1227 1229
f  579 1229 1230
f  579 1007 578
f  701 938 1134
f  1007 579 1230
f  581 532 531
f  570 581 531
f  1007 1230 621
f  1213 1003 532
f  548 581 570
f  1139 1135 1134
f  572 531 545
f  314 1090 378
f  532 537 545
f  1071 378 1070
f  537 532 1003
f  545 1227 572
f  1135 1130 1134
f  1082 661 660
f  546 537 542
f  570 531 572
f  549 1213 532
f  1227 562 572
f  573 572 562
f  570 572 577
f  1146 129 1149
f  577 548 570
f  1064 659 658
f  1073 660 659
f  572 573 578
f  1054 1014 393
f  545 531 532
f  1014 1053 393
f  1063 599 1060
f  1219 598 1060
f  956 194 1135
f  537 1003 542
f  546 545 537
f  1214 1039 1055
f  546 542 547
f  581 549 532
f  1038 1036 1023
f  1023 1036 1053
f  614 619 945
f  790 705 1155
f  605 614 950
f  1053 1014 1023
f  548 551 581
f  703 1152 1155
f  1014 1039 1018
f  702 1130 1152
f  1056 605 950
f  619 583 1086
f  549 581 551
f  578 577 572
f  1014 1055 1039
f  944 619 958
f  573 579 578
f  583 598 1219
f  583 614 603
f  1054 393 754
f  1219 1060 599
f  701 699 188
f  949 614 945
f  649 641 1214
f  638 1039 641
f  614 949 950
f  583 603 606
f  1057 605 1056
f  1214 1055 1054
f  1134 1130 702
f  619 1086 1222
f  598 583 606
f  393 1053 1036
f  22 1038 637
f  1023 638 637
f  614 605 1057
f  1173 1009 1174
f  1171 1006 1173
f  619 1222 958
f  945 619 944
f  958 47 944
f  1104 1094 680
f  1328 1126 363
f  1328 1124 1126
f  995 962 987
f  606 1060 598
f  979 983 989
f  619 614 616
f  134 682 1106
f  966 972 969
f  603 614 1057
f  606 603 1057
f  639 634 1075
f  614 583 616
f  619 616 583
f  1171 983 979
f  1106 169 1126
f  1076 1061 639
f  922 646 892
f  1006 1171 964
f  643 646 922
f  1369 1370 650
f  1356 1369 650
f  1354 1356 650
f  1354 643 922
f  634 1370 1075
f  639 1075 1076
f  148 1174 196
f  1009 197 196
f  1006 198 197
f  1008 49 936
f  995 997 936
f  639 1211 636
f  1061 1211 639
f  1354 650 643
f  1008 983 1170
f  922 46 1354
f  46 966 1123
f  46 972 966
f  890 969 972
f  890 198 969
f  634 636 1215
f  681 1215 944
f  1123 962 995
f  674 679 892
f  944 47 681
f  643 650 634
f  634 688 643
f  643 688 669
f  646 643 669
f  953 948 925
f  1073 1090 149
f  1090 1070 378
f  634 650 1370
f  892 646 669
f  1082 1073 149
f  634 639 636
f  740 1064 658
f  674 892 669
f  1064 1073 659
f  1082 660 1073
f  353 928 925
f  674 688 1215
f  956 938 935
f  674 669 688
f  688 634 1215
f  679 674 1215
f  710 709 706
f  714 709 711
f  586 959 935
f  712 720 1205
f  131 194 576
f  681 679 1215
f  1205 720 709
f  709 710 711
f  714 711 43
f  724 866 710
f  586 928 352
f  1205 709 714
f  272 1208 712
f  1023 1014 1018
f  1055 1014 1054
f  953 938 188
f  706 724 710
f  1208 179 744
f  272 712 1205
f  353 930 587
f  1208 1209 1207
f  1207 179 1208
f  1208 720 712
f  744 720 731
f  594 930 180
f  720 706 709
f  206 909 356
f  898 887 206
f  893 354 909
f  641 1039 1214
f  722 720 744
f  724 706 722
f  275 908 901
f  723 866 722
f  916 203 901
f  1038 1023 637
f  1023 1018 638
f  1039 638 1018
f  1006 1009 1173
f  995 989 997
f  893 887 894
f  763 618 620
f  720 722 706
f  772 620 621
f  744 723 722
f  1198 763 1197
f  866 724 722
f  720 1208 731
f  1197 772 1196
f  744 731 1208
f  618 761 789
f  763 761 618
f  772 763 620
f  206 356 157
f  703 805 702
f  705 794 703
f  1198 770 763
f  763 772 1197
f  621 1196 772
f  615 789 782
f  203 193 275
f  790 615 782
f  234 764 770
f  705 790 794
f  789 615 618
f  234 1201 806
f  702 805 701
f  337 238 574
f  701 806 699
f  354 893 894
f  995 987 989
f  574 894 887
f  755 753 776
f  962 966 987
f  213 879 885
f  809 806 1201
f  255 886 879
f  805 806 701
f  809 699 806
f  564 555 873
f  794 814 753
f  814 776 753
f  795 753 755
f  869 882 873
f  795 794 753
f  234 755 764
f  234 795 755
f  761 776 789
f  252 869 865
f  761 755 776
f  983 997 989
f  989 987 979
f  869 879 882
f  979 987 966
f  755 761 764
f  770 764 761
f  770 761 763
f  782 776 814
f  782 814 794
f  703 794 795
f  805 795 234
f  886 257 213
f  969 198 964
f  789 776 782
f  966 969 979
f  790 782 794
f  255 860 254
f  805 703 795
f  408 823 852
f  825 823 408
f  840 825 410
f  234 806 805
f  969 964 979
f  198 1006 964
f  1191 835 825
f  252 865 467
f  1171 979 964
f  825 408 410
f  825 840 1190
f  1191 825 1190
f  869 555 554
f  840 1189 1190
f  1189 840 47
f  624 862 625
f  849 854 21
f  622 853 855
f  852 405 408
f  622 855 624
f  405 852 846
f  853 405 846
f  204 828 835
f  204 1194 863
f  625 862 626
f  626 863 628
f  866 863 1194
f  862 863 626
f  866 628 863
f  818 815 842
f  868 842 815
f  855 868 815
f  4 839 850
f  856 855 815
f  204 856 818
f  823 842 852
f  856 815 818
f  204 818 828
f  818 823 828
f  823 818 842
f  1174 1009 196
f  1009 1006 197
f  624 855 856
f  862 856 204
f  854 433 21
f  936 997 1008
f  835 828 823
f  835 823 825
f  536 4 544
f  846 842 868
f  4 536 463
f  846 868 855
f  852 842 846
f  1008 997 983
f  853 846 855
f  484 474 538
f  484 538 261
f  1183 1184 94
f  862 624 856
f  204 863 862
f  463 533 839
f  1171 1170 983
f  890 46 922
f  892 888 922
f  792 819 807
f  679 872 892
f  46 890 972
f  803 225 595
f  890 907 198
f  94 98 903
f  914 903 1187
f  966 962 1123
f  98 1187 903
f  602 511 797
f  914 1187 229
f  797 792 802
f  197 907 911
f  803 602 802
f  196 911 914
f  229 148 914
f  225 802 800
f  198 907 197
f  197 911 196
f  883 888 892
f  196 914 148
f  925 935 938
f  1183 883 872
f  930 353 925
f  829 148 229
f  229 228 829
f  892 872 883
f  800 807 228
f  883 1183 94
f  888 907 890
f  959 956 935
f  67 853 595
f  911 883 94
f  925 948 930
f  1183 872 679
f  907 888 911
f  1183 679 681
f  925 586 935
f  925 928 586
f  511 265 266
f  194 959 576
f  922 888 890
f  934 918 927
f  929 621 934
f  194 956 959
f  888 883 911
f  911 94 903
f  621 113 934
f  241 788 786
f  693 951 974
f  586 576 959
f  911 903 914
f  927 929 934
f  696 491 766
f  924 1298 951
f  692 1237 924
f  809 953 188
f  121 931 113
f  121 123 973
f  113 931 934
f  981 973 1180
f  458 457 766
f  953 925 938
f  974 695 693
f  697 974 976
f  491 458 766
f  697 976 981
f  335 1207 981
f  693 692 951
f  965 917 121
f  951 918 919
f  1298 918 951
f  917 919 121
f  951 692 924
f  587 930 594
f  934 931 919
f  123 1180 973
f  981 1180 335
f  695 974 697
f  697 981 1207
f  707 696 210
f  919 917 951
f  951 917 965
f  353 352 928
f  951 965 974
f  930 948 180
f  356 909 354
f  918 934 919
f  931 121 919
f  887 909 206
f  974 965 976
f  490 458 491
f  916 898 206
f  610 990 986
f  1008 990 609
f  887 893 909
f  203 275 901
f  898 901 908
f  901 898 916
f  121 976 965
f  1037 809 610
f  976 121 973
f  486 741 715
f  976 973 981
f  990 610 609
f  1008 609 49
f  1170 990 1008
f  986 1037 610
f  1173 1065 1171
f  1065 399 1059
f  738 735 757
f  741 757 715
f  1065 1173 1174
f  894 574 238
f  148 399 1065
f  721 757 311
f  148 1065 1174
f  1171 1065 1017
f  887 898 908
f  886 885 879
f  1059 1017 1052
f  1171 1017 1170
f  990 1170 986
f  213 882 879
f  879 860 255
f  260 721 311
f  555 869 873
f  479 751 265
f  1031 1017 1059
f  1017 986 1170
f  486 479 478
f  1017 1031 986
f  1059 1032 1031
f  809 1037 1031
f  1017 1065 1052
f  738 250 285
f  1037 986 1031
f  285 311 735
f  1032 809 1031
f  252 860 869
f  478 738 739
f  721 260 490
f  1059 1052 1065
f  869 860 879
f  1046 1092 1047
f  718 715 721
f  1047 1148 1048
f  696 707 704
f  696 704 700
f  5 8 1105
f  1103 1148 1083
f  1112 8 9
f  1150 1109 1112
f  1047 1092 1148
f  1148 1056 1048
f  1105 1102 5
f  1112 1105 8
f  1153 9 1132
f  718 684 676
f  696 718 491
f  1150 1103 1109
f  718 700 663
f  1042 1127 1044
f  16 1102 1129
f  715 676 684
f  213 885 886
f  1300 1129 1131
f  1153 1112 9
f  52 1131 1042
f  1042 1131 1127
f  16 5 1102
f  1103 1083 1133
f  1100 1103 1133
f  1113 1133 1078
f  1046 1044 1113
f  500 707 601
f  1300 16 1129
f  1083 1092 1046
f  499 700 500
f  873 882 213
f  1092 1083 1148
f  1103 1100 1109
f  751 665 265
f  52 1300 1131
f  486 684 751
f  1083 1078 1133
f  1112 1109 1105
f  665 684 663
f  1133 1113 1127
f  252 254 860
f  1044 1127 1113
f  1100 1133 1116
f  1127 1129 1116
f  1100 1116 1102
f  1113 1078 1083
f  1144 1159 1218
f  666 670 819
f  1046 1113 1083
f  443 829 670
f  865 869 554
f  4 850 220
f  1105 1100 1102
f  792 797 663
f  1143 11 1142
f  21 220 849
f  1100 1105 1109
f  1287 1162 1288
f  1127 1116 1133
f  839 4 463
f  1185 1165 1166
f  52 83 1166
f  666 663 499
f  1129 1102 1116
f  1127 1131 1129
f  220 850 839
f  11 1163 1142
f  133 500 601
f  220 839 849
f  261 839 484
f  849 839 261
f  1288 1178 1290
f  1144 1218 1143
f  1137 1144 1142
f  484 839 533
f  1147 1144 1178
f  807 800 802
f  1160 1159 1147
f  441 148 829
f  829 443 441
f  1162 1160 1288
f  803 802 225
f  83 1290 1185
f  663 797 665
f  797 802 602
f  665 266 265
f  1132 1245 1255
f  7 15 1245
f  83 1185 1166
f  802 792 807
f  7 1245 1132
f  1159 1160 1253
f  1144 1137 1178
f  1160 1162 1253
f  1287 1253 1162
f  819 829 228
f  640 498 631
f  1178 1137 1165
f  807 819 228
f  1137 1163 1165
f  1142 1163 1137
f  1144 1143 1142
f  15 12 1218
f  1178 1288 1147
f  1144 1147 1159
f  1160 1147 1288
f  648 633 631
f  1185 1178 1165
f  225 67 595
f  1178 1185 1290
f  651 648 478
f  1143 12 11
f  266 797 511
f  786 766 241
f  696 775 210
f  607 479 265
f  1255 1245 1218
f  766 775 696
f  786 209 775
f  1255 1250 1253
f  775 766 786
f  651 478 479
f  766 457 241
f  210 601 707
f  1143 1218 12
f  1250 1255 1218
f  474 640 508
f  1218 1159 1253
f  508 633 648
f  210 775 209
f  738 617 250
f  260 459 490
f  458 490 459
f  100 1280 1266
f  1218 1245 15
f  1088 1269 1084
f  607 511 596
f  511 602 596
f  721 715 757
f  1084 1280 56
f  1301 1289 1119
f  1284 1305 1286
f  595 565 558
f  1286 1119 1076
f  1253 1250 1218
f  803 595 593
f  591 600 593
f  739 741 486
f  508 580 518
f  584 580 508
f  1301 1277 1258
f  159 1289 1301
f  738 757 739
f  1266 1277 1303
f  602 803 600
f  1269 1260 1258
f  558 568 591
f  735 311 757
f  757 741 739
f  580 584 596
f  100 1266 1303
f  486 751 479
f  1280 1273 1266
f  265 511 607
f  1084 1269 1266
f  1088 1260 1269
f  739 486 478
f  1303 1277 1284
f  285 735 738
f  1111 1308 1340
f  853 565 595
f  1084 1273 1280
f  718 721 491
f  1111 1311 1308
f  718 696 700
f  1096 1322 1316
f  1119 1305 1301
f  1284 100 1303
f  518 474 508
f  663 684 718
f  648 584 508
f  1284 1301 1305
f  518 580 568
f  396 397 1336
f  558 565 26
f  1286 1305 1119
f  1277 1269 1258
f  1301 1258 159
f  1277 1266 1269
f  557 556 540
f  397 1056 1338
f  718 676 715
f  1279 1278 1338
f  721 490 491
f  1316 1322 1329
f  1260 1265 1258
f  1264 159 1258
f  1265 1264 1258
f  557 525 535
f  535 525 538
f  1266 1273 1084
f  500 704 707
f  543 540 556
f  500 700 704
f  1312 1329 1337
f  1311 1331 1306
f  684 665 751
f  1301 1284 1277
f  715 684 486
f  1308 1322 1340
f  700 499 663
f  133 666 499
f  26 565 853
f  1332 1311 1111
f  829 819 670
f  663 657 792
f  666 657 663
f  1275 1265 1316
f  1096 1340 1322
f  666 443 670
f  792 657 666
f  525 540 849
f  433 854 543
f  1337 1336 1338
f  543 556 26
f  1316 1097 1096
f  1260 1340 1096
f  568 535 518
f  568 558 535
f  1260 1096 1097
f  443 666 133
f  1265 1097 1316
f  523 520 498
f  1332 396 1336
f  1338 1336 397
f  1278 1337 1338
f  498 520 487
f  1056 1279 1338
f  1265 1260 1097
f  1322 1306 1331
f  1331 1329 1322
f  133 499 500
f  1308 1306 1322
f  1340 380 1111
f  819 792 666
f  495 250 498
f  1312 1316 1329
f  1337 1275 1312
f  464 495 519
f  1308 1311 1306
f  1331 1311 1332
f  1316 1312 1275
f  1352 1088 1084
f  797 266 665
f  1098 1084 56
f  1331 1337 1329
f  519 487 520
f  1331 1332 1336
f  631 633 640
f  478 631 498
f  1337 1331 1336
f  481 520 523
f  478 648 631
f  640 474 523
f  1260 1088 1352
f  617 478 498
f  1341 1352 1101
f  648 651 607
f  1340 1260 1352
f  464 506 513
f  513 529 467
f  479 607 651
f  481 529 513
f  640 633 508
f  1340 1341 380
f  1352 1084 1101
f  1084 1350 1101
f  478 617 738
f  495 464 462
f  1098 1350 1084
f  477 482 484
f  250 617 498
f  602 600 596
f  477 481 482
f  596 600 591
f  915 1354 46
f  1340 1352 1341
f  233 1268 1364
f  1268 191 1372
f  471 465 463
f  1372 191 1076
f  1370 1371 1075
f  1075 1372 1076
f  481 449 452
f  558 593 595
f  452 449 447
f  477 465 449
f  1118 1382 1377
f  1271 233 1374
f  1374 1385 1271
f  1271 1118 1272
f  591 593 558
f  600 803 593
f  1364 1366 1374
f  912 1377 1376
f  580 591 568
f  1372 1364 1268
f  484 523 474
f  1369 1356 1366
f  484 533 477
f  1354 1359 1375
f  591 580 596
f  482 481 523
f  913 1376 1359
f  1075 1371 1372
f  1354 915 1359
f  541 471 475
f  1271 1385 1118
f  544 475 536
f  596 648 607
f  1370 1369 1366
f  1118 971 1272
f  460 467 529
f  1375 1374 1366
f  1370 1364 1371
f  1375 1376 1382
f  1382 1385 1374
f  452 447 541
f  1366 1354 1375
f  1356 1354 1366
f  1385 1382 1118
f  1407 65 1050
f  436 440 66
f  66 438 436
f  596 584 648
f  1364 1374 233
f  1376 1375 1359
f  427 886 429
f  913 912 1376
f  915 913 1359
f  1388 1050 1049
f  1077 224 1396
f  1077 1049 52
f  1063 1412 1410
f  1370 1366 1364
f  1372 1371 1364
f  66 427 438
f  436 438 429
f  1374 1375 1382
f  452 436 429
f  1377 1382 1376
f  1050 1388 1407
f  1396 1388 1049
f  65 1407 1412
f  557 558 26
f  1077 1396 1049
f  26 556 557
f  1414 1081 1272
f  1414 1263 1262
f  475 544 430
f  440 541 475
f  1412 1407 1410
f  307 1263 1414
f  1272 307 1417
f  1414 1080 1081
f  1272 1417 1414
f  525 557 540
f  1388 1390 1406
f  1414 1417 307
f  1390 1402 1406
f  543 854 540
f  1414 1390 1080
f  268 1402 1390
f  460 252 467
f  460 254 252
f  1388 1406 1407
f  268 1390 1262
f  1390 1388 224
f  407 385 409
f  224 1080 1390
f  1388 1396 224
f  1407 1406 1402
f  1407 1402 1409
f  268 1410 1409
f  1407 1409 1410
f  1255 1253 1403
f  1409 1402 268
f  854 849 540
f  849 261 525
f  385 450 401
f  1398 323 1252
f  1414 1262 1390
f  1253 1416 1403
f  1253 1287 1416
f  538 474 518
f  535 538 518
f  558 557 535
f  403 450 385
f  385 464 411
f  525 261 538
f  1389 323 1398
f  1252 1400 1398
f  1398 1255 1403
f  513 506 519
f  1132 1255 1400
f  1132 1400 1252
f  407 409 411
f  513 467 411
f  1386 1063 1387
f  411 464 513
f  1408 1154 1399
f  506 464 519
f  498 487 495
f  450 403 451
f  1398 1408 1399
f  1416 1408 1403
f  1154 31 1399
f  487 519 495
f  250 462 401
f  401 462 464
f  519 520 481
f  291 250 401
f  1154 1408 1416
f  1398 1403 1408
f  1398 1400 1255
f  498 640 523
f  513 519 481
f  1389 1399 31
f  370 367 376
f  250 495 462
f  564 563 555
f  1287 1154 1416
f  31 1158 1389
f  1398 1399 1389
f  1387 1158 1386
f  1387 1389 1158
f  1363 1042 1044
f  1042 1363 52
f  1362 1251 1247
f  1363 1368 1117
f  1246 1360 1247
f  465 477 463
f  1115 1361 1360
f  1047 1348 1046
f  1348 1047 1048
f  1339 1334 1251
f  1251 1334 1048
f  1044 1365 1363
f  481 477 449
f  1362 1339 1251
f  1360 1362 1247
f  865 411 467
f  1347 1378 1348
f  865 554 376
f  555 379 554
f  1115 1117 1361
f  1348 1378 1044
f  372 407 411
f  465 447 449
f  1381 1117 1368
f  533 463 477
f  1044 1046 1348
f  1044 1378 1365
f  1365 1368 1363
f  523 484 482
f  1361 1381 1339
f  407 369 337
f  1048 1056 1251
f  1360 1361 1362
f  1117 1381 1361
f  465 471 541
f  541 447 465
f  364 361 425
f  1334 1339 1347
f  1348 1048 1347
f  364 358 361
f  578 1007 1304
f  475 471 536
f  356 355 136
f  463 536 471
f  1326 929 927
f  621 929 1007
f  333 357 355
f  1381 1378 1347
f  1381 1347 1339
f  333 334 559
f  1378 1381 1368
f  1319 1242 1240
f  1299 1310 1238
f  1365 1378 1368
f  577 578 1304
f  548 577 1299
f  333 354 334
f  1339 1362 1361
f  548 1299 1013
f  1293 1298 924
f  1285 924 1237
f  918 1298 1325
f  1326 1325 1321
f  1326 1321 1304
f  1048 1334 1347
f  1320 1292 1319
f  136 357 364
f  452 460 529
f  563 564 361
f  358 559 563
f  356 419 157
f  529 481 452
f  354 355 356
f  1325 1326 927
f  136 419 356
f  440 430 66
f  1007 1326 1304
f  1321 1320 1315
f  1315 1319 1310
f  1304 1315 1299
f  1298 1293 1295
f  427 429 438
f  894 238 334
f  334 354 894
f  1326 1007 929
f  567 329 290
f  321 322 329
f  1319 1292 1242
f  1310 1319 1240
f  1285 1320 1295
f  311 299 571
f  32 1022 1261
f  32 1261 994
f  577 1304 1299
f  430 440 475
f  1013 1299 1238
f  1224 1248 1232
f  1223 1248 999
f  322 288 291
f  1285 1293 924
f  1241 1024 1025
f  1242 1292 1285
f  1233 1025 1026
f  1233 1026 1027
f  285 321 311
f  480 1234 1236
f  1236 1233 1237
f  541 440 436
f  1320 1321 1325
f  886 255 429
f  1281 1282 1254
f  927 918 1325
f  567 451 337
f  429 255 254
f  569 329 567
f  257 886 427
f  1256 1257 480
f  451 567 450
f  1282 1274 1241
f  1315 1320 1319
f  1304 1321 1315
f  1310 1299 1315
f  1325 1295 1320
f  569 571 299
f  1325 1298 1295
f  1261 1281 1276
f  1241 1274 432
f  1022 1274 1282
f  1285 1292 1320
f  291 285 250
f  1285 1295 1293
f  1276 994 1261
f  1249 1282 1257
f  1241 432 1024
f  253 887 263
f  1248 1257 1256
f  1248 1223 1249
f  1257 1243 1235
f  480 1232 1256
f  1232 1248 1256
f  275 264 263
f  1241 1234 1235
f  1226 1276 1254
f  1226 1254 1223
f  260 571 227
f  569 264 571
f  1233 1234 1241
f  1224 999 1248
f  569 256 264
f  569 253 256
f  480 1235 1234
f  1233 1241 1025
f  1003 1223 1002
f  1223 1001 1002
f  1001 1223 1000
f  1224 1000 999
f  1236 1234 1233
f  1237 1233 1027
f  1241 1243 1282
f  1282 1243 1257
f  452 541 436
f  887 253 574
f  1216 994 1276
f  994 1216 32
f  460 452 254
f  567 253 569
f  254 452 429
f  411 409 385
f  273 275 193
f  1003 1213 991
f  1254 1276 1281
f  291 401 450
f  1276 1226 1231
f  1282 1281 1261
f  407 403 385
f  1226 1223 1225
f  1225 1223 1003
f  1022 432 1274
f  1261 1022 1282
f  264 273 582
f  1249 1254 1282
f  1257 1248 1249
f  407 337 451
f  988 1216 1217
f  273 192 243
f  1254 1249 1223
f  403 407 451
f  1276 1217 1216
f  464 385 401
f  1013 991 1213
f  1019 1210 510
f  379 370 376
f  1235 1243 1241
f  1206 980 1138
f  480 1257 1235
f  971 980 1020
f  1224 1177 1179
f  1016 1177 1015
f  1223 999 1000
f  1015 1177 1224
f  1199 984 1168
f  1157 984 985
f  1229 1167 1176
f  231 226 243
f  1176 1161 1229
f  1161 1157 1230
f  1230 985 621
f  1204 1156 1188
f  1176 1182 1188
f  367 372 376
f  1199 1168 1206
f  1176 1167 1182
f  1200 1204 1210
f  1206 1204 1200
f  991 1221 1003
f  1231 1221 1276
f  1221 1231 1225
f  1019 1020 1200
f  241 192 412
f  1225 1231 1226
f  1210 1182 1181
f  563 379 555
f  1221 1225 1003
f  227 582 226
f  226 582 273
f  1181 1227 1179
f  458 459 226
f  457 458 231
f  1221 988 1217
f  370 379 563
f  503 216 218
f  1016 1181 1177
f  1221 1217 1276
f  991 988 1221
f  559 370 563
f  1172 1161 1176
f  1016 510 1210
f  372 367 368
f  210 209 218
f  1138 1199 1206
f  1157 1161 1168
f  143 199 786
f  1151 1138 980
f  370 368 367
f  218 209 199
f  980 1206 1020
f  1151 970 968
f  559 368 370
f  376 411 865
f  554 379 376
f  984 1125 985
f  985 978 621
f  1136 968 967
f  411 376 372
f  1168 984 1157
f  337 369 559
f  502 587 588
f  589 503 588
f  1227 1167 1229
f  1136 1141 1145
f  1151 1141 1140
f  1151 1140 1138
f  1230 1229 1161
f  368 369 407
f  407 372 368
f  1230 1157 985
f  210 592 601
f  1172 1156 1204
f  1188 1156 1176
f  1172 1176 1156
f  559 369 368
f  1140 1141 1125
f  1168 1172 1206
f  1210 1204 1188
f  1125 1199 1138
f  364 357 358
f  267 251 1136
f  333 355 354
f  912 913 1121
f  357 136 355
f  559 358 333
f  1204 1206 1172
f  1210 1019 1200
f  1123 915 46
f  971 1118 970
f  1121 1377 912
f  357 333 358
f  564 425 361
f  968 1108 967
f  995 1128 967
f  361 358 563
f  49 1128 936
f  559 334 337
f  1020 1206 1200
f  1210 1188 1182
f  1181 1182 1167
f  1167 1227 1181
f  1181 1016 1210
f  176 167 216
f  1179 1177 1181
f  1108 968 1121
f  1168 1161 1172
f  337 334 238
f  322 290 329
f  1123 1110 1114
f  311 321 299
f  167 594 180
f  176 588 587
f  176 589 588
f  216 589 176
f  1121 968 1122
f  321 569 299
f  1118 1377 1122
f  1114 1110 1108
f  953 809 153
f  948 953 170
f  167 180 948
f  288 285 291
f  592 170 601
f  291 290 322
f  592 216 167
f  285 288 321
f  980 971 1151
f  170 132 601
f  322 321 288
f  968 1145 1151
f  1151 971 970
f  963 217 1095
f  984 1199 1125
f  1125 978 985
f  1136 1145 968
f  1128 1136 967
f  49 267 1128
f  144 399 441
f  583 1219 1091
f  1087 1219 599
f  133 601 128
f  128 601 132
f  128 132 130
f  1063 1087 599
f  569 321 329
f  128 150 144
f  249 1087 1063
f  960 1222 961
f  567 290 450
f  571 260 311
f  153 150 130
f  1141 1151 1145
f  1222 960 958
f  1138 1140 1125
f  1095 1099 1093
f  809 1032 153
f  1086 1089 1093
f  1059 153 1032
f  291 450 290
f  1125 1141 251
f  1141 1136 251
f  1136 1128 267
f  1114 1121 913
f  1067 1107 1093
f  1095 217 1099
f  443 145 144
f  913 915 1114
f  995 1110 1123
f  887 908 263
f  275 273 264
f  275 263 908
f  970 1122 968
f  1118 1122 970
f  1089 1091 1087
f  133 128 443
f  1089 245 286
f  264 256 263
f  264 227 571
f  1072 164 178
f  123 338 336
f  1074 1079 949
f  1056 950 178
f  1051 636 1211
f  158 1061 1041
f  1041 1061 1076
f  944 1043 945
f  1108 995 967
f  636 1045 1215
f  1128 995 936
f  1215 1043 944
f  1072 1079 1085
f  253 263 256
f  915 1123 1114
f  99 102 103
f  121 113 119
f  337 574 253
f  337 253 567
f  1377 1121 1122
f  123 103 338
f  123 99 103
f  1121 1114 1108
f  102 99 112
f  1110 995 1108
f  1079 1074 1085
f  1180 336 335
f  1062 1072 1085
f  1069 1107 1067
f  1095 1107 1069
f  1085 1058 1068
f  1095 43 963
f  1058 1051 1066
f  620 113 621
f  113 620 618
f  43 1095 1069
f  158 1062 1068
f  158 1066 1061
f  1058 1085 1045
f  107 615 790
f  227 264 582
f  1087 1091 1219
f  107 339 103
f  192 231 243
f  952 1040 308
f  615 114 618
f  1012 942 940
f  231 192 241
f  942 952 943
f  98 800 228
f  308 1030 1021
f  273 243 226
f  1021 904 43
f  1012 940 939
f  1010 1011 937
f  249 245 1087
f  1010 937 1237
f  247 200 273
f  1086 583 1091
f  192 273 200
f  193 247 273
f  788 241 412
f  231 241 457
f  58 60 61
f  94 77 91
f  260 227 459
f  1093 1099 1086
f  1222 1086 1099
f  98 61 800
f  98 58 61
f  961 1222 1099
f  60 58 75
f  1107 1095 1093
f  459 227 226
f  1187 228 229
f  226 231 458
f  942 1040 952
f  592 210 218
f  217 961 1099
f  1089 1067 1093
f  681 47 840
f  840 410 82
f  408 77 410
f  1086 1091 1089
f  1183 681 82
f  77 1184 1183
f  94 1184 77
f  67 405 853
f  143 503 199
f  286 1067 1089
f  67 225 61
f  1087 245 1089
f  209 786 199
f  405 81 408
f  503 218 199
f  297 54 44
f  387 45 54
f  1021 1030 1035
f  905 904 1021
f  503 502 588
f  384 433 543
f  543 24 34
f  589 216 503
f  34 45 384
f  1062 164 1072
f  1079 1072 178
f  592 218 216
f  27 24 28
f  42 34 27
f  73 982 71
f  788 143 786
f  945 1074 949
f  1079 950 949
f  950 1079 178
f  992 2 287
f  1211 1066 1051
f  1061 1066 1211
f  977 954 899
f  982 1005 977
f  1005 998 996
f  945 1045 1074
f  866 390 628
f  297 626 390
f  1043 1045 945
f  297 387 54
f  587 594 176
f  167 176 594
f  626 44 625
f  1005 996 1004
f  153 132 170
f  636 1051 1045
f  1045 1043 1215
f  1004 292 954
f  153 170 953
f  170 167 948
f  73 992 998
f  624 28 622
f  287 998 993
f  625 27 624
f  28 26 853
f  167 170 592
f  975 977 955
f  184 182 20
f  14 19 20
f  955 878 70
f  1068 1062 1085
f  1066 1068 1058
f  1059 150 153
f  10 6 4
f  4 1 14
f  144 150 1059
f  14 13 10
f  158 1068 1066
f  292 957 954
f  21 17 19
f  19 14 220
f  955 1317 1314
f  150 128 130
f  954 947 899
f  1085 1074 1045
f  955 1314 878
f  144 145 128
f  1051 1058 1045
f  1012 1030 308
f  1040 1012 308
f  897 881 926
f  952 971 943
f  1317 933 889
f  1059 399 144
f  947 933 955
f  22 630 182
f  632 20 630
f  153 130 132
f  954 957 947
f  441 443 144
f  957 946 947
f  1012 939 1011
f  4 6 544
f  148 441 399
f  905 1035 1010
f  544 6 10
f  941 933 947
f  941 946 932
f  900 897 932
f  1012 1040 942
f  443 128 145
f  897 926 932
f  21 433 17
f  119 123 121
f  220 1 4
f  810 274 923
f  1012 1035 1030
f  1035 905 1021
f  1010 1035 1012
f  1010 1012 1011
f  1004 996 287
f  1270 314 810
f  957 910 900
f  33 35 30
f  1270 920 78
f  76 957 292
f  902 274 276
f  544 10 36
f  13 37 10
f  37 13 39
f  902 276 801
f  287 993 992
f  39 48 37
f  30 35 638
f  123 119 99
f  37 33 29
f  977 1005 954
f  113 112 119
f  112 114 102
f  955 977 899
f  274 902 921
f  39 33 48
f  982 975 71
f  107 103 102
f  638 39 637
f  70 71 975
f  119 112 99
f  39 632 630
f  921 920 923
f  1180 123 336
f  1005 982 998
f  910 957 76
f  910 921 906
f  112 113 618
f  30 638 641
f  618 114 112
f  897 900 906
f  897 902 881
f  954 1005 1004
f  306 874 304
f  874 875 895
f  645 644 36
f  37 29 645
f  374 50 53
f  998 982 73
f  50 51 55
f  55 72 53
f  287 996 998
f  338 103 339
f  884 1309 280
f  68 884 280
f  615 107 102
f  51 427 57
f  69 72 427
f  992 993 998
f  644 69 430
f  69 644 645
f  102 114 615
f  875 878 880
f  975 982 977
f  70 975 955
f  91 98 94
f  877 284 1309
f  284 877 878
f  896 891 895
f  955 933 1317
f  98 91 58
f  947 955 899
f  77 75 91
f  889 933 932
f  889 932 926
f  889 926 881
f  75 81 60
f  67 61 60
f  30 649 374
f  53 29 30
f  91 75 58
f  1335 895 891
f  257 427 59
f  874 895 1335
f  900 946 957
f  1187 98 228
f  1309 884 896
f  840 82 681
f  77 82 410
f  430 544 644
f  884 68 1335
f  75 77 408
f  408 81 75
f  82 77 1183
f  225 800 61
f  405 67 60
f  947 946 941
f  946 900 932
f  837 864 876
f  933 941 932
f  60 81 405
f  95 89 93
f  1355 871 1367
f  1270 810 923
f  626 297 44
f  54 45 44
f  45 42 44
f  867 848 861
f  543 34 384
f  920 910 78
f  78 910 76
f  1367 851 848
f  881 902 801
f  101 87 95
f  34 42 45
f  24 26 28
f  34 24 27
f  910 920 921
f  1270 923 920
f  921 923 274
f  626 628 390
f  876 875 874
f  874 837 876
f  44 42 625
f  106 652 74
f  653 86 652
f  876 858 870
f  1355 870 871
f  875 870 1355
f  902 906 921
f  564 873 89
f  900 910 906
f  873 213 101
f  24 543 26
f  387 384 45
f  851 858 859
f  897 906 902
f  1335 304 874
f  896 895 875
f  1367 858 851
f  257 173 213
f  853 622 28
f  624 27 28
f  843 838 623
f  625 42 27
f  844 843 294
f  880 896 875
f  877 880 878
f  859 864 834
f  597 92 837
f  19 184 20
f  4 14 10
f  891 896 884
f  220 14 1
f  1335 891 884
f  552 867 861
f  220 21 19
f  95 653 125
f  836 834 845
f  124 89 125
f  877 1309 896
f  896 880 877
f  553 836 844
f  838 843 844
f  864 859 876
f  306 837 874
f  653 109 125
f  118 125 109
f  844 845 834
f  1355 878 875
f  630 20 182
f  106 740 658
f  106 658 659
f  660 109 659
f  632 14 20
f  14 632 13
f  109 653 652
f  861 859 836
f  859 861 851
f  848 851 861
f  553 552 861
f  35 39 638
f  30 29 33
f  118 660 661
f  89 664 564
f  812 319 746
f  314 315 810
f  37 36 10
f  831 816 857
f  664 89 124
f  13 632 39
f  831 276 274
f  276 831 801
f  39 35 33
f  37 48 33
f  830 315 822
f  858 871 870
f  39 22 637
f  22 39 630
f  830 820 831
f  135 434 419
f  875 876 870
f  820 830 817
f  822 319 817
f  858 876 859
f  1367 871 858
f  812 816 817
f  649 30 641
f  544 36 644
f  623 131 843
f  36 37 645
f  131 294 843
f  810 830 831
f  50 55 53
f  837 834 864
f  315 830 810
f  147 359 135
f  57 55 51
f  126 668 661
f  92 834 837
f  306 597 837
f  427 72 57
f  836 845 844
f  427 66 69
f  645 72 69
f  831 804 801
f  844 834 838
f  57 72 55
f  771 812 746
f  374 53 30
f  434 157 419
f  838 834 92
f  664 425 564
f  816 791 857
f  124 140 664
f  53 72 29
f  427 51 59
f  881 857 793
f  147 136 364
f  783 771 841
f  645 29 72
f  430 69 66
f  834 836 859
f  836 553 861
f  171 74 86
f  165 160 156
f  171 86 105
f  86 87 105
f  831 274 810
f  771 783 796
f  101 95 93
f  101 213 171
f  831 820 816
f  857 804 831
f  160 165 162
f  857 801 804
f  171 105 101
f  105 87 101
f  672 160 417
f  740 106 74
f  881 801 857
f  812 796 798
f  86 74 652
f  87 86 653
f  817 830 822
f  816 820 817
f  672 154 678
f  319 812 817
f  784 791 798
f  857 791 784
f  873 93 89
f  1391 783 847
f  780 847 768
f  193 203 677
f  101 93 873
f  203 916 165
f  777 1228 110
f  95 87 653
f  213 173 171
f  160 672 677
f  769 310 312
f  769 841 771
f  768 841 769
f  768 783 841
f  157 162 206
f  109 108 118
f  165 916 206
f  124 125 118
f  177 183 166
f  779 769 774
f  672 166 183
f  1391 784 798
f  771 1228 774
f  89 95 125
f  175 177 174
f  783 1391 796
f  798 796 1391
f  812 798 816
f  812 771 796
f  109 106 659
f  816 798 791
f  108 109 660
f  106 109 652
f  118 661 668
f  793 857 784
f  668 124 118
f  833 343 832
f  1391 793 784
f  118 108 660
f  783 768 847
f  126 359 124
f  147 124 359
f  777 310 779
f  754 777 110
f  136 135 419
f  680 166 678
f  752 312 310
f  169 177 680
f  359 434 135
f  760 745 752
f  746 773 771
f  135 136 147
f  690 174 691
f  174 690 689
f  765 760 777
f  124 668 126
f  664 364 425
f  177 169 682
f  777 754 758
f  1228 771 1220
f  773 1220 771
f  183 677 672
f  183 686 193
f  664 140 364
f  364 140 124
f  769 779 310
f  312 768 769
f  780 768 312
f  124 147 364
f  187 515 189
f  310 760 752
f  417 154 672
f  771 774 769
f  821 742 824
f  779 1228 777
f  417 160 162
f  1228 779 774
f  1195 824 832
f  752 745 734
f  343 765 349
f  726 732 821
f  200 247 189
f  726 827 727
f  833 745 343
f  343 1195 832
f  827 726 826
f  203 156 677
f  203 165 156
f  780 312 752
f  515 192 189
f  777 758 765
f  745 747 730
f  677 156 160
f  758 349 765
f  747 742 732
f  745 760 765
f  187 690 691
f  187 689 690
f  745 765 343
f  515 788 412
f  192 190 412
f  157 417 162
f  310 777 760
f  206 162 165
f  745 833 742
f  734 745 730
f  734 730 733
f  682 174 177
f  733 780 752
f  726 730 732
f  833 824 742
f  175 686 177
f  833 832 824
f  204 208 201
f  204 207 208
f  733 730 727
f  122 725 120
f  214 212 208
f  713 324 717
f  686 183 177
f  678 166 672
f  742 821 732
f  120 694 1195
f  325 698 324
f  327 726 326
f  687 726 821
f  680 177 166
f  691 174 682
f  726 327 826
f  223 230 221
f  730 747 732
f  689 175 174
f  717 324 698
f  193 677 183
f  219 221 230
f  189 175 187
f  214 230 212
f  247 686 189
f  747 745 742
f  713 717 725
f  752 734 733
f  866 1194 201
f  192 200 189
f  835 207 204
f  175 689 187
f  208 710 866
f  727 730 726
f  958 1189 47
f  412 190 515
f  725 717 698
f  215 960 961
f  960 1190 1189
f  215 1191 1190
f  835 1191 214
f  694 725 687
f  223 221 43
f  726 687 325
f  725 122 708
f  43 221 963
f  217 963 219
f  811 338 339
f  234 239 232
f  234 235 239
f  708 1207 713
f  694 821 824
f  246 244 239
f  811 339 107
f  824 1195 694
f  515 190 192
f  725 694 120
f  107 790 811
f  247 193 686
f  335 336 713
f  335 713 1207
f  325 326 726
f  821 694 687
f  327 675 655
f  262 271 259
f  324 673 325
f  325 675 326
f  686 175 189
f  251 267 258
f  259 271 258
f  207 214 208
f  246 271 244
f  208 212 223
f  215 217 219
f  725 708 713
f  215 214 1191
f  809 1201 232
f  230 214 215
f  770 235 234
f  230 215 219
f  239 610 809
f  656 683 813
f  978 1196 621
f  324 713 685
f  223 212 230
f  1194 204 201
f  1125 1197 1196
f  248 1198 1197
f  770 1198 246
f  324 683 673
f  262 259 49
f  656 675 673
f  214 207 835
f  49 259 267
f  687 725 698
f  687 698 325
f  272 277 1209
f  811 685 338
f  671 656 813
f  272 278 277
f  866 201 208
f  223 710 208
f  790 608 811
f  283 281 279
f  1357 808 647
f  283 1205 281
f  662 655 656
f  958 960 1189
f  667 611 799
f  306 1345 642
f  642 1345 1357
f  279 293 289
f  283 279 289
f  685 336 338
f  1205 283 278
f  961 217 215
f  713 336 685
f  960 215 1190
f  43 711 223
f  223 711 710
f  662 656 671
f  656 655 675
f  667 662 671
f  221 219 963
f  325 673 675
f  235 246 239
f  278 272 1205
f  1207 1209 697
f  239 244 262
f  278 695 697
f  714 43 904
f  811 608 611
f  675 327 326
f  905 279 904
f  248 251 258
f  683 324 685
f  655 662 654
f  289 1010 1237
f  693 289 692
f  248 246 1198
f  129 613 1149
f  131 623 129
f  635 629 838
f  1010 293 905
f  295 296 313
f  811 683 685
f  271 246 248
f  811 813 683
f  683 656 673
f  271 248 258
f  811 671 813
f  1149 608 790
f  611 604 799
f  597 306 642
f  309 313 301
f  313 309 184
f  662 647 808
f  808 654 662
f  327 655 654
f  327 654 808
f  267 259 258
f  629 613 129
f  313 296 301
f  642 667 799
f  262 244 271
f  642 1357 647
f  667 642 647
f  387 297 298
f  19 316 298
f  1201 234 232
f  129 627 629
f  667 671 611
f  611 671 811
f  246 235 770
f  809 232 239
f  295 297 390
f  262 610 239
f  662 667 647
f  611 608 1149
f  22 182 301
f  978 1125 1196
f  184 309 182
f  612 635 604
f  1125 251 248
f  719 301 716
f  433 384 17
f  1125 248 1197
f  49 609 262
f  262 609 610
f  623 627 129
f  838 92 635
f  623 838 629
f  585 352 550
f  587 550 353
f  586 844 294
f  576 294 131
f  585 590 586
f  867 552 561
f  844 560 553
f  693 695 283
f  289 693 283
f  278 283 695
f  1208 272 1209
f  1209 277 697
f  697 277 278
f  904 281 714
f  92 597 635
f  281 904 279
f  586 590 844
f  611 612 604
f  642 799 604
f  905 293 279
f  341 332 366
f  575 561 566
f  714 281 1205
f  553 560 566
f  629 635 612
f  552 553 561
f  1237 692 289
f  623 629 627
f  1010 289 293
f  530 785 787
f  787 1313 528
f  295 866 1175
f  296 295 330
f  332 716 296
f  313 298 297
f  360 330 1195
f  612 613 629
f  360 366 332
f  778 522 781
f  1149 613 612
f  330 1193 1195
f  316 387 298
f  313 19 298
f  313 184 19
f  332 719 716
f  341 728 22
f  341 729 728
f  366 729 341
f  522 527 781
f  612 611 1149
f  597 642 635
f  635 642 604
f  343 349 342
f  550 534 585
f  866 295 390
f  393 365 758
f  295 313 297
f  22 301 719
f  342 349 365
f  352 353 550
f  309 301 182
f  296 716 301
f  1036 366 342
f  550 587 539
f  576 586 294
f  352 585 586
f  785 530 534
f  384 316 17
f  384 387 316
f  530 575 534
f  590 585 566
f  560 844 590
f  561 575 530
f  867 561 528
f  316 19 17
f  785 527 522
f  515 143 788
f  587 502 781
f  143 516 503
f  343 360 1195
f  590 566 560
f  585 575 566
f  553 566 561
f  1175 1193 330
f  1175 330 295
f  330 332 296
f  781 539 587
f  187 494 515
f  332 330 360
f  501 778 781
f  1038 22 728
f  729 1036 728
f  528 530 787
f  867 528 1313
f  691 778 187
f  512 494 501
f  691 522 778
f  22 719 341
f  785 534 527
f  332 341 719
f  512 501 505
f  360 343 342
f  512 516 143
f  534 550 527
f  527 539 781
f  740 74 381
f  550 539 527
f  393 1036 365
f  515 512 143
f  349 758 365
f  575 585 534
f  516 512 504
f  1036 342 365
f  530 528 561
f  504 503 516
f  502 503 504
f  187 501 494
f  453 439 489
f  445 453 485
f  2 363 287
f  50 371 383
f  381 383 371
f  360 342 366
f  754 393 758
f  1036 1038 728
f  729 366 1036
f  371 736 737
f  649 736 374
f  1004 287 476
f  50 374 371
f  292 1004 461
f  476 492 472
f  374 736 371
f  171 381 74
f  371 737 381
f  59 381 173
f  740 381 737
f  257 59 173
f  501 781 505
f  51 383 59
f  383 51 50
f  381 171 173
f  781 504 505
f  59 383 381
f  736 386 391
f  388 391 386
f  502 504 781
f  392 388 389
f  391 388 392
f  472 461 469
f  778 501 187
f  494 512 515
f  759 445 420
f  445 678 420
f  392 398 391
f  767 442 1267
f  504 512 505
f  391 398 402
f  649 386 736
f  398 750 402
f  292 461 767
f  437 759 756
f  386 743 388
f  492 489 439
f  489 485 453
f  762 756 661
f  746 398 392
f  437 455 448
f  740 402 748
f  678 445 485
f  439 453 455
f  740 391 402
f  319 414 406
f  453 445 759
f  389 388 743
f  415 414 413
f  314 378 413
f  391 737 736
f  749 415 1071
f  746 406 398
f  442 472 455
f  398 406 750
f  442 461 472
f  319 822 414
f  417 157 423
f  315 314 414
f  1071 740 748
f  417 423 420
f  737 391 740
f  402 749 748
f  402 750 749
f  678 154 420
f  746 319 406
f  287 363 1094
f  472 492 439
f  414 415 406
f  157 435 423
f  428 359 126
f  423 428 424
f  476 469 1004
f  413 378 1071
f  413 414 314
f  1004 469 461
f  759 416 756
f  748 749 1071
f  749 750 415
f  423 435 428
f  483 492 476
f  489 492 483
f  1094 489 483
f  1094 485 489
f  1094 483 476
f  756 126 661
f  428 435 434
f  416 126 756
f  476 287 1094
f  1071 415 413
f  126 416 428
f  476 472 469
f  434 359 428
f  416 424 428
f  420 424 759
f  822 315 414
f  759 424 416
f  157 434 435
f  415 750 406
f  442 444 1267
f  423 424 420
f  461 442 767
f  759 437 448
f  444 442 437
f  420 154 417
f  472 439 455
f  759 448 455
f  756 444 437
f  455 453 759
f  762 444 756
f  455 437 442

# End of Wavefront obj format #
