# file written from a CGAL tool in Wavefront obj format
# 3335 vertices
# 19998 halfedges
# 6666 facets


# 3335 vertices
# ------------------------------------------

v -27.850388117981133 -76.191988082182164 -0.19102116704566985
vn -0.16886204205019761 -0.79969277282303242 -0.57617452204106268
v 39.289434272200573 -17.641906623470312 15.607698859629032
vn 0.98169912668279824 0.14637767372876434 -0.1218211857764756
v -20.325180690927354 63.595859349207757 -19.089783906681877
vn 0.22299356649530169 0.64003621673774391 -0.73527376572657699
v 62.735307422027063 178.61302731600671 1.2411982004883768
vn 0.20730090240156041 0.63015253526761583 -0.74828745690362519
v -27.992323205931385 -76.034404032912192 0.21473771931200591
vn -0.57760664825091379 -0.15003557659042999 0.80240880207879239
v -17.681314303686733 194.64336713420016 18.53894233994254
vn -0.77399801371545496 0.58651905969037599 -0.2385842982772505
v 25.401836674935037 -111.06204279820973 14.754378804718719
vn -0.31009033328751101 -0.41136083685715447 -0.85710340513955596
v 2.6887369577063569 -36.522573128913272 24.761627050258479
vn 0.55874152484512729 0.34236244852736675 0.75537795986650835
v -21.723007692965126 63.416805590818633 -19.045742197384428
vn -0.14106875793871071 -0.30594982900821605 -0.94153826670161034
v -16.991665077844743 194.76904077982314 18.253469382620541
vn 0.72593344763198464 0.45771895668953366 -0.51333613383063703
v -13.133994242683983 -115.39029605127469 -2.6765794126746059
vn -0.72165557799250246 0.36019641026334992 -0.59116137626345633
v -1.0338744371680519 -36.448462835198093 -0.33654663971879728
vn -0.28808821861519912 0.87591768368564749 0.38700567140791536
v -21.237056178236308 63.623945050220662 -18.675225457368768
vn 0.21559339381561726 0.42632277379071842 0.87850348951523916
v -22.066342834415742 63.771900422304789 -18.811731112786848
vn -0.42328676486410177 0.87074406624461953 -0.25026603003737447
v 4.3358582336542035 3.5904140123117054 1.812009368892876
vn 0.7016037615456131 0.64238077102045632 0.30838143071237378
v -14.915808760743147 -99.857465972879538 9.1328736987456409
vn 0.87400754905432532 0.44870514612946266 0.18647921072599125
v -3.6738354171996352 -59.504382177280306 8.240274292049337
vn -0.90386089791513236 -0.055218425458356798 -0.42424804384929177
v -19.846475199589474 62.45910353491476 -18.513014416860774
vn -0.86337156172417584 -0.42655328347755456 0.26952150704623679
v -13.695262154606024 -122.41011618625606 5.4908289017099143
vn -0.0064030509284229153 -0.19534209079625048 0.98071426445329002
v -5.1266052038061964 23.015783340912392 3.6878946057848703
vn 0.89605124441448414 -0.16248009332842658 -0.4131493515125495
v -21.322802217707952 63.236336290469424 -18.75241147128818
vn -0.11133684405436367 -0.90768278883195008 0.40461841531777526
v 60.401947169669029 172.12515167460401 1.8333524377514081
vn 0.60925151964150814 -0.42652609148378223 -0.66849688039517507
v -20.310702070769807 174.86241330434854 21.2117085360068
vn -0.90029016529622985 0.37260207449689609 -0.22504513403203488
v -28.295702190216932 135.60698179761346 21.035474083326207
vn 0.76518853609649773 -0.16958648737179155 0.62106918095120123
v -29.983233991489783 129.38127099575524 19.611593532070401
vn 0.79103030226747895 -0.60994154327746231 0.047353718744449366
v 36.663411772686544 -144.47296405406377 16.276470128742979
vn 0.5874711871121987 0.50671353125523988 0.63096671984806685
v 30.758494469701599 -120.21256877801039 16.198821232995531
vn -0.73625237906332741 -0.046473708176268419 0.67510934578921178
v -22.525895258796695 63.355563927782306 -18.24422647032053
vn -0.68471753522715095 -0.080635443182177691 0.72433405432526021
v 34.999209753729303 -137.70310690386805 15.820955086665377
vn 0.48979840557077575 -0.05140299426766113 -0.87031905303781831
v -17.34095826269521 31.626051240490717 15.108173724801619
vn 0.92498870053898508 0.10279573783548815 0.36582637980066107
v 12.174195895911108 -66.755522650084657 12.319578781734627
vn -0.73700924029792358 -0.094145668411866432 -0.66929363722865343
v 7.9298051980215725 -56.180252170790553 11.555160275383006
vn 0.78310057163298696 0.21734016208174003 0.58268065752551979
v -15.504949789747453 -83.324912095731833 10.123555136164232
vn 0.084216773044915441 0.21465580980535029 -0.97305211497365884
v -19.568549451857997 62.540153240970582 -18.666097900935405
vn 0.11637741219655109 -0.26833070998853376 -0.95627136734688623
v -8.9008313680589346 41.775586885486995 8.2610346181404744
vn 0.50447509891964437 -0.29407359664594163 0.81180391371668992
v -10.085102384213577 34.155232643885682 6.5981857167073343
vn -0.33885323603217499 0.71644705825570809 -0.60982136494818318
v 2.6014449741388859 -46.197979493350722 6.5591253188324039
vn 0.29217264976686208 -0.21044416009157518 -0.93292464766001437
v 3.1864237283488053 -43.386546416551852 6.2209118751448935
vn -0.64458601757754141 0.39823078676816159 0.65262631452733844
v -19.699657563515558 61.315188527409845 -17.739667174090368
vn -0.62926165111365306 0.28505855728110879 0.72302931708094098
v -8.649306270312465 -87.326303524592632 5.8140018167474139
vn -0.33783978518380237 0.21270109445283725 0.91685469075831616
v -12.921793820325982 -120.15757185151955 5.3839486716538651
vn 0.52468008535201782 -0.0011760994440978467 -0.85129866957789657
v -19.553100419669789 60.863513693057953 -18.193751018976108
vn 0.1625564343767299 -0.27767751834649795 -0.94682131442403328
v 6.3124740879491741 -16.15122552601181 3.1539483364178951
vn 0.69037914714956838 -0.46830493369744475 0.55142281622695544
v 4.6132864640249647 -37.276376774372707 2.671711206363133
vn 0.41878889262089597 -0.53335494704986508 0.73494786473245788
v -2.1233446675937913 4.2960453318150096 2.7743725287273038
vn -0.4171181376676662 0.84003185499441213 0.34692786256411423
v -19.470283539290801 61.958613471508158 -17.896610102087283
vn 0.39971919971857084 0.32485173640922388 0.85714404316209158
v 8.9012105005414348 -26.253917870471362 2.1001899384368272
vn 0.76175590401067717 -0.2963944982237332 0.57608874674617416
v -2.1791888268433723 42.028109012739158 1.2727394324600638
vn -0.27287798889011611 -0.20058412495057104 -0.94090574022964668
v -9.7219136826665249 -56.263648059608528 -0.17332960550925591
vn -0.32810848018211469 0.36384277557636974 -0.87175871655720572
v -16.638542752946307 -66.023499959104214 -0.77664600870134337
vn -0.078369204006319845 -0.29997561230572206 0.95072230429564619
v -3.5714730827231502 21.450139121027771 -1.9598222456475165
vn -0.8013471793122211 -0.33880525887469154 0.49300476140418786
v -19.899151966995205 60.880267065943173 -17.900289339860237
vn -0.942215359740041 -0.32897587202104034 -0.063285792228123111
v 41.598705254813105 131.14863931359122 -2.7780244008216806
vn -0.099996268333673949 0.89572358193205548 0.43322051092965136
v -9.1967217766898983 28.637933140850024 -4.3700323452580818
vn -0.0018082681986623039 0.6884602422146836 0.7252718283897569
v 14.258049605512321 89.913994042363541 -5.25621577078957
vn 0.16443859096927455 -0.36851953829831646 -0.91496081866516843
v -16.633867669953233 -54.960338207440238 -6.3684960000523034
vn -0.47253125072286023 0.85435819536904967 0.21630138949167707
v 19.999778469313014 107.84268380792003 -6.9246495045132725
vn -0.32551626370729209 0.42063226163804834 -0.84682209615202242
v -25.986221132283987 -65.103350679635156 -11.553567187277954
vn -0.97343168549191383 -0.22809060402577724 -0.020135293281400121
v -27.34378950169733 -68.026099675580085 -12.706371691092112
vn 0.20581571778841071 0.231652906720102 -0.95077695655677785
v -2.6627462297915225 -61.174765549465803 9.0464242327034228
vn 0.7049871878734113 0.11477458147331063 0.69987131701618233
v 25.816147597362782 -112.48689868501785 14.898446835849352
vn 0.74754359339368492 0.12499472189782608 -0.65234568709675878
v -13.036032905072943 -118.43285467983287 -3.0530123137814371
vn -0.74521707549054428 0.07085929643121712 0.66304635622752162
v 52.868068672655141 165.73424339415132 0.96358494957727459
vn 0.6615686563172436 0.2450997299326553 -0.70869812710739988
v -18.97424471667938 59.758994126667972 -17.233982880450498
vn -0.064875102314290459 0.2029770689784279 0.97703200079047403
v -4.9211710807736111 -35.59382079389983 -11.624861472617411
vn -0.52978107681582454 -0.26553311378849154 -0.80549622974266832
v -5.8145321244828878 24.524469688886448 3.6506224262765796
vn -0.051307343928302045 0.46215475184275728 -0.88531380979186269
v -18.290092187048408 57.584500049492739 -16.953120288290375
vn -0.77077039732885422 -0.25753059692462754 -0.5827443575438247
v -18.869353133763028 58.701489288892958 -17.085192076933296
vn -0.89743860122666441 -0.25922079227830169 0.35694332586411759
v 4.4308995564524487 -0.2343413202505813 -3.9667189200957171
vn 0.74246196384397833 -0.058807381073394151 -0.66730197375418543
v -18.413649128567901 58.993705117245206 -17.223133587085933
vn 0.90344894256336616 0.42811226932110114 -0.022358287901186259
v -4.9110655540920822 11.147433862343103 -2.7754067542790204
vn 0.78633470559505536 0.40216401957058667 0.46897956473557184
v -27.328151179452508 -69.738273663221364 -13.069057573088665
vn 0.80335152333138971 -0.12091692040217882 -0.58309984421331207
v -29.866955839020875 -73.635137912761166 -14.904033846055478
vn -0.63405944275298354 0.37741132949052791 -0.67492911585437498
v 3.6299586186436605 -4.0538379262534745 -1.877912878369121
vn 0.61658782463426876 -0.75489789789090611 -0.22349187518268129
v -19.839559812159116 165.00736778932585 21.956153989778464
vn 0.71495199123059661 0.3574923127568998 0.60086845195527416
v -19.357092094043864 176.6394153299797 21.457121116794262
vn -0.75659687350729821 0.15203146654298608 0.63596195183341775
v 37.083235848156221 -146.02548757665528 16.518309237601677
vn 0.62888147540512995 -0.017991073736636085 0.77729300212858599
v 36.738645424774653 -146.11973909400552 16.1983584658825
vn -0.74473916470469215 -0.19391729558105503 -0.63856061500024186
v 34.993602144637954 -139.37891766650151 16.177867024037411
vn -0.85722979306165203 -0.23535479239826826 0.45800131395296823
v 26.09162632247228 -113.43577381126079 14.951292137599333
vn -0.49525510580369703 -0.63862662078973487 -0.58896385236621529
v -18.035457265725498 56.911222748909069 -16.520724361736583
vn -0.88990039505609264 -0.40395072087429584 0.21189880128058067
v 25.580019354827119 -110.53107782895177 15.161796761321696
vn 0.7691364645242843 0.37592823326939695 0.51682401489291696
v 23.931966004746307 -98.182461096183673 14.675041404938696
vn 0.95794179089504772 0.12891756708917917 -0.25637430868282352
v 22.910080376688871 -99.530121444461997 14.437153555674312
vn -0.8374511366619698 -0.15059737875054438 -0.52535323661041622
v -18.043929144653085 57.368363474004887 -16.406533273113567
vn -0.53271205691727819 -0.037054564876545293 0.84548496357816583
v -23.252057089250481 87.79733395791601 13.745731027268471
vn -0.91717192464769071 -0.1898648320189556 -0.35035268830203736
v -24.422250030521255 93.735686008322759 13.633491706572695
vn 0.88609273929427868 0.4011925924311236 -0.23212962143672236
v 16.435326357982195 -23.97765974996685 13.383239227701921
vn -0.81026158730909981 -0.53694381703369376 -0.23487762234965054
v 13.914333651874202 -78.427441476146413 12.95188862972199
vn -0.9142277804932194 0.0025071815177904492 0.40519289161494304
v 17.719712570047211 -14.46893250614888 11.932336451757141
vn -0.012517590863079509 0.68693793313616835 0.72660827543979534
v 20.859480266748253 -15.871773304663149 12.132353934473134
vn 0.22573740843046597 0.75413978564718809 -0.6166974997023339
v 21.2344296986996 -16.101014586196385 12.063000433885303
vn 0.35563202329684934 0.084660009921399534 -0.93078383458561298
v -13.784714239427419 55.023603938180742 10.627696376218529
vn 0.055939084009325908 -0.090992775646240226 0.99427920307144635
v -17.295811537272002 -85.138570375254915 10.147285008927483
vn -0.88685839792803078 0.34135910681360276 -0.31137781266484937
v -17.006703621922441 55.419170659390943 -15.837274069092615
vn -0.48023710493782473 0.055349041935943699 0.87539065941881622
v -10.154845763981207 -77.315104769645671 10.337743819981098
vn 0.11864654271708938 -0.95600553042545877 -0.26828422185663281
v -15.41628282086802 -99.682940353479594 8.8329677047892279
vn -0.68374221525917922 -0.05061837412618643 -0.72796590804328998
v -11.811010965598008 -109.00887029046172 8.2728011069102578
vn -0.21897297173295502 0.1494999608524544 -0.96420983160075346
v -16.693699255049381 54.556694439309872 -15.788576796190588
vn -0.8012518794221718 -0.5964873752433355 -0.046885359098057286
v -0.50798740027436651 -55.466326146784695 8.2509777431945999
vn -0.84478124252600606 0.4830832935766462 0.23016338488855517
v -15.88491260779125 54.004843428107733 -15.759115969425352
vn 0.30093757712180152 -0.38654595998388697 -0.87179056859786863
v -8.9185698739483961 -91.506443854115659 5.3946882242028531
vn -0.60596254341405764 0.57185178219498867 -0.55298728301795663
v -16.324602356780289 55.090576320091913 -15.887917481671096
vn 0.85117524115587651 0.51521450337076824 -0.10027324847459615
v 3.57175736037019 0.54313187774174321 4.6316786268871208
vn 0.6252154557438182 0.066695963114952836 0.777597120881513
v -6.1223468494767728 24.07821347319285 4.3357123167047149
vn -0.64387203118159475 -0.50924828450801207 0.57104727666606925
v -9.7927769616627849 13.700610529756593 4.2911279469649193
vn -0.22749173575828943 -0.97179598081272267 0.062129556878501954
v -15.872618506299006 53.541815864048289 -15.113316940165248
vn -0.74783177159243219 -0.63831899179040819 0.1824733024762826
v -6.3522577819638277 15.627842502510006 3.6823271781611102
vn -0.24195990900358003 -0.68615497006859727 -0.68603699571170462
v -1.846225878567509 8.9881283206915015 2.3152814306702432
vn -0.3874579402017243 -0.17474367611438471 0.9051745645082323
v -4.2340333709033473 -47.391343872176719 0.83027824591174593
vn 0.51566363826208839 -0.21000296079415617 0.83065622770914926
v 1.7038331505205804 45.471346764653319 0.97553976443226986
vn 0.73092200243438199 -0.62580459519377107 0.27225288794000629
v -3.2787490707645652 -44.905118343902359 0.62564073984285784
vn -0.19563257518706517 0.45970756826744708 0.86625449332358906
v -0.85806206463149692 -39.357377324021499 -0.045611134184811775
vn -0.012229624142169961 0.65980336760010261 -0.75133877338847976
v -13.450828853036398 -111.58697487200973 -0.76004959176617604
vn 0.7511733318395788 0.4685943209494457 0.46492793840223662
v -2.8639511768055321 6.8209023916107459 -0.88349602562869323
vn 0.68113167281616971 0.58510184591237679 0.44013120111686643
v 45.896615191821894 154.4737002769904 -0.89265138331946048
vn 0.8902659430801686 -0.19947531465254476 0.40943393781640319
v -12.518074391796688 -60.630447506795832 -1.1329776849860203
vn -0.31777916400218004 0.722036000408947 -0.61455709013852111
v -16.765699995226242 -66.0330465122764 -1.3035483352872905
vn -0.21810587733493664 -0.18721130448940296 -0.95780047700099502
v -11.586814833742837 -113.58366582033408 -1.9311763161706423
vn 0.69280827349979135 0.26238768481800667 -0.67169144629516053
v 43.798908020554634 152.49577462921175 -1.8811179340988673
vn 0.25338458723774387 -0.62847973738712704 0.73539749159496459
v -2.1089443415453273 4.4506968386958707 -2.2819390887048954
vn -0.44343349214045791 0.86251629564804178 -0.24378756693010048
v 9.4954893217671099 69.008066319605476 -2.6291670306500898
vn 0.16060179824963458 0.14028913539966981 0.97699847537639328
v -47.758413590869523 37.736789904284763 -2.5978235082412962
vn -0.36351246920385571 -0.90055346050198448 -0.23845785688715801
v -13.70053548628227 20.630425803744803 -2.6889179816057465
vn 0.038441547087753214 -0.071194779247578624 0.9967214008264238
v -14.706657311226039 52.86344934331882 -14.982138658851952
vn -0.021615700875812612 -0.48145116141113792 -0.87620633451916663
v -45.742038446055474 38.552176260827302 -2.5880185063672174
vn 0.056665503948327776 0.99766804112295437 0.038046029808236279
v -29.728120586660449 -74.053206997632216 -14.900174229322703
vn -0.11203096511899657 -0.90295007766782798 -0.41488579162724964
v 40.525423870856393 133.03872777338995 -3.7705184062711119
vn -0.15904796868636514 -0.13996009348685237 -0.97729980859912824
v -13.967080407170272 -122.98080269399588 -5.1598807746989905
vn -0.078071006532856743 -0.27935587986556731 0.95700846930603578
v -13.919334893860423 -123.41439860266973 -5.5627001012672395
vn -0.80643234262933239 -0.50363422473008834 -0.30987004444103633
v -12.262731467023769 -128.15716072717015 -6.5091092708166585
vn -0.42759059988791315 -0.63716572797919324 0.64123795425429964
v -15.949570178521071 54.13177022497598 -15.100450203071887
vn -0.21758416811435757 0.51017211737617052 0.83209467035782525
v -20.119611361759866 63.491646030451065 -18.64716438240557
vn -0.51632014611114552 0.84747216247434098 0.12330628755594593
v -20.452658764850149 63.248259211076075 -18.993650282693331
vn -0.23564572874718864 -0.78167673001043092 -0.57745353084331053
v -15.309076747822786 53.944884054586396 -15.237027075170559
vn 0.77607427984746014 0.62360218692418257 -0.09396288960341366
v -8.2412713340475179 -89.79792871663858 5.440506301181478
vn 0.11571725534583234 -0.23219289444880092 -0.96576186328862434
v -29.306278476342882 -73.751044838215478 -14.47386775150467
vn -0.43049526052334719 -0.41233405405949558 0.8029037666680835
v 2.2529392766599123 -51.299362113921319 8.0917785892015228
vn -0.80371306907322249 0.57293208970042808 0.16060548929722757
v -11.594552587162866 -104.81002106673947 2.8170869384331354
vn 0.86873373387878516 -0.40929578855442139 -0.27888825198032002
v -15.82025908435606 -83.476935329501572 10.218536243963285
vn -0.85174614139168447 0.16394878198943577 -0.49764375562098362
v -14.970093112074188 52.954866284553809 -14.467837230693334
vn -0.82119389556418099 -0.31536287764834314 0.47559104416450187
v -28.925381411965201 139.9863693156976 21.250768754819859
vn -0.69952880644348736 0.51614329296057126 -0.49422216673027508
v -8.3392926398782841 30.586764940602126 5.6574596388003915
vn -0.92456017872279672 -0.31908755452020637 0.2082585135603939
v -4.1597495979104 -4.1572567215040159 -0.79833259127456713
vn -0.68717528298886676 -0.71695833314482449 -0.11730677296458955
v -14.351161704014697 53.13067276202333 -14.722393009774073
vn 0.90184401611655385 0.36081210609638148 -0.23768044658544937
v 24.166605840424534 -108.15447588328352 14.735815132787618
vn -0.96095067628230324 -0.18864216477558038 0.20245476388904007
v -28.765998651626205 -73.382311012112837 -14.817675882344261
vn 0.13668698219589592 0.04898253871629879 -0.98940253678625922
v -29.945676770339979 -73.679303250434415 -14.551146157225702
vn -0.73290631617046442 0.13462961729646614 0.66687569896049326
v 3.5510311639313841 4.2920598048501244 1.8140178368985473
vn 0.56539998588251883 0.76610901128301534 0.3056138720591855
v -14.560187343644072 52.050504748467908 -14.612758497644975
vn -0.34510281685694161 -0.4004753253871019 -0.84883659178519111
v 8.3938060980643669 -27.926643103416517 1.496942887395674
vn 0.96583496912003008 0.25395340695190105 0.051676682579596955
v -27.926424166894598 -72.010607717281388 -14.212518070099037
vn -0.48880015665135051 0.45662511382113785 -0.74334911870900089
v -0.2422136765970383 -1.6969408285646259 -5.7404933453688516
vn -0.059796127362563657 -0.289363658408055 -0.95534972462713696
v -22.132906121368656 -62.031363679047267 -10.23367364925431
vn 0.80169714073391074 -0.52049278973639213 0.29388594789730949
v 2.2438154257047955 -36.207324837023002 24.90226960972219
vn -0.47356703889247331 0.66990555216121261 0.57180487131380375
v -14.14284991700486 52.241693123531014 -14.443425063226021
vn 0.92005771549554938 -0.0010548785817219319 -0.39178142807985228
v -14.621623230652716 53.23304141053049 -14.414370947745297
vn 0.15211506858587515 0.6595670032327936 0.73609263965592442
v -20.80986292983588 170.4999779419837 21.406510297226259
vn -0.85425355730685615 0.089825331244387213 0.51203737138554439
v -20.103627945803169 179.58991342924861 20.733817601162855
vn 0.93746398369232242 0.34690150556184723 -0.028646548110455541
v -20.706163880710996 180.77989126015612 20.478297605898916
vn 0.97032744987793507 -0.065942874682481015 0.23262884019827385
v -18.906397843638842 187.04131245104986 19.52566553194535
vn 0.83682077651443398 -0.10347073160852546 0.5376102637544935
v -19.786029693808992 185.53052275324089 19.291600884111404
vn 0.05454732329992322 -0.16965512960489504 -0.98399274718849417
v -18.369366035461994 189.51514442586526 18.573559462608507
vn 0.69075923938807249 -0.2086260276055599 -0.69233435116678688
v -31.875454580001701 128.59970453352256 17.632669172175461
vn -0.13526473298586741 0.74101978500145527 -0.65771812370244076
v 36.319732688910335 -148.2112711923763 16.291717031604964
vn -0.56230024056567629 -0.33720912582405882 -0.7550552595146639
v -27.251438346077101 -71.705599583251896 -13.469843880633618
vn 0.97154228338268112 -0.23559045665030912 -0.024550526162686607
v -14.768743225899168 52.296259060875805 -14.198192238345285
vn -0.93087735252103654 0.25921382342386612 0.25744037816435617
v -14.948913271895576 51.11148528875961 -14.359244273288205
vn -0.50240609487233057 -0.2862401754483494 -0.81587663147955947
v 34.976086947147763 -137.87765395204224 16.274006263402462
vn 0.41096733321699919 -0.15124603142093559 0.89901640085591616
v 36.8227601773537 -145.36548890357145 15.955047818982031
vn 0.084724002556835196 0.94217148886629853 -0.32424485957099058
v 32.98315058238785 -128.22007213109319 15.975106859682153
vn 0.45085322786404936 0.50906259791989894 0.73320299939621836
v -14.259857992318999 52.180814033234078 -13.908917367379743
vn 0.44263722618813578 0.013768162874478046 0.89659507230607449
v 34.719569279294191 -137.86210713122804 15.87493616202816
vn -0.81282781417402916 -0.12094187007051012 -0.56981050233294039
v 30.892124568832109 -120.0579042943852 15.72934166614918
vn 0.25034864844097388 -0.011742156155802678 -0.96808453969299091
v 37.481406943403108 -16.358324791520612 15.589273322677926
vn 0.25117978203703883 0.0071334206676790541 -0.96791416530878593
v -14.416458944643397 51.264412983053333 -14.212900894321558
vn 0.90490434118627339 0.092649355525674271 -0.41540851005114687
v -13.847463013245031 50.488525418790189 -13.91125815719306
vn 0.86648117884649478 0.15506820951430375 -0.47451471747756868
v 26.267110073555955 -113.38589109918993 15.41574762481339
vn -0.16222959186383842 -0.52633405785303977 0.83465802522209365
v -27.520461558558054 -72.171456308983636 -14.064012862930255
vn 0.88377192421322281 -0.19276689508769929 -0.42636616907384384
v 17.995086407820331 -24.632381775291002 14.828279492504858
vn 0.24966517501741248 0.93536433865337376 0.25052116549118442
v 23.491197415520247 -95.735348121415967 14.757028130500771
vn 0.74676208082649964 0.66486389509052424 -0.017389526869140394
v -13.985033660240241 49.997188241667715 -13.930996578145471
vn 0.40426684016953068 -0.39295217066074722 -0.82592791060258408
v 23.409388999409089 -99.43568554769665 14.316734688846708
vn 0.59744973377445454 0.42425264588972983 -0.68048769868998871
v -16.666497256366835 31.185626550752762 14.392164831047893
vn 0.56736760730179514 0.71542946696873022 0.40774339476866395
v -19.917806909759012 75.511275955246504 14.171231832387372
vn -0.88222603752176176 -0.1025832822088602 -0.45951484081573307
v -15.053028607049576 51.21628028519433 -13.90484510584624
vn -0.90461467953683827 -0.016599821096641678 0.42590694700371207
v -31.551146450133476 111.36035765876994 13.682755452936695
vn -0.76150839512582968 -0.28609326945813829 -0.58159745986690503
v -21.884900835206409 79.905121686890439 13.643300578799014
vn -0.58181519477471111 -0.55618062149124725 -0.59342581289228991
v -14.020875606117334 48.457358837683429 -13.117819287923108
vn -0.88768607679937961 -0.27427948894624854 0.3698434682401604
v 12.699229710495302 -67.611572028915504 13.031200280338062
vn 0.56861215963318623 0.29596539497878815 0.76751853195368114
v 8.7457113771352937 -62.466258482588415 11.652531445266845
vn -0.23622399879473804 -0.55345417859807999 -0.79867809196556039
v 16.424383397471985 -16.049852160095497 10.717863850848062
vn 0.63717235185691412 -0.090177226402850058 -0.76542763333147179
v -28.74386991894869 -73.02826405600166 -14.400556099885904
vn 0.038205334133787711 0.65050642185676266 0.75853921953109127
v -15.755485772113561 62.111468384385269 10.338364905850813
vn 0.18441870095214 -0.14831842857907393 0.97159219144811959
v -13.892561955215339 48.355344816733748 -13.408483885877436
vn -0.57235430136988441 -0.61170484685652804 -0.54610231095979012
v 6.7794820357219514 -51.804989582430352 9.8177596806772165
vn 0.45250166745077575 -0.18836994120392467 -0.87164155832836332
v -17.89750811437419 -94.859851745507342 9.4473905077349691
vn 0.055968095128404095 0.37889215357999145 -0.92374688539838334
v -13.057438543168018 -101.91582375439322 8.5430274836355196
vn 0.1661097714436289 0.20636613682420327 -0.96427203703270359
v -9.7797622705176863 44.316113288328729 8.4907260295519666
vn 0.5997418098305044 0.35998862271381732 0.71464533375503114
v 0.89299799790981638 -53.72954498358277 8.3896468705403446
vn 0.4409548871986475 -0.16686137319631553 0.88188211774061276
v -14.489632963035685 50.271943217317627 -13.695750775513112
vn -0.93921658567065147 -0.32059178047482279 0.12285404141967261
v 1.0079865871366849 -53.697293909364134 7.8607669490605208
vn 0.54931957849424595 -0.28790118798910108 -0.78444942898657799
v -14.00169451414223 48.227814799743783 7.6702743705006942
vn -0.19216974107997675 -0.088788852843311228 -0.97733685606551413
v -12.96883691903902 -115.975505633079 6.6993576788112641
vn 0.80306314196883377 0.53633578594257358 -0.25967963864829013
v -9.7766461103113507 33.332301373068795 6.8612309915920671
vn 0.71701048726385064 -0.48259583140682399 0.5029882947568578
v 10.309637612750578 -16.245459954288549 5.7145447179101865
vn -0.58640977536768768 0.76161151727037735 -0.27581057288351329
v 8.6290392250629964 -18.166646257635502 5.1866784270554565
vn -0.43938248028715537 -0.88673295556703802 0.14369308100271555
v -6.544926298015497 34.174959474706306 4.731858702918494
vn 0.78036825371875518 -0.61514480547287131 -0.11234881791849828
v -8.0490455979368871 32.643314118153469 4.8756662092602614
vn -0.79229206110872896 0.2579798762781908 -0.55291922858548825
v -27.821709177809502 -71.725683516388642 -13.629328167298027
vn -0.90947957369071286 -0.010521912570755469 0.41561544051588417
v -13.65388899785372 49.526945541025867 -13.318146075238996
vn 0.92237071929059045 0.22602011438288136 0.31328447789462549
v -10.171148538007785 -98.216921249076364 4.3258611640016476
vn 0.65489989518139569 0.71923895603482513 -0.23195139881736387
v -13.577520276094333 48.567406686821286 -13.588986419692397
vn 0.34224066990607149 0.046416321054087516 -0.93846515598718272
v -5.0535127553477679 15.729384846610008 4.0468011098258216
vn 0.4866081811232818 0.36960650298660064 0.79158291480672283
v -5.967081191143194 -80.004925436148099 3.2877930987909565
vn -0.16754074359450019 0.75071109055658902 0.63903282994783517
v -5.8286643664044551 16.036335462661498 2.844303656965693
vn -0.67226490079937817 -0.24610578866234117 -0.69820616148820214
v -0.4755761061838808 11.291496633355672 2.4090462626220033
vn 0.93142355974712043 -0.14850196744475805 0.33226091857610679
v 8.5822910572124087 -25.638949493235483 2.4220697369895934
vn -0.064189956111733101 -0.083891674691720972 0.99440526771120452
v -14.001996181456985 50.683368884512362 -13.483031553821379
vn 0.48689985279436132 0.57555983853159043 0.65700791899209177
v -27.620537108605426 -70.996895726759277 -13.46767424972689
vn -0.36316993231519751 0.34678144368910235 -0.86478334314155059
v 8.6319657503522684 -19.79069383802635 2.1750466141970506
vn 0.42669926703140293 0.13149757077566265 -0.89478272468513997
v 1.5680607185577173 45.452120371632319 0.58896747254882342
vn 0.52574793504771855 -0.53918055571793944 -0.65793117962956715
v -3.3073268436544558 -43.567247407954738 0.40439215217599667
vn 0.70097790004984406 -0.24119768752761087 0.67115844565426097
v -13.800260112708994 48.812041021598191 -12.95557147082711
vn -0.1680727648063001 0.1457744053335287 0.9749365971590267
v -11.8841370043659 47.138301785229572 -12.806152669320197
vn 0.40557320520653728 -0.068681878644673705 -0.91147856516998482
v -0.18339037923527712 -38.572128363002577 0.40265388535265423
vn -0.52995023575057876 0.6448605022202395 0.55073376535687946
v -27.654580412639824 -71.146378683230964 -12.989179836180446
vn -0.71213538155944112 -0.2002155490261574 0.67288701299649389
v -2.9005962959798555 6.6088070216424528 0.23965245851596681
vn 0.47222017032216501 0.7712389575645987 -0.42684725731293693
v -27.344335085129739 -71.410972734603376 -13.08385033757736
vn 0.21298193174530514 0.23255252269076709 0.94897735533583649
v 6.6953100281318996 51.153904503418289 -0.30304966916293452
vn -0.43495478738573851 0.44058189888944277 0.78530371405030286
v 45.02285754187605 153.43173701599596 -1.1707368356933046
vn 0.1416376506402664 -0.49905827258163887 0.85491497617537171
v -58.772143170566707 42.793809804665379 -1.9274803379606915
vn 0.0246229373426812 0.92293047302247089 -0.38417841288018317
v 8.0116878131779465 60.820298797023845 -2.659019078098245
vn -0.60380186741690389 -0.11670474789124956 -0.78854505687595255
v -12.73399464859537 47.47320246879179 -13.087346222615
vn -0.13473146647424544 -0.58119160751808707 -0.80253582305853566
v -4.201022373750666 22.658635476629723 -2.7634849819626144
vn -0.58306406282262713 -0.7053239751457111 -0.4031803426872696
v -19.579171134616608 24.091221927356706 -2.6928526477998531
vn 0.51508976935817274 0.08542124342946332 0.85286912282806238
v -13.27343844790893 48.453225781458514 -12.865754549405395
vn 0.42245880104749989 0.53132385780529512 0.7343184047430702
v -25.132421315571463 26.834506286366889 -3.256264943146804
vn 0.24481229371749902 0.4972142723351724 -0.83237305832840469
v -9.0488563125993835 18.263582977307358 -3.7908796790597901
vn 0.13924725729780044 -0.3621926197982801 0.92164348177519195
v 41.658378845359948 128.78840615901231 -3.3567331865436287
vn 0.97298074796936396 -0.13574861529824489 -0.18676396206331186
v -26.751583557393996 28.33065709221011 -3.5066628406273743
vn 0.03633338090462794 0.15993696683837269 -0.98645833772672864
v -13.195576212931385 48.413239416284611 -13.230670440868106
vn 0.77360592492188085 0.49224089905346941 -0.39903981032572861
v 40.364983009123229 132.94903860774025 -3.2322809897625175
vn -0.73477148831161021 -0.26894465921087068 0.62271954381269401
v 14.774432997254632 91.343410883018834 -5.3261261972991676
vn 0.85495276411808041 -0.19070982925920385 -0.48237488756233871
v -12.115771475954553 -127.3633700963432 -6.7787578090005614
vn 0.6665563861095114 0.33560338904191334 -0.66563725061042855
v -11.806996623523801 -128.99144198398432 -6.7343581448995025
vn -0.17991677899482564 -0.47174324223662628 -0.86318495471144696
v -20.193263604579016 -58.579399217215482 -7.7709065980450234
vn -0.562011760643361 0.42429236482340427 0.71001321822281072
v -10.596224272269962 39.383598982130287 -9.5571847873589562
vn 0.60586153239592866 -0.23945763170344009 -0.75867769585103584
v -4.8551574159243875 -35.307986550180651 -8.3599062381219085
vn 0.83497714380606969 -0.45140930067345869 0.31471068076402647
v -3.4653249123205683 -66.937228896522925 9.9998541364949443
vn 0.93764502435307773 -0.34056063468721998 0.069571994418402186
v 3.6895348549025186 -43.555643880945112 5.8172888963858851
vn 0.48019883453387446 -0.3351442049830633 -0.81060930242539098
v -25.586380846021022 -64.354090946266993 -11.558970055099081
vn 0.95570207823073716 -0.16345484344812569 -0.24477755579055593
v -25.298720439756238 -65.837114075061734 -11.861899325156031
vn -0.059521327256370105 0.43659422867346381 -0.89768741279504605
v -4.6847070091822856 1.6509110791316211 3.0610918948173724
vn -0.7851115448593069 0.39054599247360833 0.48070124806519582
v -14.454906130468309 49.259883249321952 8.6422324856613564
vn -0.22609072906858951 -0.18782549095704212 0.95582664075447255
v -10.116887748704418 13.862838088793865 4.4949068570872521
vn -0.64590854636927486 -0.68805051813592488 0.33073952624386405
v -24.709130497686232 -63.07161557184449 -10.947896007985278
vn -0.54486447031098195 0.17698173597211617 0.81963417091104074
v -0.67119767053634938 4.8705843866822258 2.5917340276031511
vn -0.21917912538832487 0.90137754798816472 0.37346891032166646
v 3.5779998932722421 -41.373402955357136 23.261216281860687
vn -0.96454046727871667 -0.24058468944504446 -0.10853890632573363
v -22.344321179323522 151.89007458774569 22.872746683991657
vn -0.1660041988866085 -0.57018768845070289 -0.80456734080576464
v -26.478432967001027 -67.411667462779391 -12.349855094450113
vn 0.50445299763314744 -0.27803992580518511 -0.8174478410499223
v -20.756790604334292 159.19641332673581 22.50391942362889
vn -0.9306828944401071 0.29935410386642769 0.2102771278454037
v -27.684625108741415 -68.034030333337597 -12.413656789654146
vn -0.95159715301698256 0.2558526392683898 0.17030057354387529
v -27.502586719905242 -69.560568219119531 -12.58604964915228
vn 0.090626010050027489 -0.21277081961903074 0.97289028395860666
v -18.745087477352641 178.18354717024891 21.375713034539721
vn 0.44150144672728764 0.57811832009493835 0.68618924540415116
v -12.775691434592105 46.100812674577881 -12.207336821732403
vn -0.96641948450629245 0.19668235989640381 -0.16537662855486371
v -11.52690852165404 47.140894532826849 -12.571046164646424
vn 0.94454409062762179 0.085559264088855752 -0.31704269931511198
v -19.298821596069985 176.83890381409583 21.134184686285948
vn -0.65695293085740292 0.20953574533134639 -0.72422898179119122
v -21.042262366081324 180.44660649152817 20.778262320418307
vn -0.19999322326728955 0.29612007151331399 0.93397837977873444
v -18.678199082658857 189.72534797417802 18.524221705138572
vn -0.61654875682154264 0.32645028928500741 -0.71644807145217793
v 36.733012411262301 -148.09922847904164 16.518560365662552
vn 0.96249386256351444 0.23087348588142376 0.14248858917305135
v 34.115012142305112 -132.5373177085113 16.052217704917954
vn -0.025101712830749658 0.1037284864686879 0.99428884390195083
v -11.667556492232695 47.29958365147457 -12.11423552606654
vn 0.55456993863888093 0.42705265400652254 0.7141976014129795
v -12.487402945511693 45.687251807226133 -12.417475375209115
vn 0.20167016793356748 0.58413347513703484 -0.78620431605911323
v 34.932102312262877 -136.02157140166665 15.91287102918235
vn -0.64386019849191645 0.23661516159236848 -0.72763817251609841
v 16.995607967541872 -87.872486641997284 15.011662454706704
vn -0.80616444741228444 -0.49469909564120529 0.32461005606761445
v 20.425296448569952 -93.213577816954739 14.639729356728878
vn -0.16529450572603668 -0.41101375907737248 -0.89651849742538647
v -27.148024512202696 -68.262898422399644 -12.315509642356009
vn 0.75933747893126557 -0.52099462219012094 0.38983483263977686
v 25.612125595984573 -110.91838994974755 14.833147106821261
vn 0.69549892462602547 0.060659499001808816 -0.71596205976636218
v -12.076179283195621 46.064167632524743 -12.172211502804183
vn 0.9579801104405824 -0.24265902188096239 -0.15294020759768778
v -32.280366599643727 119.05978076339623 14.682581624863712
vn 0.90696886224189222 0.21941677981655824 -0.3595326962302311
v -20.44356346859394 77.150656175090575 14.320198179773321
vn -0.95843710190142128 -0.2289906975253784 0.17018102757253925
v -22.889988586630487 84.317326469858074 13.892913777785013
vn 0.98577002433299665 -0.15623047550775482 -0.062044320039340101
v 12.897812634450851 -70.188972034409247 13.224113986247792
vn -0.80663808826391925 -0.56264878102823934 0.18100094963664132
v -27.381006317653267 99.91426235197514 12.995225363035836
vn -0.027293908748464726 0.16650604277251949 -0.98566260975318831
v -27.845386982254333 105.97700700134074 13.172950181425927
vn 0.88463783564039389 0.32001965937325144 -0.33912139031342114
v 23.636317078948537 -15.217978867164419 12.597290009744349
vn 0.09799967334793315 0.1405389576046587 -0.98521310660135564
v 12.276063119375188 -68.282143439190065 12.790985074454461
vn -0.9304879544043978 -0.30052917472919133 -0.20946212508448989
v 11.690923597619047 -64.054347652467698 11.883163898414335
vn -0.20878973054571998 -0.41159219553705823 -0.88712947927099661
v -26.519900221945562 -67.573779384042354 -12.024035808785669
vn 0.31375844823525162 -0.84553534376632788 0.43200187337899904
v -25.637387819526339 -66.734774928761126 -12.08105326172155
vn -0.0761129661470685 0.60712989553063801 -0.79094886455272928
v -7.1769728141600702 -74.000956352156663 10.518888506100287
vn -0.95392356747900386 0.29272467444470129 -0.065894555005509461
v -14.693645910192533 64.000126418828813 10.275500518870054
vn -0.050155974986467476 0.32642307004243093 -0.94389213235264913
v -5.2228369682145228 -69.588301340150394 10.084014308198274
vn -0.56936790866575571 0.25076905001783234 -0.78290169761901629
v -16.230284599051569 62.254256903977485 10.167194535655426
vn -0.77149846992164328 0.29397718129195055 0.56424066477718793
v -14.186364734701991 55.091550073295465 10.389261059159592
vn -0.87440537603654578 -0.31191470143012273 0.37165098868447072
v -19.264096299716222 -89.46934059548677 9.8912284313720598
vn -0.20423023785691952 -0.48974241592804019 -0.84760980172829092
v -12.547799594441919 -104.4897726394863 8.5610887365012509
vn -0.69813135250425329 -0.28091490692087351 -0.65855860006549072
v -12.237180934009121 46.214158756001353 -11.844868011156212
vn 0.43608513282578731 0.22975815209518424 0.87008100109939279
v -27.224088239724793 -67.64238413180567 -12.100508638189424
vn -0.33698730325571186 0.3545418131180062 0.87220390975702455
v -14.789074217313594 49.333928086229555 8.2803613994898697
vn -0.98700943020465137 0.057004370893838176 0.15020947502100837
v -25.69949509226943 -64.045850176915764 -11.753861711882855
vn 0.040872724935242313 0.62264894240975943 -0.78143311605816645
v -12.099953067556347 45.023118913320467 -11.942930604522589
vn 0.90333207325326526 0.35562471443177157 -0.23983792009871635
v -9.0727881784540703 42.356715412357175 7.5830497081504173
vn -0.07273414368639744 0.2569135929378879 -0.96369349385888858
v -12.668115736027209 45.000308897556621 -11.90197981028691
vn -0.75784449541057164 -0.45952145699568769 -0.46315413345500495
v -8.616055760172312 42.08230494786573 7.9239860219072575
vn 0.99422382376840002 -0.018093078128217144 0.1057904947298568
v -13.875791783820091 -115.23880184853903 6.7201786651633597
vn -0.46728595865634198 0.4939368600183327 -0.73325998878832432
v -12.309499468989582 -117.43908673325264 6.6271940017501123
vn 0.92160810902634027 -0.10024153780336836 0.37495350041799719
v -25.429629543492943 -67.251119599696167 -11.778655924305943
vn 0.61574613137799528 -0.78183692775939395 0.097916903978754202
v -13.280806111008575 -123.51059967427094 4.8849711227888015
vn 0.387652887759592 -0.49436773521922489 -0.77802685106997671
v -4.5003163421211632 35.330056637784224 4.8910256858742738
vn 0.7208820469451489 -0.25117152465519316 0.64594267516131643
v -10.306999571421784 -98.495550520435245 4.704556674513384
vn 0.02162775440313755 -0.24513901746669706 0.96924666744587784
v -6.9043448177023521 34.656408990917996 4.3587052424821122
vn -0.39039254439511289 0.26739707945621405 -0.8809611019670488
v -9.5979791336865308 -98.887663559431857 4.359131391561319
vn 0.82693482242123162 0.52217311533363175 0.20860018477924652
v -9.5678037662697832 14.744825469974792 3.8754198048762767
vn -0.3530305693660829 -0.59715149971408932 -0.72026349586958338
v -6.8199320261599468 25.264024542720414 4.0949543503217392
vn -0.076662375200291677 0.23189569083652484 -0.96971504515507057
v -5.4103943096089342 23.411270765996765 3.4741224727957087
vn 0.34952062643587034 0.22727153448006887 -0.90894608273040678
v -7.4869692552248184 20.494055547576579 3.5925147323701747
vn -0.98525365093591344 0.1582437483842947 0.065070418891698401
v -12.375895806532235 45.162079909028378 -11.358474096069708
vn 0.0049040354182813004 0.28329766059427858 0.95901949194916014
v 7.8384488099735705 -27.969765139222826 1.9173911606197969
vn -0.27886131724706431 0.061715317370664949 0.9583462763245183
v 7.7515872305345503 -21.852248469360596 1.9278245640596605
vn 0.73866427110603805 -0.14858773240664652 -0.65749279872074373
v -25.7947875129381 -66.889174602691213 -11.590929274155927
vn -0.64021049112846251 0.20276883727271189 0.74095568401904122
v -24.859412700824283 -66.032664828357753 -11.670197030254437
vn 0.96095562087541786 0.041887149784590433 -0.27351373163127174
v -4.6495335816980088 -73.611138311310825 1.3387783827174644
vn 0.081662799987832019 0.0083507730862156255 -0.99662503063439545
v -7.4893681359142192 -68.115384418153639 1.185012256488406
vn 0.7197757731264316 0.14787520414052377 -0.67827410419434875
v -12.424428752565237 -109.03393309564095 1.6005629884148718
vn 0.58546878992689588 -0.60193868143280771 -0.54304338667961793
v 48.882034451747415 160.26177132703145 0.49736639919079728
vn 0.6663955919180512 -0.50151757780282602 -0.55172188122909949
v -22.664627452816148 -73.265340466144821 -0.090471892503570572
vn 0.27319013628654987 -0.88392354440870891 -0.37953434241934092
v -2.1459462034846206 17.805554088605021 -0.74878432115009641
vn -0.19216421610262735 0.53953189661863854 0.81974279294224817
v -63.470464889014835 44.376359953515198 -0.65892179589649524
vn -0.35648351912128462 0.2783886170136628 0.89186281372872855
v 45.092799617715428 156.3611969161351 -0.9036402585536436
vn -0.83955492141125565 0.30824017203675175 -0.44736509729402668
v -54.984242217142373 39.920100488964998 -2.0555004638928023
vn -0.047579203390441367 -0.92561307145544114 0.37546858903982294
v 42.543883335554902 145.95998024963822 -2.8456755807216076
vn -0.36084568587613147 0.20719373789040257 -0.90931905619732134
v -32.177426379503046 33.102000064420906 -2.857177292149192
vn 0.063314865004994836 -0.28581175542266618 0.95619185749075142
v -25.014401912747715 -66.069677980472179 -11.394660767564925
vn 0.51703934801708562 -0.10772656759578218 0.84915563899446511
v -4.4055960968450201 10.414864421061914 -3.230086085739007
vn 0.77206693000671633 0.53293347570227001 -0.34625794729637938
v 39.708750672377356 141.30556553308611 -3.078466052301124
vn -0.92820627404391276 0.3713912993690327 0.022396776073768315
v -25.397701827433139 -66.07002333827181 -11.428225231990361
vn -0.80106742228749739 -0.37151935026410726 0.46932329723656363
v -25.802083387271757 -63.938055109941295 -11.397110187714656
vn -0.76781779253278826 0.54321001025472682 0.33967443564262467
v -30.853111313650508 32.957045823922719 -3.5062559772015796
vn 0.62774669962059471 0.44635709620461073 -0.63772989876846664
v 41.49999034351643 129.72219952712425 -3.5147735547593424
vn 0.11544322123688754 0.15884847550761916 -0.98053048116790142
v -23.994679596934361 -63.050155710772714 -11.328744373429004
vn 0.70235851850711661 -0.30238600017278089 -0.64440299377019916
v 41.374602462378789 127.82199029444575 -3.6507635038966519
vn 0.76175678403222691 -0.20620525078387361 -0.61417098313909235
v -17.259205732293918 22.525632570267842 -3.879200805166743
vn -0.15065240574282293 -0.89246182396552542 -0.4252243471486874
v -6.5261005330753203 27.122661403963232 -4.1309861633630138
vn 0.89737562095189338 0.31069142869105476 -0.31334937539289121
v -1.391165755301351 -2.4407409054987657 -5.3213324566296665
vn -0.23625017325382588 -0.4172870626381549 -0.8775291237288696
v -9.2947679645561649 17.909454626190449 -4.9892247590815204
vn -0.30133466174748769 -0.046693766975862083 -0.95237446088979683
v -13.772345046560076 -122.9601051583893 -5.626279025896622
vn 0.14972335417388605 0.42235850786451701 -0.89397774471704827
v -11.945318046894464 44.022466727313855 -11.537322922716847
vn -0.43030240802344644 -0.30669313949271665 -0.84898713526020209
v 34.746197404930939 117.39167105179772 -6.2691174430978904
vn -0.05852336594184869 -0.29675206609768107 0.95315960201090888
v -17.017402145954193 -56.054730608186958 -6.8874868091962256
vn 0.80229848193892384 -0.34291504227582736 -0.48859637704291842
v -24.402287150549004 -63.261992330668818 -11.035091903008873
vn 0.18460450168734124 -0.83646510307041588 0.5159915787124506
v -17.391799189435879 -55.779158605629192 -6.955183526418601
vn -0.41268770533211874 0.57688436623902439 -0.70490657952434355
v -25.698384769711026 -64.464074920250511 -11.280800502472765
vn 0.22636813106348377 -0.42502961118184157 0.87641730862497114
v -12.714505009138323 45.18124240173826 -11.553545422413535
vn -0.85968311082552451 -0.020775791627219715 0.51040505037040074
v -12.080758801024999 45.414406853298047 -11.633421855607754
vn 0.75766090351990945 0.60512236936360475 0.2444930947351508
v -22.663957095844367 -62.672282734810643 -10.870142556118381
vn 0.63262975613024319 -0.61154501310282283 -0.47517606064242895
v -27.888007376680257 -70.045031085867294 -12.917317430291511
vn -0.98952184235525564 0.0089175756616718428 0.14410759989042501
v -11.953640559232525 42.611130908771671 -11.137098991454648
vn -0.098016525143948541 -0.24963480542805466 -0.96336660971698784
v -19.373957651177189 62.795670844686185 -18.467521645406936
vn 0.83428150745982221 0.54987333147804018 0.040170706239846511
v 1.5988244608120956 -3.1844487260764627 4.3800794991341441
vn 0.35172727513664448 -0.66180384601205711 0.66204500853688242
v -11.393320210969886 43.285823601968318 -11.219798518298273
vn 0.82355518590906363 -0.12749008189787414 -0.55272337998311682
v -0.24795615739485299 -4.9093479082191882 2.7155044415206575
vn 0.10111688616011891 -0.87864295640889356 0.46664968711692173
v -12.014819276754956 43.60064274002886 -11.205863656085429
vn -0.79300024422089943 -0.12564082449456268 -0.59612498344384124
v 2.3474385763756871 3.0323643041574377 -4.5207940619975115
vn 0.37833208662618034 0.56573377351511234 -0.73267327625172196
v -21.205703846943294 158.20378330847029 22.080913356078081
vn -0.48785462906797961 0.12333635828463922 -0.86416780987376929
v -30.012823131522222 131.40861476715563 19.8865791333522
vn -0.37977835619353811 -0.10201759326962506 -0.91943504981613977
v 6.4913897652154873 -48.072321619277254 16.011165462148057
vn -0.50157866121680972 -0.86475158518892103 -0.024970833490311629
v 33.966777873631372 -129.90945122936034 15.523409735653981
vn 0.80593469986012178 0.2963762993236948 -0.51247472987511022
v -15.747379338520341 -81.090821942751404 10.591022880687849
vn -0.96307140575979866 -0.069598946357517413 -0.26009508660059055
v -11.505694958307963 44.123108410424329 -11.39597244086152
vn 0.87261022269191213 0.29197556086279924 -0.39153757305324538
v -12.527394523151372 -103.9037861690897 9.0074819904172294
vn -0.42221167848813879 -0.18114415287532026 0.88821399134854384
v -11.673796185164292 44.212582250915396 -10.88087063357254
vn 0.22697921291957157 0.62859796057446049 0.74387165617735485
v -5.3110970488952951 24.521088717191581 3.9666513676020685
vn 0.82423091077930566 0.42388908340491654 -0.37544833291154212
v 8.4264744486987837 -29.358869021628443 1.4485801975138273
vn 0.13642165976351672 -0.81636189257444658 -0.56119728358183896
v 5.731465072581158 1.2688921811010201 0.58352881662072942
vn 0.97700500698510662 0.19086769347876978 0.095030205261939157
v -24.477773599212163 -62.781472362069977 -11.224611793305954
vn -0.31901001138527446 0.8781510727785673 -0.3564874556191539
v -5.4877762186141208 0.25213264900576093 -2.2444442969539611
vn -0.91577079543547857 0.10337492024727704 -0.38817196716318897
v -43.062591722056311 37.09145713669858 -3.0464677839883287
vn -0.28943071872299675 -0.20442757308437701 -0.93511455256686127
v -3.3105049372614261 -4.5353922178167689 -1.9210909142459007
vn -0.53366621456955632 -0.78702447861052816 -0.30950418655460288
v -12.449617110955145 42.33534447240929 -11.02996456023698
vn -0.69345181035316139 -0.12565737831071611 -0.70946092915255077
v 4.9662417577009892 2.0018960153000309 -2.6583959996998159
vn 0.82261414225840157 0.35534761739454152 -0.4438851695748538
v 0.13393009164574743 -2.5870932492150254 -5.4310047117558167
vn 0.033148384329058943 -0.44741803117810525 -0.89371040611211483
v -4.4228066059365325 -35.408668418522382 -11.360068987181609
vn 0.86895732620035049 0.21191957838127956 -0.44721723752717585
v -22.452622466666075 154.11928655978886 22.59806456893844
vn -0.93996564229682322 -0.11559390385256528 -0.32109599918660492
v -22.324369526246258 155.06871621854998 22.27547899683394
vn -0.41997308017947604 -0.23827940244336729 -0.87569717271200287
v -22.906799057303616 -62.339817128971092 -10.844592390461322
vn -0.10540823770971135 0.80741701723130166 -0.58048846991843062
v -19.689995992912309 164.57168287383371 21.81743246766802
vn 0.98283135539025845 0.025562780198221297 -0.18272676632142537
v 4.4445200140438601 -42.938891228814079 22.08957700340223
vn -0.60812431310127912 0.28992604687269546 -0.73900453798327181
v -28.798039503738266 140.18906811477876 21.736578863331218
vn -0.84247618440346328 0.2885659734011064 0.4549324759874302
v -19.635548470438579 175.01201347884415 21.371849118725265
vn 0.96665433693282476 -0.10137213295531904 0.23516607652688853
v -19.111918770508638 177.97071005160592 20.910271932394405
vn -0.72503378349966219 -0.12980883857539313 -0.67636948350134218
v -12.026006085866543 42.426386306258934 -10.379468080869248
vn 0.38902387953093975 0.25523217311717072 0.88516493319639789
v -20.8593097707612 180.87583103319557 20.232515115110189
vn 0.44539072378010525 0.1194199575990578 -0.88733645078835399
v -19.809191929063942 185.78421051375963 19.782949963849347
vn -0.082490269160109639 0.4625407416453936 0.88275218369144914
v -30.20494598873276 128.83136599569698 18.87652456831222
vn 0.98500735878679935 -0.069040899712761478 -0.15809445690063173
v -19.375004592450111 187.14763797649695 19.527759718301041
vn -0.89658097045122387 0.013695793842607235 0.44266803437312069
v -23.110835463722708 -62.454237362294172 -10.494096978344459
vn -0.70773267312021471 0.22408749241737616 0.66999944711932979
v -22.811932395963289 -62.783896630652222 -10.559763446610919
vn 0.24411764317656387 -0.81188807250688211 0.5303247439173282
v 6.760050948579746 -46.880605432595047 18.650400589512344
vn -0.93669046706077974 0.27158666286327532 -0.22102410156416927
v -19.063029943714199 191.71277191692846 18.697701352340111
vn -0.51146791097086086 0.082701640892269876 0.85531340141542833
v 37.903460058585246 -152.11082666942963 16.879078283601082
vn 0.98629940531544125 -0.13059141527977175 0.10079367703201002
v -22.56695013458928 -61.765862831264513 -10.398300269297536
vn -0.48065452887983712 0.84412248759465225 -0.23754673183253458
v -11.763391793089465 42.266535564907308 -10.700177169584634
vn 0.97811012546982223 -0.19217043775136 -0.07981920387888633
v 37.499610924563314 -151.671822811862 16.573024473419434
vn -0.41264573653056907 0.12653301278370258 -0.90206035984241295
v 6.5985127541620301 -47.530622138926276 16.180725775038454
vn -0.42976153290561131 0.8459966431630378 0.31558628707770364
v -22.071174188250943 -61.737087151127071 -10.495461854358521
vn 0.71223591773838668 0.46385803403289216 -0.52683557372912726
v -11.850594528415133 41.313010906487484 -10.616517333669556
vn 0.5796375525075762 -0.10787664689191248 -0.80770225750482116
v -12.146371108850595 41.067389785429953 -10.594925525313586
vn -0.28839750243528123 -0.59300044091516046 -0.75178278622452999
v -11.664251431521079 41.462043447622783 -10.318306652195885
vn 0.90268066969436012 0.43015659893910463 -0.01152861436964869
v 36.631454837787921 -141.85781385164984 15.956968124616523
vn 0.95351342276428819 0.20558021714911059 -0.22033821031599674
v 27.882417797013471 -114.5185329301639 15.367526371735567
vn -0.6741261045992526 -0.73563272747750263 0.066321077809757656
v -12.478384035598364 42.522322891674079 -10.498825768257477
vn -0.77213374002760982 0.31929084647965028 0.54942046090884167
v 23.628755611203559 -98.741064237493816 14.996181124423256
vn 0.41314018048363083 -0.22777007663167928 0.88172330323132098
v 31.549831313225141 -15.434740276431956 14.511503321607041
vn 0.44528497481681734 0.72788446817196062 -0.52144557932387181
v -21.900409249453418 80.647373609975276 14.184548868167516
vn 0.29845475709423219 0.26078689695677371 0.91810399865346393
v 15.603220596365469 -83.501567364960152 13.956057853758761
vn 0.75166484484195084 0.30212919577644959 0.58627460297048672
v 15.15093026129572 -85.599969048853595 13.767052430750784
vn 0.63087749271869109 -0.22652176006848565 -0.74207916113879202
v -22.551171936582023 -61.455036773218929 -9.9355414670713742
vn 0.46721242474096941 0.74369966728647352 -0.47814574665644838
v -22.555266508010973 -62.182862578007651 -10.193698513916976
vn -0.29071550636154575 -0.80554214170008909 0.51632000959306601
v -18.756064112242299 68.090750164573066 12.048798452579447
vn -0.80801287941774624 -0.35861968522999582 0.46744743882128753
v -13.458186446856203 32.210194123044801 11.407489475732934
vn -0.41356836743209052 0.46367345545891847 -0.78356118597231561
v -11.411571581303477 39.882770219236079 -9.3111654436849349
vn -0.80272112438774579 -0.5009144934021047 0.32361005355425243
v -12.435138707344231 41.182767263884777 -10.233945258815506
vn -0.94838684900741321 -0.26760889826665574 0.17014071293578353
v 16.594558344578179 -15.32119119368067 10.865479181015919
vn 0.14798000043241391 0.11966156359433253 -0.9817245182179074
v 5.4025844230274558 -48.315852603337021 11.262345974650998
vn -0.937254221481574 0.33663089694557785 -0.090742291885230725
v -15.607520152562955 65.319533077417901 10.735304274323454
vn 0.43385375471519638 0.6596649601657224 -0.61368808025664146
v -5.1116243180074399 -35.014830898448139 -9.1048581938487985
vn -0.59046494241320235 0.76436359644261309 -0.25903560414407878
v -8.3808589495119747 -76.84654812582059 10.474137515853371
vn 0.48523210333872191 -0.76869473117200549 -0.41672318888907328
v -14.25450342953971 -78.46637705821442 10.685690919882823
vn -0.91197811282220642 0.34308462759242958 0.22491967464632939
v 15.797323626628062 -17.083758845102331 10.202847205655612
vn 0.81648843313340846 0.54780440894728188 -0.18236493110592983
v -14.880416185410468 -80.373696372242108 10.477966054898387
vn 0.24897226463104036 0.056680884691980862 -0.96685060312078497
v -15.248415098683228 -81.362996065769835 10.30648658986795
vn 0.75311466025409934 0.065149918896097114 -0.65465547930051304
v -15.215193893246692 -83.592649556688599 10.339935400471905
vn 0.88424868477132401 -0.42167484272384204 -0.20073512521232287
v -12.03716338078539 41.420714765540907 -9.8801993116860913
vn -0.00073495867524921003 0.35203195380735874 0.93598769400794968
v -22.86642982363912 -61.018422775368492 -9.7066588854209463
vn -0.48165371674278112 0.86392531412117624 -0.14711474694432156
v -15.024340546721042 63.92275641767035 10.43374825080172
vn -0.87961788518920769 -0.023159842346171841 -0.47511682537852334
v -13.429687580994752 -77.687008095389388 10.142033787539688
vn 0.32451340011413154 -0.5356394628995137 -0.77960337283203573
v -14.379187083269173 57.357457813095053 10.021408175502481
vn 0.83999162628592228 0.52881640849944822 -0.12152067260872201
v -17.448280688804488 -86.259973038709035 10.072789379400501
vn -0.41390882175047311 -0.059703972893073776 -0.90835836699945582
v -22.777264513056757 -61.809161633333886 -9.5521857901740379
vn -0.61130356915850692 -0.5794401300133134 0.53903347026341963
v 6.3614505821147365 -51.897741718857958 9.9052590575106514
vn -0.74178288934134651 -0.2710363342421569 -0.61343088494220566
v -17.671023900368109 -92.537596803244583 9.8916362184927937
vn 0.92210648329749867 0.3835094160028083 0.051382499918792429
v -15.691770681988885 -97.681236698246266 9.6702351244876041
vn -0.48987575293408536 -0.1561793410619155 0.85768861489046755
v -2.9955692443370623 -58.697732405943285 8.4436913488375502
vn 0.35146589669510142 -0.21149086365812966 0.91199963708844023
v 14.43449884129288 -17.14752107310807 8.3053191434165399
vn -0.26597901451720174 0.88391926214237815 0.38463216434683672
v -11.690146052521293 -109.63948347208439 8.6518713216964116
vn 0.93509578851536512 0.34117318628724058 0.095899547754093442
v -10.626836780667372 39.979130194666659 -9.5576259684756018
vn 0.87982396242707639 0.012115612947650414 -0.47514524838413469
v -3.1002731551341038 -59.769343679534749 8.1852352744246666
vn 0.11714704363826833 -0.62921329861450714 -0.76835356120308629
v -0.23508106442092469 -56.424018080969759 8.2520198654840335
vn 0.80051617107321837 -0.58665816032615159 0.12249923580581656
v 13.98301848105007 -17.859227359099759 8.268513730887566
vn -0.33265142893208921 -0.77343780127301276 0.5395711207907693
v -8.7662449383867127 42.223974311581713 7.6507762775998884
vn 0.65071992311906623 0.27980005299360805 -0.70588633079320262
v -8.659662342929046 36.775973672266574 7.0684275356405326
vn 0.11477311816520092 0.064221828688483265 -0.99131361741203972
v -10.092218531116487 -93.008865955134866 4.7533388246199024
vn 0.53877488683397012 -0.017341011233985563 -0.84227128091038794
v -10.723615896163867 40.247004002840853 -9.278179809482797
vn 0.34709679738669402 0.77125998377134697 0.53355585525502547
v -7.2315183166752419 -83.491776742724682 4.5833159959779124
vn 0.99002133210160892 -0.039534914966973499 0.13525809581060194
v -8.3916436838819877 15.830844035487377 4.0464126944198515
vn -0.22967538415616598 0.7957348923419072 -0.56040628032020745
v -7.0182153753988814 -81.324423381773244 3.7661628535800986
vn 0.55140722783211249 -0.55297410597417063 0.62463565957810285
v 5.5523548665755849 -15.371218900250069 3.429619435689534
vn -0.3228691439798802 0.10935351858488129 0.94010495362954316
v 4.9692650765923201 -14.258758074290141 3.1690345215849263
vn 0.514041869513153 0.65525920111789571 0.55353079023461726
v 4.1884885149868207 -12.811023379117675 2.9302991236214502
vn 0.9053118629896314 0.33698370393400601 0.25855833773669207
v 5.9459910818126342 -14.884137351307819 3.0832852069989425
vn 0.20103290737355858 0.94032414116382168 0.27454740883398532
v -4.499905312630073 15.994676374299237 2.844674940942189
vn 0.26860477512116149 0.92888341236349337 -0.25500408039492778
v -1.8172097411105113 13.376487436274394 2.5735340788841992
vn -0.86910978962005259 -0.43655687304654367 0.23252154778087084
v -21.80590630672323 -59.581056875798048 -8.917588672375155
vn -0.40705758078843562 0.87269085028048921 -0.26965682961753978
v 7.5045916269704236 -19.002330033958387 2.067039178464674
vn -0.11505932374145547 -0.020367273138012249 -0.99314980048584844
v 4.9041246601833652 -37.394387248425545 2.2738689086243005
vn 0.74464369952644427 -0.65702711942446734 -0.11756328124187838
v -5.8544629111744229 -78.969855020575721 2.1444960674212865
vn -0.68444641424281194 -0.21135882641581449 -0.69775393408155495
v 9.2020465868142978 -28.799709700520904 1.811333913083951
vn 0.9127882830829438 -0.058776798257525409 0.40418168965588441
v 60.88096070022852 173.68921732136016 1.9595057740984623
vn -0.82898449661697449 0.49435565778542717 -0.26152856055168983
v -10.574170555976767 37.286278297370295 -8.549470307557506
vn -0.26535400391251523 -0.22928793751729648 -0.93649041336078898
v -5.1689242565141384 -74.478314411293425 1.8397971550579106
vn 0.16184367606438818 0.098123521207679587 0.98192586232554824
v -3.9080796164317686 6.2290761421117677 1.131245123794586
vn -0.9186306292942864 -0.080852764560858006 0.38675650916985205
v -4.4312063130863635 -72.447251289556903 1.7863391608780503
vn 0.77179126402784115 0.53364885550883634 0.34577036279070544
v 52.43309265848049 164.3263146793702 1.4130247039222357
vn -0.67704354459900218 0.021987458465997305 0.73561443051847819
v -8.6186497442838856 -64.969449603152214 0.61548880662557792
vn -0.76918683975372459 0.030992547328899219 0.63827193856517295
v -3.3440046460928716 7.8533719545216929 0.91828056500915722
vn -0.66709284059824414 0.59008794721000257 -0.45473438024856966
v 2.7230759427714446 -35.725914981084799 0.65512134439658887
vn -0.48492207404595894 0.83477379265701979 0.26077441821616704
v -13.288714366491689 -111.3243668303146 0.4734101167718775
vn -0.42002964636627788 -0.023561465264695696 0.90720447173060159
v -1.7303624449827852 16.482964063732908 -0.50417059625011262
vn 0.5165957953435073 0.43437307672855086 0.73786774861541515
v -23.961603997187993 -73.203862652179595 -0.035693039996518516
vn -0.55683918463515003 0.8075163075735845 -0.19454443054887302
v -13.374477043934654 -112.39877768258492 -0.32714785731320006
vn 0.78499348549139791 -0.43431255763724458 -0.44176671447118043
v -1.2835415798195859 -36.842076612250906 -0.42317440923877581
vn -0.40017425294143916 -0.71881143340466969 0.56848103793309168
v -12.232777383615394 -60.99035753207982 -0.75330995728586736
vn -0.64692847372712303 -0.74474855826596864 0.16380822580644716
v -20.95227090943078 -59.36757456467592 -8.4873220316410478
vn -0.23067223518277249 0.84902673330456979 -0.47533559308130346
v -2.6335242083303472 6.5166182780263302 -1.2245832095550817
vn 0.98718934990527885 0.14429818542605824 -0.068082458213107988
v -13.959323996035923 -111.85630661758871 -0.98374775625010624
vn -0.51866800521821677 -0.664758157110101 -0.53766169002313902
v -11.074165831138295 38.527361323977431 -8.8629578088175691
vn -0.96382273195645185 -0.26650933883088107 0.0043027525990108183
v -2.3013747508776001 16.077647755097619 -1.3046375293638892
vn -0.32439519830800945 -0.44063865225821058 -0.83702170428894784
v -22.641609258524635 -60.584746313095401 -9.1341123504426456
vn -0.81056446025992879 -0.054072386494739721 0.58314786528143425
v -20.667170362905921 -59.522844583036857 -8.5274824675026224
vn 0.55366952654392898 0.030607081824800042 -0.83217381713124783
v -10.826705003064935 38.853279363864459 -8.5550441105593524
vn -0.40402916873186012 0.4870224114892806 0.77431879837765005
v 8.7309013444217705 57.755962277944292 -1.546792912357331
vn 0.5695361746347265 0.28376801431617066 0.77143000967910236
v -2.7238296232231498 21.809978891289543 -2.2864423877646645
vn 0.7717881559342612 0.63480315519676955 -0.036986436862972996
v -45.823709294644843 37.753990006455901 -2.6507210216346619
vn -0.072783276087695303 -0.99657612970908993 0.039225150299184421
v -21.121555019237434 -59.537807067059902 -8.1617661107793964
vn -0.64395790959644039 0.053579758026942731 0.76318242917270906
v 43.230276398046534 150.92478863018562 -2.7212623876560484
vn 0.24512708432056668 -0.20114658479855516 -0.94839483547538117
v -42.891470080548871 36.727500396822215 -2.70960941085045
vn -0.26487237004844261 -0.94965686805974492 -0.16731545216111127
v -9.1806477520596417 -52.780637911610043 -2.6564591628186562
vn 0.53454272720644258 -0.84514019733570889 -0.0014558976811082024
v 10.404340117740521 78.02065616096732 -2.992508160697894
vn -0.76243879627699995 0.20741339726745514 0.61291660490286304
v 13.534372907374401 82.911053279269183 -3.1060120672065024
vn 0.84258105095883862 -0.471430463843443 0.2604044744727998
v -28.380342337240556 30.026390561192613 -3.3616622488628911
vn 0.49788313670648365 0.57289148331075301 -0.65108196913546768
v 13.514156025989688 82.757308194168672 -3.5395187810037854
vn 0.81810097253350178 -0.35293623004002428 -0.45403393734926201
v -32.093972702482759 33.057717213491891 -3.7249465890548259
vn 0.13578523406445217 -0.26049967980156452 -0.95587775736929048
v -20.665404447154348 -59.809550182253545 -8.2203503287856474
vn 0.44864256185041534 -0.82948524560479231 0.33267713931115506
v -10.025825407577639 37.390376293609094 -8.1541000999306661
vn 0.98831446919578225 0.14561963744302625 -0.045049208308479444
v 12.306646295294549 81.256835835522679 -3.6188239254148016
vn -0.54576646988482191 0.17625480050114223 -0.8191905795660509
v -5.842275133114093 24.720959565676495 -3.8014152542743638
vn 0.61076207426050466 0.011736077093419121 -0.79172719616005571
v -20.152913548238487 -58.537460184262073 -8.1849918247261311
vn -0.35341188345906333 0.7980890969572183 -0.48801007566230564
v 13.633557661275905 84.495558578422305 -3.9614147603855141
vn 0.51195370664987594 -0.064101893614279454 -0.85661797172515375
v -5.882118436414622 25.160981149167188 -3.6752479507165412
vn 0.87386033089318638 0.3429058937025688 -0.34465006913577351
v -9.6204463964760052 18.57789426866043 -3.8014610756688736
vn -0.42062613265601023 -0.56051605162666529 0.71336905763826186
v -6.6003629488482156 27.187684907864643 -3.7521310259529419
vn 0.70787945605416103 0.44884736929031527 0.54538308992636397
v -19.78728030380131 -58.654866986752353 -8.1514159077171371
vn 0.68479356452420304 0.23873017667630983 -0.68852427461225663
v 14.486931473328658 93.34977031884921 -5.7530058670941653
vn -0.44036598383092734 -0.075911932518673217 -0.89460336394734163
v 14.844539281796642 97.521405850497899 -5.7161338172023157
vn -0.25736888119723184 0.10289498172586008 0.96081938038682391
v 37.71602285387516 118.43874129762695 -5.769849193853025
vn 0.49380594863884697 -0.65408219447068638 0.57300276436095798
v -6.1011586522841448 -36.854626639108567 -5.7679199934236838
vn -0.2545277139586351 -0.90720620735115398 -0.33495154898959084
v 18.084508376852309 104.86087511019163 -5.9303740958496576
vn 0.56025396714917275 0.11442866299413763 0.82037892060863415
v -5.1441036553165587 -35.454145283712606 -8.4702728283665873
vn -0.2371122479069753 -0.96824793960979849 -0.079206750557518954
v 17.079806824238762 101.35573968934862 -5.7229054841415827
vn 0.7737972902267054 -0.087728277860439227 0.62732886343723204
v -12.725448146147585 -125.28624615698789 -6.2152600399261928
vn -0.40408004930155117 0.64688846519845167 -0.64672608370905194
v -10.611883215439139 38.038097219205703 -7.9630072876868576
vn -0.11033992409171219 0.39970306516913984 0.90997942880365679
v -14.659406123533586 -54.83539179888102 -5.9038986465911876
vn 0.40094888032620934 0.16978723435504059 -0.90022902109142511
v -16.239203476612005 -55.384722864970996 -6.4954314357989915
vn 0.70910466014538109 -0.64130521328818313 -0.29308395447294894
v -4.9164695866648565 -34.957945751373387 -8.3712024162316396
vn 0.51623706844172623 0.82338211142227191 0.23567177972021597
v -12.547484538335183 -127.37699844006727 -6.7393097645865332
vn -0.84987393916301268 -0.023002410961474672 -0.52648378571566978
v 17.558169560378673 105.61639744668682 -6.6152511327953434
vn -0.88372146604807256 0.2039036239152579 -0.42125963799071758
v -10.79571060966936 37.076509580233314 -8.1599837865430036
vn -0.98502148039553328 -0.16733894819970324 -0.041597590973622478
v 22.740925868860419 109.84851425508332 -6.9221652030972995
vn 0.26089662454852619 -0.92598326000385367 -0.27292481289142823
v 30.230744598908529 113.82049745674408 -7.04978399707975
vn 0.34143644968291381 -0.54428697752421795 -0.76627203845989222
v -9.7796514008776789 33.874386311974831 -7.4126741179233999
vn 0.63205637482043497 -0.31526007290049485 -0.70789534924565278
v -5.3270461058693952 -35.189918618278995 -8.5688859002895956
vn -0.89924488793105972 0.015940395176170023 -0.43715504724466286
v -12.358145960804354 46.936999519306461 -12.591915979236857
vn -0.77691271908430681 -0.51606502818545852 -0.36067092149072794
v -17.322337185193845 55.797078019895082 -16.547836745897342
vn -0.32578999509962436 -0.460798911147979 -0.82554542126876573
v -10.308554679094245 35.397510263582191 -8.0292198724223063
vn -0.26841523659678929 -0.26359628229976795 -0.92653670230619067
v -5.677968199506628 -35.124541835217094 -7.495298429070071
vn -0.16898623142582836 0.98358590050005457 0.063264760538495071
v -18.556093773458421 58.699176953966955 -17.450503451717935
vn 0.27276339948662409 -0.29881345666452147 -0.91450021652086033
v -18.77848006896054 59.658720976126546 -17.756725499523689
vn 0.51559261446131843 -0.12379263272659215 -0.84784411302760221
v -22.630457752545908 63.127712828955211 -18.584414471067966
vn -0.85243317515749117 -0.52249420923577372 0.018907226290531862
v -10.228554690403595 37.434538756889182 -7.8321433899475421
vn 0.54398512181563508 0.33179329908643324 0.77070966902236882
v -1.016979372941158 -1.733412483371682 5.5385834035902972
vn -0.15500195708269046 -0.2978677040370446 0.94193907668820875
v 0.048536733451650993 0.66120421474008939 5.9473922818375868
vn 0.020071216523757963 0.12322182357554613 0.99217615797900194
v -1.3267797618564057 0.58411768604976499 5.7720707380027809
vn -0.22389397042685963 0.10720978624529297 0.96869889632420614
v -5.4660945852879657 -35.539358923503059 -7.4591280751816136
vn 0.95968873708370073 -0.21757123104289677 0.17793337892922162
v 0.1107410102859232 -0.30450893929039147 5.9517280418271019
vn 0.031570482422408702 -0.074038793349065074 0.99675551752625424
v 1.7714114002060601 -1.4532121928239357 5.4241183259335681
vn 0.32753352305323447 -0.29918575884536586 0.89621965665815373
v -1.3314620334717884 -0.54936730524690391 5.7656015167895491
vn -0.22218058865585794 -0.11164674608469875 0.96859216913685353
v -0.61714626657818261 -2.6189646148275503 5.2427159320060888
vn -0.070471582646883454 -0.50462904592827418 0.86045527602819849
v -2.0552523436086383 -2.0471006522975825 5.1988803929097118
vn -0.31710217726394052 -0.37414455697702581 0.87147120414786705
v 0.79515096320378831 3.6118186131680954 4.4957470455845492
vn 0.10570461168984986 0.68276220478883975 0.72295387596953975
v -20.023349369861933 -59.003216845813299 -7.79889787530756
vn 0.14929376754122281 -0.87676186041511528 0.45716519016081403
v 2.6951322134282276 1.4875735076502012 5.0778385353684081
vn 0.46977741033042669 0.26482892494947663 0.84212518383749946
v -0.59093246647213848 3.5857851942763288 4.4890948697674418
vn -0.12832423518181033 0.68865354993017558 0.71364499496147971
v -0.97981912924066406 2.6838314175816138 5.1128565369901278
vn -0.17033857059691448 0.52136321318136358 0.83616097212690099
v -1.4482738518043412 1.8017928034502124 5.4638186548024654
vn -0.25600064990147037 0.35018318641091362 0.90101909147649262
v 2.6388093442101068 -0.922671749096586 5.150296389093894
vn 0.45791028831956238 -0.20092267105950415 0.86599552429871685
v -2.4532543753039442 1.227204463229844 5.2255996795628823
vn -0.41439114225548351 0.23695612943472602 0.87871029010903756
v 2.4138715307903706 -2.4148365793738806 4.5868624610196775
vn 0.4469525574866659 -0.5282048623306157 0.72196470465419826
v 1.0210304879120713 -2.4303768674323116 5.1972694427734965
vn 0.21227691465295412 -0.49322219498491215 0.84360558193962165
v -9.9324384623385118 35.728327881118339 -7.4841299112126833
vn 0.95553256355717509 0.071609774409360769 0.28605866564551707
v -3.0467635141384743 1.7014597263902616 4.7567795371144079
vn -0.53946094144834111 0.34547530164090434 0.76787284664050703
v -4.1063211867612006 1.6204661340656354 3.838420404102715
vn -0.70386717552487088 0.33910343377950181 0.6241633283184711
v -3.8357104084522677 0.20991162589020662 4.496333227729707
vn -0.65731073024546371 0.066694865694127525 0.75066263980180703
v -3.868216480310406 -0.94535852785077612 4.3732738838011311
vn -0.6564922239499541 -0.14297762539544234 0.74065873283822425
v 4.525989970610282 0.099338148504554136 3.767781400935259
vn 0.75431987521197819 -0.027498992823188809 0.65593088908351915
v -2.0186177048747176 3.0227345888743891 4.5333714118001609
vn -0.38253864798112824 0.58702379898897172 0.71348948290870118
v -4.0247687370718097 -2.1006158197538252 3.8514199526474071
vn -0.67027580145076537 -0.35333805765713328 0.65259678745808924
v 3.5500872732164961 3.5585849084975831 3.0291816812469441
vn 0.57979807297528729 0.6336442955947108 0.51218073102609596
v -3.2377430009273591 -3.221176080250379 3.7294447615141348
vn -0.51884542520375776 -0.56035753327554849 0.64559961248940856
v 0.41090956450620375 5.0128434011135932 2.5691646357920477
vn -0.01860310704521324 0.92674860441678986 0.37522119958738553
v 4.9922031159740063 1.1883789534917091 2.9649481865366938
vn 0.83990695818134065 0.18511875309107267 0.51018364228243762
v -0.32859442273650308 4.2804378047658158 3.7220894112898861
vn -0.096569413553812114 0.80212075095503421 0.58930183204636721
v -1.3228474716960483 4.104953625753196 3.6534934429060759
vn -0.27169862979633463 0.78486280397660779 0.55692928949802167
v -4.8591770603689985 0.14730030631529978 3.4134680449078516
vn -0.81161987727426754 0.065406907283154819 0.58051280028346974
v -4.6784639518607651 -2.0697796361066434 3.0544796230543332
vn -0.78620636881524242 -0.35193844255988804 0.50795558691963549
v -2.4336121595178755 -4.6567529180139555 2.5522989951550956
vn -0.36286591504569188 -0.81967209842736921 0.44324482936377957
v 4.3982866174703279 -1.4048551377708458 3.5156172783987447
vn 0.72527974907692583 -0.33799713368367834 0.5997726429244078
v 27.190851808103957 112.67973587305426 -7.2265510858232247
vn -0.2079731167568484 0.22981277843165682 -0.95075405314727135
v -3.977045300562859 2.758600110499084 2.9876767929597778
vn -0.6834592230084986 0.57427462542024299 0.45065745870123897
v -18.289069807577292 -57.766088914062131 -7.3436105447290387
vn 0.13733686461788794 0.41137025914442904 -0.9010622040172217
v -5.435979006812361 1.0871593170519247 1.9460654218456452
vn -0.90021304752922227 0.26898346760923952 0.34243884594341734
v 27.418610077904532 112.34484300559916 -7.1685943988863983
vn 0.21382230504339522 -0.70408307850819229 -0.67716101513920313
v -4.8665981906063935 -2.9397081303392754 1.822496828635813
vn -0.80504233994162211 -0.50163683409012516 0.3166501501426362
v -4.0259494981109363 -3.9384950160873906 1.9037575194403245
vn -0.65568480179421484 -0.68282584831547144 0.32222088940405169
v 28.821915931518234 113.86333169983278 -7.0095645166596228
vn -0.48422540671663816 0.85372900532431006 -0.19150075968013955
v -10.458718371238728 36.046563319181374 -7.3325849737385553
vn -0.45036243622444161 0.1953235540873226 0.87121890777041944
v -0.66749845070108771 5.1559755986908762 1.5658546542667664
vn -0.23402427483637117 0.95081820377660364 0.20292210858933946
v -4.8291350978362084 2.1317901892823108 2.2706207508547052
vn -0.78179317133114012 0.49631835295812665 0.37744871145220643
v -5.4493313284083715 -1.7174843820040584 1.805121028658645
vn -0.9075614002570036 -0.27925478932048053 0.31360654872805344
v 28.38739902411265 112.62409310937285 -7.1548175772416123
vn 0.38414175280482399 -0.79682301585259496 -0.46637773870502514
v -0.60102207721473566 -5.5015457479915497 1.4073609834657645
vn 0.03523780253556872 -0.95862225402352041 0.28249189610204645
v -3.217166026896078 -4.6952968698120632 1.450452116247523
vn -0.51293305923693866 -0.81714107658821933 0.26302117347103648
v 2.6621251655135021 4.9296176332678492 1.444709253008861
vn 0.4009337650340199 0.88558030002596433 0.23452003808111671
v 2.9024074636339257 5.0095041272359726 0.30691168729991836
vn 0.43238929503690582 0.90050126839823841 0.046227298760054603
v -18.522303015293371 -57.706416583060445 -7.1753340528926124
vn -0.50316085636522179 0.73456311893998816 -0.45524298667302215
v 0.59834804772597661 5.4195953399193142 1.0914559073068286
vn -0.024804076583914397 0.98587980548350584 0.16560726712503918
v -5.519547965261534 1.721144736855768 0.84036092459733114
vn -0.91164776690947402 0.3953990338174922 0.11206227351416277
v -3.3211427222159076 -4.8747843747579092 0.31118958503572119
vn -0.53668355985048177 -0.84100822588173418 0.068380703312207178
v 5.7158654888675162 -1.2699290689748159 -0.42727324763273727
vn 0.9645097684099565 -0.26176353760632487 -0.034651941094173702
v 4.6984861142377863 3.4868861972868168 -0.78587222241516697
vn 0.76776451483041752 0.62937688993490626 -0.12009321455885115
v 29.027868361763126 113.39945471576476 -7.3022834967866714
vn 0.11390962066616862 0.097266057294075975 -0.98871831803509902
v 1.5805910469045692 5.4536853437283526 -0.3966418789661319
vn 0.1688039340553712 0.98437769950536191 -0.050057732309418478
v 30.072312091846527 114.16594163399409 -7.0750275177943394
vn -0.2315460867528277 0.40101236500637033 -0.88632696722002635
v 5.8786737397476365 0.14865350459974125 -0.0073050166057492052
vn 0.99976184305839733 -0.013429489605260189 0.017201917725032972
v 5.135002996048363 -2.611867977037388 -0.34728323464447092
vn 0.86069741529195176 -0.5090765696998607 0.0064035531056275052
v 0.93036985074505396 -5.5587648488860388 -1.1394622714449989
vn 0.2387597259908551 -0.96719105874129463 -0.086805812798829457
v 22.687438387921816 110.30119288660387 -7.1739079673094706
vn -0.096916217314007805 0.21537361442205052 -0.97171058089964524
v 2.768922104481685 5.0195032661079386 -0.77023812047456919
vn 0.41572089559527586 0.9031747637122518 -0.10701160291659874
v 3.2007742938148471 4.5079502957652853 -2.0120014487027102
vn 0.5026756220389158 0.79808345059667651 -0.33223489415094759
v 24.325215075627966 110.59841367461286 -7.1027956675621624
vn -0.43282363546116964 -0.012398149013185011 -0.90139335835539824
v 5.7248336278086285 1.5243201901846755 -0.42434665379497799
vn 0.96980232704371039 0.2390759104710582 -0.048230234221273177
v -5.4221089867573316 1.5956300588119863 -1.4610821253543858
vn -0.89157681204874639 0.38319409042244235 -0.24135674277366184
v 5.0644859460235132 -2.3037302130215309 -1.9574113713185715
vn 0.85096992411777939 -0.44317592713133447 -0.28186040136610702
v 2.5973658342316694 -4.8978165055968077 -0.8069557751198424
vn 0.488273143948183 -0.87259107952256887 0.013196394833241041
v 3.3729659533704655 -4.3884806832307666 -0.41364101829271122
vn 0.54749515034318608 -0.83296448742139784 0.080120053953427112
v -0.60682291273417732 -5.7107168006512135 -1.0273208964511069
vn -0.032256401443092948 -0.99291420094576821 -0.11437182400472892
v -18.50363814064805 -57.846269837912786 -6.8715878707907585
vn -0.17674311976229878 0.38807011559039217 0.9045238830469593
v -18.397324428140067 -58.234826307127108 -6.9869789155435598
vn 0.18786376066788898 -0.62816195728807556 0.75506275424214375
v -3.9853442122159959 -4.0372207980659871 -1.8914280177779561
vn -0.66035473781527265 -0.68750318313794423 -0.30211089589770934
v 2.5801416347801789 -4.733077522847454 -1.9604643250537794
vn 0.48655145399116534 -0.8401476094017265 -0.23962403267545376
v -5.553245567665674 -2.0553976867055068 -1.1196022487680688
vn -0.92476746401870602 -0.33408919228962175 -0.18217999090920911
v -4.7585764810236606 -3.0748253114902706 -1.9176589387624765
vn -0.79172198222020029 -0.52268718977803019 -0.31618729340576318
v -0.96678925418036243 4.9952873877837716 -2.0192835769823261
vn -0.29723025165927119 0.91698144423147521 -0.26608120646472588
v -0.69988419460652884 4.4961542703461195 -3.4058040649771755
vn -0.18191793057260702 0.83326544608773812 -0.52208673885895907
v 5.4814304271713254 -1.2186585449135667 -1.8345546226157259
vn 0.93612407695419853 -0.22874088446259114 -0.26711293551964349
v -4.9075710019746861 1.6632084689212814 -2.6681209167108975
vn -0.82359779777052589 0.37054437536438556 -0.4293990374853644
v 4.3556311026065746 -2.4984133782917008 -3.060847839749512
vn 0.72159163122412873 -0.48126412447800282 -0.49768500101743313
v 21.135179190862736 108.67795546302621 -6.9980326557046286
vn 0.17161202435169678 -0.15985027428479151 -0.97210966609173755
v 27.142435567261479 112.894901441972 -7.0340296557040158
vn -0.44994854513829208 0.85671172133768614 -0.25217322072447174
v 28.139049559570623 113.23902378817148 -6.9734202205304525
vn -0.6666324988652943 0.71745898683074905 -0.20212301618669881
v 5.2445779530467558 -0.0050448655250896479 -2.88686706500815
vn 0.88493425033332018 -0.027413000651874273 -0.46490848559933257
v 4.9394115435326755 -1.3670968445124991 -2.9978343760606436
vn 0.83271986487516803 -0.25568171886681862 -0.49112573265874704
v 21.141916913577063 109.26946198985917 -6.7737672026972717
vn -0.62930312212690598 0.7027421514829636 -0.33185998404511485
v -4.8463928006061057 -0.63404689058528163 -3.430403336854186
vn -0.81013807185168096 -0.069928323942543447 -0.58205354912329776
v -4.0937985087588968 -2.0640083412975052 -3.8485148210762827
vn -0.68682352790998225 -0.32990802783161566 -0.64763734812126128
v 33.782377283137748 116.38030419299281 -7.0020937476027854
vn 0.3486385856789404 -0.10562608365065 -0.93128635071518895
v -0.65101488344530534 -5.3705567447570965 -2.4020264510509057
vn -0.074462253143330048 -0.92174370138538753 -0.38058365941430555
v -1.2995123474719996 3.3997610230442445 -4.4650421923270249
vn -0.23591177658221038 0.6679677897003784 -0.70580781066280096
v 4.5958302936183379 0.90662846590580193 -3.7085657270164436
vn 0.76285467289548303 0.15641459911066508 -0.62736530126121537
v 31.336938350940954 115.19822264910914 -7.0768420946431867
vn 0.31143022763736505 -0.05350606428786623 -0.94876146338168776
v -3.0495642446259916 1.6963625870861367 -4.7326280564159031
vn -0.53237191781726323 0.36098081975452689 -0.76568465368513094
v 3.6331155123367394 -2.5427435484795717 -3.8833869382603705
vn 0.62508886138536246 -0.45080235625421267 -0.63721358347700119
v -2.20278171848615 2.7160879012117238 -4.625837142075472
vn -0.41488260333797772 0.53308422359931928 -0.73735584082382732
v 3.1697743637816833 -0.66768801843468761 -5.0760929392455871
vn 0.55396808417038734 -0.11486796104360235 -0.82457547456025893
v 3.154944962137654 -1.7718859056746714 -4.7345904583442646
vn 0.55176530100099352 -0.33426712621506127 -0.76408150150570153
v -3.663383957613779 -0.56579558039508093 -4.6940868456970763
vn -0.62937250079709584 -0.060785779622737415 -0.77472275314209382
v -3.3679103279431888 -2.0397123946778755 -4.5116120103951625
vn -0.56778371788037596 -0.34019332206924818 -0.74959332529674139
v -0.5514697284168355 -3.6944699843371906 -4.6817670737749681
vn -0.067309741742192203 -0.64615155610900199 -0.76023520387082488
v -1.2724260013009334 2.2864384633420292 -5.3113906370534858
vn -0.23429120468981121 0.44639144583833573 -0.86362162344823046
v 18.674463101666312 106.3123456280621 -6.7442317424345974
vn 0.61619791480900388 -0.75532935488434416 -0.22310915587450886
v -0.30169564545430505 1.6567428728770224 -5.6941663824584889
vn -0.065091510176528866 0.31168586782336938 -0.94795306587516859
v 0.88889035302874642 1.3144118783871708 -5.7592424000938411
vn 0.1458155788169932 0.24741794087127902 -0.9578737805730364
v -0.25083463505290071 0.45374013966257493 -5.9603057417945333
vn -0.067719841465049765 0.12433567245038864 -0.98992659507069425
v -2.5342401555606404 0.90922641345860566 -5.2998469661056387
vn -0.4466074065766753 0.19991683694773199 -0.87210955888332642
v -0.2468231206317833 -0.53803161080214368 -6.0104405311735425
vn -0.068562280287569846 -0.078295666898418229 -0.99456975736581732
v 0.78835277656803049 -1.2509282439272553 -5.8617621517737533
vn 0.14997923153157136 -0.21961630033376028 -0.96398906152347552
v 2.4399354829007707 -37.42501894729989 24.324374233028895
vn 0.13329014316162491 -0.40635099408910269 0.90394281198466953
v -25.065853232720372 148.16771584438305 23.111675651272719
vn -0.12451430504699154 0.019348174064368649 0.99202915078088283
v -20.338625006818894 160.72048039539197 22.480199715608755
vn 0.83546118271050129 -0.23345303624174732 0.49749803221066108
v -19.691985194990142 162.10086251569842 22.081061500265829
vn 0.77587804927508275 -0.24757718009690427 -0.58027475608401013
v 24.605893685758872 111.1613518882489 -7.006382721141982
vn -0.47989827415081832 0.81249313289746061 -0.33098724365379306
v -20.848275427255992 160.82811984991284 22.261947230300191
vn -0.9329653286953602 0.25064531074169866 -0.25836529112006473
v -20.092742019627302 162.19953427760473 22.06442666569016
vn -0.5401723819669213 0.05527940633625051 -0.83973685461297576
v -26.38308203830087 141.70156999975285 21.81862934445477
vn 0.67172522357189601 -0.71962280011104762 -0.17586429307173693
v -26.508018335958923 141.97605995662138 21.577101683342136
vn -0.093665146006498626 0.0314018375414288 -0.99510841872762945
v -28.096373511344723 140.17802489850362 21.508826228847084
vn 0.7456426814414866 -0.63559789305250003 -0.20008075859505428
v 29.931203219228848 114.36286331452196 -6.6803350026645347
vn -0.53141149644812224 0.80343555030303115 0.26850165353686928
v -20.490229985063401 171.16313613831613 21.556515874975588
vn 0.10060332506548086 0.12064461427915883 0.98758485611678071
v 19.867660359736334 107.97184495990415 -6.5541716690210459
vn -0.63865294008199625 0.71152827930705609 0.29300158680621863
v -20.505113052051257 166.79657594580328 21.352500165029788
vn 0.87187038248589133 -0.1343337485728528 -0.47095273662892229
v -20.984447531995983 168.32303090922343 21.351948615957447
vn -0.94525396464750122 0.10962770625965726 -0.30737063675378418
v -20.582214165876149 172.85467656324715 21.375520735436591
vn -0.95846930766233107 0.13752239404628122 0.24984830878969574
v -29.050950349266916 133.55944914503149 20.651372640342615
vn 0.81838532150615739 -0.52711989882251498 0.22888878917195846
v -29.154422356143215 133.76227157063244 20.330606632436776
vn 0.49447343091082191 -0.0074015392980490433 -0.86916122977230181
v 31.017696499582996 115.42724537398121 -6.8848655442860949
vn -0.4602672711346823 0.78824389232179215 -0.40844290340220596
v -19.582813538523645 183.03454351810922 20.051148520509468
vn 0.9008097642417271 -0.39567825859477546 -0.17883088190290325
v 18.380676190967449 106.51977217446012 -7.0089002990323976
vn -0.08918238805138981 -0.084167734186571003 -0.99245266596616588
v -30.186615695487063 131.70202635874386 20.118280563811332
vn -0.94458013645354799 0.17132277659546169 -0.28003012701675228
v 7.3262554759203908 -45.674469365181352 19.647604504328829
vn -0.62924805300114139 0.66387329782741777 -0.40412761873697939
v -30.07288795898296 129.74548179048679 19.329492283368552
vn 0.38410546971432952 0.40902050702010673 -0.82774707065174746
v -19.158256923307139 191.76810944980028 18.371452713406555
vn -0.79917967331064288 0.23832939757827967 -0.55182510636710647
v 7.3314311776673957 -48.020029597162441 17.484464645619795
vn 0.65202946228945868 -0.75580154172253411 0.060179812531778065
v -32.628312699475323 124.15903723198549 16.817750585713988
vn -0.22266913676640293 -0.47019083612667778 0.85401348534680666
v -33.383653442770871 125.41697689664922 16.407321450684101
vn -0.52154157715845972 0.088327802903431299 -0.84864161018024487
v 31.473581489590419 -123.6991153245656 16.39791390293523
vn -0.73583802607394844 -0.52499671142771531 0.42769247406714972
v 36.580527109068356 -148.18632848512891 16.315202197155841
vn -0.24101053337889583 -0.24318928925321454 -0.9395599461412435
v -33.582665379182345 121.42482599704226 16.030184558807264
vn 0.24724415181046985 -0.17148938416221216 0.95365702457182511
v 33.378696078752029 116.51774749785157 -6.6740927505662047
vn -0.57355096498210878 0.79837411859734597 -0.18340680827603609
v 35.542033868071059 -140.01015710308877 16.25509894764685
vn 0.29426334768475976 0.16242294460551124 0.94182156976522546
v 31.079633001558236 -120.1866800824325 16.289373787164571
vn 0.46262069253983951 0.067109008088080443 0.88401271250327229
v 32.900689922047192 -128.79696494956613 15.989120042050002
vn -0.51958769064644184 -0.39376271970496574 0.75827406147068366
v 35.23597014672837 -136.17462749600082 15.940078035125113
vn 0.27667345819973443 -0.59525567174161986 -0.75440206971298318
v 29.230912219694432 113.21330445751951 -6.7747266273221873
vn 0.60337582733912487 -0.7303314539768474 0.32023987620983541
v 24.511065656409443 111.14230927576041 -6.6345809785798737
vn -0.34476528879595947 0.66670102813129561 0.6607924293831704
v 35.454119383114062 117.51696027685539 -6.7697833770443623
vn 0.53217868268828683 -0.39369670773626875 -0.74952568468984615
v 28.63742771435011 113.31950514749093 -6.5916701143714107
vn -0.1649633305618329 0.30540944994548797 0.93782310029874061
v -32.698731738371713 123.500616293289 16.03572942470505
vn -0.65469306631168356 0.17438864077851279 -0.73550363078018055
v 34.537799745307396 -134.36598499429965 15.879659487932649
vn -0.72501136458592963 -0.36878320433904754 -0.58168502595362748
v 31.300834519367584 114.86270031089482 -6.7841209679836449
vn 0.42850280195309143 -0.88047817112281368 -0.20283870166852988
v 33.931581231677967 -132.99851648094935 15.914826205961964
vn -0.93130095155159121 -0.28742053082416841 0.22375874530362802
v 34.522514561908707 -130.59103081798094 15.626915518520146
vn 0.80597760534917284 0.23049960944202916 -0.54522475156827299
v 33.984728279041533 -132.6098163412604 15.625379096808331
vn -0.66212654964013518 -0.0032621523796989831 -0.74938494155107038
v -10.375114512550971 34.420099482747155 -6.9522606140588348
vn -0.77064778304252735 0.17460704185683906 0.61287386583671677
v 6.6228318250650346 -47.480225604862596 14.679351695813335
vn 0.93557586247321811 -0.038575495215607249 -0.35101244525851888
v 29.541693294585116 -117.95522332139069 15.317207045170761
vn -0.16869997987686258 -0.26850708888976216 -0.94839035212590161
v 18.153401840988224 106.82469264069603 -6.7339360261589309
vn -0.68859239123734306 0.68813386688656197 -0.22871882295470378
v 33.665614493417934 115.84410993876902 -6.7278882716693857
vn 0.43051291437490707 -0.88759288978132422 -0.16382152656492324
v 28.59022857332716 -115.58573762850561 15.621738619733062
vn -0.74913452150829474 -0.43220376040888303 0.50199340451141294
v 18.72902027418759 -89.547680192999223 15.439120618711952
vn 0.32579588154991368 0.081468033432713305 0.94192356542010391
v 16.606806169014135 -87.298818057473113 15.029205558732144
vn -0.4024565736290433 -0.070331702254644524 0.91273334441157272
v 23.131269498703716 -96.354643007848196 14.991002693977055
vn -0.74666868573536094 -0.41761147582475822 0.51777073015157604
v 34.55094624175419 -16.900131189851024 15.359003085923595
vn -0.055494415990911386 -0.96172064218253528 0.268353826493754
v 19.799530859940187 -92.099507662421189 14.878814659258403
vn 0.80714631958512995 0.41392542208458788 -0.42092821684020565
v -5.8689697566219259 -35.630650143962463 -6.4237522924451582
vn -0.41098765944460114 0.86416057155346893 0.29037157291413801
v -32.98336208220848 119.31038326156585 14.664004389696068
vn -0.90204140488975226 -0.27178593070360613 -0.33534118705595445
v 22.541737315002717 110.50355975084288 -6.7514840943600163
vn -0.51347081109143022 0.85697729359002051 0.044018682718052884
v 23.10269842662295 -96.191285243827252 14.724922991272244
vn -0.89080644715360702 -0.45282475193761362 -0.037598108226438269
v 23.412822679618941 -98.238908284424753 14.512113814402291
vn -0.62563664897847104 -0.042128674945818387 -0.77897622441400538
v 21.222112926781037 108.39825999578052 -6.5791541876022661
vn 0.7084970042642017 -0.67634006414303827 0.20148477010345658
v 24.779585981068493 -109.27385028935436 14.572626643533358
vn 0.73515820759856876 -0.012362275894320082 -0.67778284423196522
v 23.315939252219295 -101.91718162174649 14.611979859109766
vn -0.97594040501890567 0.090651383446466435 0.19829940123655498
v 32.229919407426671 -15.875899504091683 14.403145240778834
vn 0.29985808607813769 0.24954058886303115 -0.92076849572704633
v 27.570366959337491 112.36032759958374 -6.7268509920308954
vn 0.45657310333861956 -0.66169447801543291 0.5947280210916801
v 30.3454561290506 113.78200500062221 -6.700480900933429
vn 0.58966708952326408 -0.77545565877573719 0.22574597406343802
v -9.6258686496769599 34.480635294749924 -7.1160267160302588
vn 0.9556969641184877 0.22456308824816248 0.19030168725251526
v 15.179827045136619 -85.448134244384462 14.034792732538616
vn 0.98451822494917751 0.13517437008446659 -0.11158742946760787
v 30.480657259976084 -15.228452977442387 14.515243860901293
vn 0.34210982883142499 0.78884916363975199 0.51056621709803396
v 34.337929067236352 -16.742905249183138 14.999298533360939
vn -0.19689129254534107 -0.50604559884750688 -0.83973309498131188
v -29.141861057701028 110.56423503651958 13.911005131996667
vn 0.59855153877283551 0.59995565485110136 0.53083826882098173
v 27.268750813581391 112.81415796688628 -6.6497637492589661
vn -0.37000092220534714 0.57919009244112296 0.7263870554912415
v -26.602593688956009 96.63882104911643 13.782019071422932
vn 0.48535366339389624 0.26385240942775656 0.83355487370016146
v -22.384123611013685 80.406201010794817 13.814985870109648
vn -0.828475774415804 -0.51367707319963718 -0.22307791391168308
v -22.80189725233252 82.046036743726916 13.56513352802841
vn -0.54179321161148297 -0.2294621785605504 -0.80858346783863988
v 28.138183416658684 -14.54873412847056 13.568543593986968
vn 0.13526878706559498 0.73572085792809294 -0.66363934064772989
v -30.372684510573379 110.65275449884189 13.854883819254304
vn -0.06387666028109093 -0.90720527497783821 0.41581048727000502
v -22.571503986226208 87.895553682803097 13.832269413345049
vn 0.9951255607749756 0.0986158561650083 -0.00017664974633590993
v 17.82069054899689 105.55609458733113 -6.8198336088600335
vn -0.14667906891296129 -0.10768344905980096 -0.98330540807086575
v -29.313627803559619 109.40569495749379 13.308681486543669
vn -0.59378087871838425 0.07906119137950321 -0.80073316160009078
v 12.890291592334787 -68.132614491022309 12.784401392887467
vn 0.98802505462348023 -0.0036948867667976476 -0.15424927632909441
v -27.71190897349922 99.611023098908788 13.250969695902725
vn -0.87086050864908515 -0.43903648730680905 -0.22101795693733786
v -28.501638608596824 103.56510244874357 13.007922422852232
vn -0.45454667297534601 0.169861538450651 -0.87437656638442784
v -18.140608926188388 71.348114644801328 13.26879987390938
vn 0.8797967375508825 0.39614018110137117 -0.26273685982708367
v 20.912958693977558 -15.988693308514879 12.730106616729817
vn -0.010179330291104597 0.39595570852437695 0.91821318773026961
v -13.948276766786691 32.124897645350707 12.466062729316391
vn 0.25099813522692849 0.4179032437423304 0.87313046847664344
v -17.833735506827765 -57.318646724347929 -6.7282365407761766
vn 0.40194591967478344 -0.34724415011489923 0.84726676900948616
v 14.729123121441686 -75.088695683813413 12.856214772175266
vn 0.85535075644471259 -0.053338989416518628 0.51529606602174094
v -9.9743008547219318 33.811313535087002 -6.5159166448980557
vn 0.012295599328298469 0.29330915379773986 0.95593857466660048
v 12.38472091689739 -65.889081867277497 12.599458377534734
vn 0.82937714547587404 0.37194667736530912 0.4168803422556614
v 14.301304552648499 -75.018998200103738 12.46245241137721
vn -0.50141661864421716 0.12539634014392056 -0.85607075199770133
v 16.113845930526384 -21.909666372715325 12.355427334218504
vn -0.45618797420450297 -0.19260674812426631 -0.86878948702674075
v 16.75509696393398 -19.930736074737769 12.023644517042893
vn 0.73859006212388345 0.15129238965806902 -0.65695915623681589
v 11.01626043085923 -62.728564325761255 12.284466029547977
vn 0.23485896170452186 0.75573285424766601 0.61131752888147251
v 8.4339415034494412 -59.118815212054436 11.547956042988922
vn -0.59666360592791245 -0.21591771027520243 -0.77289849511473008
v 16.411368958978471 -16.266479812878686 11.189510351387465
vn 0.79864203853586935 -0.59924378976178527 0.055477695655138999
v -17.85275839137438 66.874326852058573 11.268115232288338
vn -0.057675462015360779 -0.072899401300062727 -0.99567023575650138
v 7.3560559630156703 -57.435979430370615 11.299768100835959
vn -0.72055688870952272 -0.18952766747458002 -0.66699102947108491
v -6.4759225991938294 -72.484025562864844 10.609065964515226
vn 0.54450084811743649 -0.51794881564408823 0.65973316634248313
v -12.80551285506014 52.818866986780861 10.240993418756473
vn 0.59890192413324994 -0.05716351588431922 0.79877958018544393
v -6.3594399982574181 -72.28645889005108 10.138527332747692
vn 0.81253696854342572 -0.043125750603663075 -0.58131217464038265
v -17.866015545745942 -92.854255503028071 10.151180191713321
vn 0.31678022178431525 -0.12192760742287613 0.94062954962855228
v -15.824707099232441 59.820795265928261 10.172782665599541
vn 0.42232026332526035 0.087432671466186662 0.90222010792553753
v -19.491348589536337 -88.873854137846052 10.027229606539148
vn -0.85060229024763145 0.30092362564469455 -0.43118524482446718
v 15.066093067528975 -17.254355027009581 9.8150116143383386
vn -0.86063238478235116 0.28197916527646427 -0.42402788659925617
v -14.088786389888007 55.160731820362585 9.844291343014957
vn -0.59129342353761893 -0.1395394927737709 -0.79429265213622668
v -15.039855200194872 58.168948040899409 9.9082850342454094
vn 0.90276968760318144 0.38529522736961924 -0.19119225640973878
v -18.07598459379744 -95.079795384508429 9.522838883266795
vn -0.8475738133897871 -0.16207741833094647 -0.50532122587822248
v -17.581616846805659 -95.003405531640411 9.6101048290778941
vn 0.86965970954424354 0.49364790736771896 0.0019321353198266558
v 16.179069841318377 -16.732133663270634 9.4799034547215548
vn 0.1416556050901735 0.94693261496106518 0.28853476786955135
v -15.435271621339211 -97.657641809447 9.6558962177309127
vn 0.44364610299409624 0.21847736670166379 0.86916383699349709
v 6.2007786061859917 -48.702936584940289 8.8014019695705485
vn 0.36691212793980432 0.1015096827542149 -0.92470064057392298
v -14.861798710164294 -100.59032091941128 8.8850792295173093
vn -0.48959491653320691 -0.53646572129762093 -0.6873873344610486
v -11.416683205976909 -107.20448298818663 8.5758800455744293
vn -0.5929489494488821 0.28642850058467101 -0.75257574861291143
v 24.899854780772813 110.57973706448229 -6.7521494849981103
vn 0.38968397648018799 -0.92040044990885994 -0.031771217826145955
v 34.671928314931023 117.65807247727177 -6.9091760747269717
vn -0.064578388242108639 0.69081700692398618 -0.72013991329229687
v -12.329244956008324 -104.0242467501339 8.4553326229777337
vn 0.38807253701404448 0.25133582578672126 -0.88669611970031192
v 18.221674104392438 105.43806880548354 -6.6189499835680756
vn 0.89614194468492125 -0.28587797821856192 -0.33941625851746537
v 16.208898690032203 -16.993713600775855 8.4566743861890536
vn 0.65559547484439584 0.19551186142454105 -0.72936251988010881
v -12.116098809494105 -110.59819650347328 8.7288698579810671
vn -0.48316486114630725 -0.0082537291826817148 0.87549048704600363
v -13.157402339538947 46.793314114689593 8.2309775398539546
vn -0.67630991522115091 -0.69162901965811707 0.25348411733343668
v 14.372430554451636 -17.498185097622802 7.5782029002703313
vn 0.32379194736936023 0.14150531071869471 -0.93548651612792533
v -3.4479083005423519 -58.550511217478416 8.3206299779407367
vn -0.81457204546489925 0.40418776896334052 0.41605844561499722
v -3.2327312888949464 -58.557611533544602 7.8652724894138561
vn -0.45437908100454732 0.33813354326322054 -0.82413916158966904
v 2.7070293670483281 -51.283320414588168 7.5645692832507665
vn 0.31052800748775833 -0.24858024847797255 -0.91748581276895613
v -10.254712121205314 33.213132028148799 6.7679421578144368
vn -0.43110987620048763 -0.84363575720480644 0.3200359101848933
v -5.5979352361702581 -36.302037290363621 -6.3940511750646323
vn 0.53431473169222943 -0.84329169717493535 -0.058024830654452214
v -13.735034313013536 -114.48765385878006 7.300790741562416
vn -0.73210183171926813 0.44719263277080035 -0.51385373131739775
v -17.174107621162211 -56.077064566600299 -6.5323154801496788
vn 0.28642587623850591 -0.53607622948261202 0.79409224502239661
v -9.1437960722769063 35.778846358767879 7.1468343303494093
vn -0.88133866741325961 0.29186454328081318 -0.37156054916756454
v 13.155770790801609 -17.00876439673139 6.9606538109942422
vn 0.48838435621682985 0.095370696714755301 -0.8674013781467117
v -17.602859289589361 -56.066245464768713 -6.6154654703885782
vn -0.76336070713070825 0.18091315641558564 0.62012164987577612
v -8.6090824669244768 35.687471228717129 6.9186727454099781
vn 0.23010015915742218 0.1605628825226216 -0.95982992113798771
v 12.178099051054073 -15.933525660189996 7.0407653836391457
vn 0.20340761348064648 0.86305683507192987 0.46233996389424481
v -10.362069807473617 33.70298082179891 6.1055719902720522
vn -0.48281864149086595 0.51746711797707068 -0.70647996520879408
v 0.17469113090916666 -1.3632892026718406 5.7644028050740719
vn 0.046223563514591698 -0.26522362538830035 0.96307829936713818
v 0.11559998986206921 1.9476368462858087 5.5944041852598687
vn 0.01306773418128993 0.34262381284095966 0.93938179522369392
v 30.852165348815788 115.20951774817297 -6.4326157402768409
vn -0.46685959752698875 0.41709517396662843 0.7797908258313162
v 1.6818725167998663 0.52573185847080361 5.664846594473417
vn 0.27924710784220003 0.091061443588205046 0.95589166031166883
v -12.956340955029797 -118.23302605153238 6.0510937442416743
vn -0.32479321216650719 0.61910319516871992 -0.71499692521188096
v 34.381938827268364 117.57021052951929 -6.4258301657764694
vn -0.57463849256448407 0.61608770914895938 0.53872677444025807
v -8.2729805111882868 -87.327766629793416 5.6377876171162145
vn 0.93074010104525495 0.13782328391942264 0.33871463906352633
v 3.0708269433306388 -43.530645226264781 6.0262315858530187
vn -0.98163603428464641 0.14759325033924028 -0.12085912728549246
v -2.7928941243455103 -0.77990436263806195 5.202273878807687
vn -0.47033193180259869 -0.13092867804486913 0.87272306901574381
v 20.625006534874572 107.59528003335069 -6.5061730624710101
vn 0.65834644253103236 -0.71510139818921759 0.23496798061557247
v 0.20713984262913046 2.6331227956467691 5.2845922641916605
vn 0.025749561218796107 0.50166206832808857 0.8646803625027133
v 2.7344063785564336 0.10093202585100491 5.2405000414523428
vn 0.46760796249996112 -0.009987011242238459 0.88387954666520163
v -2.8104223233781109 0.12215434283469417 5.2636132518600913
vn -0.4794838540318066 0.041745486521498516 0.87655721323704172
v -0.79232986163486474 -3.2733759275628973 4.759183443896065
vn -0.095655765338305679 -0.61600947928514571 0.78190939116267599
v 23.094802411680803 110.19099247629777 -6.5117231647687177
vn 0.42112609683968288 -0.027374071058750223 0.90658892051152073
v -8.6496655190547855 -87.18668179824148 5.2230032172335576
vn -0.51449098045898067 -0.17620933970040195 -0.83919562655480107
v -5.6473754252698569 24.655075424575024 4.5194060551555495
vn 0.61611970022411855 0.35986659591952214 0.70063724432621888
v 36.663557065437423 118.04259011077451 -6.3897031682950143
vn -0.44306744112453145 0.59600640541632532 -0.66967724115283367
v -7.3197716508963655 32.33605290842673 4.8872885255833447
vn 0.78080650094577941 -0.50833842281236208 -0.36322617743418323
v 22.459650964941716 110.27512232521417 -6.4900893342508823
vn -0.35943235173411481 0.49891641846875739 0.7886005274593666
v 24.805406249927273 110.87597812993386 -6.3254737974444168
vn 0.11333234773038409 -0.12649867446054333 0.98547139193263478
v -10.37002721777413 -92.74294315978014 5.081753172133979
vn -0.61346430623137338 0.78972114916086 0.0014323226279063885
v -8.2867418985580201 -86.28181187575683 5.0760092637129901
vn -0.30170597437931002 -0.22879762416120833 -0.92554046491875097
v -6.9784411635409827 34.910428111857541 4.6869962397715712
vn -0.6206550189433192 0.767975960628415 -0.15811474111331744
v -7.6985446502672357 -83.256346721641592 4.3452335216742171
vn -0.60351810381514004 -0.074419097020543043 -0.79386881558984601
v -11.012631429348666 -97.170308930843646 4.6641859833047121
vn -0.010432316387109777 0.11924220459845693 0.99281038643705732
v -10.723294351960192 -93.855078272538435 4.5622050999918571
vn 0.70071417696720339 -0.35530737600609508 -0.61867302410307046
v 2.4161257379945074 3.6114885694377694 3.9252621913321644
vn 0.3763009009447823 0.66456654780916369 0.64556094637234351
v 3.0658601853900005 -1.6869941310091781 4.5976873946328531
vn 0.55897225371736292 -0.38442976074164537 0.7346861769696319
v 20.556807365984014 108.13815071525096 -6.2821208248096898
vn 0.072893521512673823 0.04389756786392101 0.99637319216100639
v -10.521462489369474 31.537327801184219 -6.2755882231223552
vn -0.6989394078840494 -0.19504330049961688 -0.68807108283731155
v -7.8445924861343954 -83.503122608987724 4.6896334358897178
vn -0.90547765256897372 0.31007232141225788 -0.28976779702409
v 8.9613251633282704 -17.082517169014618 4.872602723653424
vn 0.010865072854058199 0.85231328482479818 -0.52291874579425668
v 18.089856178669113 104.03478280660691 -6.3069952254911286
vn 0.90450334351719963 -0.2360358071039251 -0.35519121516586727
v 14.786890042513903 97.53849266108395 -6.4278138739304769
vn -0.41288645248040523 0.066992889716574355 -0.90831532525085634
v -11.070579823710833 -93.935106688714427 4.4552174351227514
vn -0.30903504764804968 0.29833809528745353 -0.90304580184253225
v 2.846625101652954 -39.061676111195538 4.5176143981426691
vn -0.79393128450632389 -0.11189080200638991 0.597623262522892
v -10.703629585614035 -97.180446934308037 4.4511227190342053
vn 0.96981775891926636 0.21107051141754121 0.12207683520942662
v -11.031450933717604 -97.215460457546882 4.0998661440885495
vn -0.094587920657554295 0.094176984817389495 -0.99105187593606092
v -10.209827149883381 -98.668516585981138 4.1252796234805231
vn -0.032764610127909162 -0.035995539797799597 -0.99881469824879487
v -6.5169330361207196 20.420524118583963 3.8975146653552701
vn 0.83416248397809278 -0.11563957735890944 0.53925915705878458
v -5.1978986718149978 23.017437441086674 4.1773363713368266
vn 0.74622599740386331 -0.15976471467628622 0.64623679618466034
v -7.4378335023869599 -82.345235260704939 3.8200248105785803
vn 0.19907753972625764 -0.63027470922335804 -0.75041450151896161
v -9.2208223098074455 -99.813747960175178 3.8949563773955092
vn 0.24205401152423714 0.31570527506725687 -0.91746391471257993
v -3.9820336645310981 -3.2137242202525509 2.9841128888784159
vn -0.65809408634750088 -0.55644875637780866 0.50722475791313471
v 18.709959131538525 106.56791546507948 -6.3672151810381195
vn 0.62455484998733468 -0.2166288773439479 0.75033537092289515
v 30.176033672482333 113.96860803487087 -6.4451798549183721
vn 0.023445041676148769 -0.17876270675134309 0.98361284288877449
v -0.29622773509942135 -4.0113111306235929 4.0405345829236881
vn 0.045627599666598954 -0.76485429411566774 0.64258542694453336
v -2.4234677326909329 -3.901306895028454 3.6360197119689599
vn -0.36110477904166055 -0.69778217288307176 0.61863024316618453
v 34.985631280551374 117.15169270500201 -6.582832423159231
vn 0.54417065063146686 -0.83886916036707926 -0.013297923761163944
v -9.8572497879115275 -101.07309796263338 3.6348655383727788
vn -0.45760658027948559 0.27105826608361128 -0.84683152638093295
v 31.336673962757857 115.00570318594288 -6.4801534338474767
vn 0.43115337797856562 -0.37477545962540848 0.82076191402881016
v -4.4113781208433673 15.638787017700373 3.46731273202185
vn 0.46327946789085039 0.34243269556949452 0.81738117401600363
v 3.776402396602534 -12.00102860828426 3.3250648365455966
vn 0.52033040328612512 0.016922002764457416 0.85379735138880464
v -7.2483812711089968 -81.158384644906391 3.2545167285676371
vn -0.84634217127493727 0.27432025295257201 -0.45656689317301768
v -6.8717133052666597 20.210224721589597 3.1345881756685605
vn -0.027968285257793279 -0.25162325490467441 -0.96742106272859074
v -5.6105234377450044 -0.801666682293525 1.9605414691192691
vn -0.93670625213569225 -0.12275765418642368 0.32789015774882785
v 0.98573708614492472 4.4978702975351945 3.4957609712545215
vn 0.10978185914468391 0.80710479488311593 0.58011188013987436
v 4.3303894757062098 -2.4749023130309022 2.6071796349637468
vn 0.70591370718633761 -0.56849210696974406 0.4224956358585763
v 4.4906485770113767 -7.3012441221613686 2.8972514524096127
vn 0.9262372115892048 0.078341758099385983 0.36871017995893751
v 21.223267903609894 109.16562790389935 -6.3041904661706383
vn -0.34378307278066023 0.41625313139007214 0.84175205938414344
v -11.811684038537834 -104.1001160797382 3.3222605091453659
vn -0.65074649908805793 0.085493219989918892 0.75446663495504673
v -1.5228164891582803 13.463359043132179 2.8959626309863764
vn -0.41578335497913382 -0.31496810316940077 0.85318186555280529
v 33.438204302348026 116.35202100014709 -6.3708725906581432
vn -0.35599705171491369 0.31146017347672278 0.88105542363017031
v 33.819064116200934 116.26004536894465 -6.3210210299986116
vn 0.20469840037939988 -0.3074549624065408 0.9292846770358949
v -5.9825191987887933 -36.030440083904764 -6.5950201571726836
vn -0.82502510458110911 -0.36492649038753244 -0.43146521693453788
v 6.8375871965563721 -15.500796934759105 3.1580258809181863
vn 0.60948833508607358 -0.43862440740018971 -0.6604033605508367
v -12.212559330550679 -125.94816333505688 -6.4796894768361462
vn 0.70065134765864456 0.25148377965552143 -0.66771520695151043
v 7.9024028939204527 -18.919837089410652 2.9553946880673276
vn 0.57504397147278907 0.49204316585452545 0.65361911983100529
v -12.133929476642546 -127.48715265631348 -6.4485201863780972
vn 0.43824056410276213 0.081757812120711607 0.89513176020747209
v -11.365243321740707 -129.06824582819419 -6.3431520515239335
vn 0.83133606477824595 -0.5052985819835073 0.23141670303691692
v 4.6117284667652463 -15.297600462307233 3.0819014510430098
vn -0.63164573737750107 -0.68976166445588216 0.35391031166085568
v 6.7063639490714788 -18.460672227832106 2.9055195027783585
vn -0.54364044880718232 -0.51345474673398384 0.66394223052692303
v -2.2449298817715682 41.513137296019472 2.3232828461680151
vn 0.19730151352104577 0.15293188456225199 0.96834082401112409
v -2.4763727527527841 39.662648847389619 2.2416991408530729
vn 0.49946596480664301 -0.50398009417447787 -0.70465439378155692
v 17.587229939733682 105.63066083216633 -6.2250777959353236
vn -0.72579477834838735 0.24110155053611354 0.64427632429827586
v 16.483846010792064 99.08506484891862 -6.2930428654127697
vn 0.074965757834213165 -0.17569149464242287 -0.9815867938509838
v 1.7955977056766532 5.084918789815573 1.9934963431886912
vn 0.22343913925409059 0.92159974262292332 0.31737811116514081
v 36.585050181711154 117.55415254505198 -6.5098113077302315
vn 0.19984334431008155 -0.42804907194083147 -0.88138336139591089
v 5.4746079981708826 1.3706789474469965 1.7974414974906021
vn 0.92991812705347754 0.21123604674955876 0.30105084210307459
v 5.7877212962263993 0.11750886454168086 1.2277902914987999
vn 0.9775818092147972 -0.023807052286518193 0.20920571348256947
v 5.0137384215427296 -1.7332473693142121 2.201944388351273
vn 0.83363261162780988 -0.40841518497994106 0.3718248317533373
v -1.7253225299544681 41.851809481512007 2.0109736228681037
vn 0.65537468941984989 -0.28550455998951135 0.6992647300508088
v 7.9280679482702681 -20.72069824116636 2.0354981264216434
vn -0.056019083511080238 0.34889894501863106 -0.93548457413656216
v -5.0155376681583093 -76.736728578763206 1.9768260874402088
vn 0.95166675025283542 0.064199493364354723 0.3003478342105495
v 7.9105547116097528 -22.777152910347372 1.8835349462570501
vn 0.87137681241989962 0.12220560950534852 -0.47515075479510843
v -6.3890238558266788 -70.645661607004286 1.9817749061095071
vn 0.14394781919908645 0.20311915620870521 0.96851516959152006
v 18.308314217475072 106.67353892853896 -6.3225876176631246
vn -0.31686224478295782 0.32676429821009489 0.89040631806292181
v 55.768706602104672 168.25537521062742 2.0650265956452154
vn -0.73823086805337146 0.61347182333229489 0.28047728505266745
v 57.107624573679459 169.21641547340664 1.8334416696866498
vn 0.26623961744675939 -0.36520352748741208 -0.89204419711836835
v 59.718081578438159 171.92903709742927 1.830046949463739
vn -0.44745286314224708 0.48071620209871296 -0.7541205926810346
v -5.0753834216126634 -74.852829088230266 1.684314268941923
vn 0.86464071079884819 -0.0011187313831523022 0.50238948005442419
v 62.683324335574085 177.44012047877499 1.702559068475904
vn 0.34559399237088473 -0.35671864101588052 -0.86793813350315263
v 7.2297567751738825 -30.149938565644334 1.5180973942362428
vn 0.43215915833991991 -0.36901259089165928 -0.82284152157408574
v -5.5010129847928928 -35.824257347433523 -6.442902549190797
vn 0.88114544097871716 0.3322739258676734 0.33641752337074504
v 62.441797857432093 176.11639579327019 1.8172730787035083
vn 0.65119494722843252 -0.263366845812541 -0.71174647539057923
v -16.499155295296021 -55.035114323227617 -6.6592989572271932
vn 0.053007811690124439 0.51604480102569317 -0.85491984140864175
v -11.885418252890148 -128.95424175858344 -6.2304542600229498
vn -0.48399898516648909 -0.4160215337754799 0.76985132707095205
v 53.439481757671956 166.34675826613864 1.6801034776438541
vn 0.26405812077569973 -0.024110475982435459 0.96420536909950172
v 17.453034797154629 104.17783012072445 -6.2153998461594044
vn -0.94936001743093856 0.24286337093244501 -0.19933123278316833
v -6.5291955444828877 -71.169958583527176 1.6416373671817597
vn -0.79376789946677473 -0.54184308406449244 -0.27629439738724987
v 4.0097274336892044 -35.794681689789876 1.8398501364950239
vn -0.50915979930930966 -0.78535848266386743 -0.35209139790005028
v -5.8932159150423109 0.2272983960766739 0.38456690933406013
vn -0.99407697858307142 0.090861217786351978 0.059625495834692926
v 5.4455204681658973 2.1191144726317965 1.0107755044188798
vn 0.92205499912712452 0.35185551944951154 0.1612832043877874
v 0.50641381171338651 43.967824946684182 1.3865157523265683
vn 0.83861212771525906 -0.2831297139284667 0.46536788064892354
v -7.522464546779867 -68.118772490124982 1.5070266330357533
vn 0.73927752547244241 0.2095112244661769 0.63997952088643084
v 1.2710832070513902 45.307636666424116 1.3158865549257825
vn 0.45412869186169785 -0.31854382070051607 0.83204384831660194
v -13.436402545145029 -109.05337189772121 1.1757240396485713
vn -0.7236926430433237 0.63417139537319867 0.27220506919486026
v 52.462756063950728 164.41111328934002 0.9595945321317787
vn -0.71437987138399506 0.30906955919771956 -0.62780363724552757
v -3.3181688384725962 3.9210282617899335 0.83003747341793144
vn -0.72066023758136144 0.40315049647079715 0.56401994571515424
v -4.8540261467112042 -3.3498468070343437 0.77235138692457506
vn -0.80486396847809571 -0.57868429791931031 0.13159967928276203
v 16.996795826049095 102.25877750449817 -6.3028836798191898
vn 0.12726873226407776 0.77006928410218933 -0.62513675901376664
v 4.983778086902662 3.255265782851632 0.38135700468369538
vn 0.81972437103769991 0.56884314209062425 0.066853834768943091
v 5.2432758122465497 2.7793276859675871 -0.43215324192078275
vn 0.88678669476135452 0.45666308590956722 -0.071191178960481341
v 15.091958643466171 97.318764745784051 -6.3563260662032448
vn 0.52877430918409984 -0.40019651295752218 -0.74849213821089511
v 16.469563453217887 101.39321966073508 -6.1821276030953634
vn -0.79204779983321649 0.12674707069243576 -0.59715614612113621
v -0.75264948478051608 -41.518977125049716 0.58187927534935646
vn 0.8873420403488933 -0.36849949906422391 -0.27718625979452705
v -4.971372181257621 -47.923611546144585 0.82084599500512034
vn -0.58935023493721439 0.58630655532121123 0.5557975564599269
v 2.8563601727589329 46.347292164371879 0.57334977021268863
vn 0.72415011247374861 -0.67807799466348462 -0.12576504982468154
v -10.543108148552584 32.336977166453416 -6.0656548047941534
vn -0.88966833849577198 0.36691982740566287 0.27177212464631317
v -9.2877702643241662 -56.347883881327547 0.174105432158429
vn 0.78145821834552964 -0.58071923840670892 0.228228436275068
v -9.2509465752661981 -64.014454389668856 0.20673938624707944
vn 0.32066101707702721 0.40428071854922809 0.85658251951370468
v 14.662308688180918 96.12979053898124 -6.3110032647057395
vn -0.12331388173867547 -0.29575558448831085 -0.94727098594568881
v 16.503401308490737 99.613949957168131 -6.2502546029411459
vn -0.53577034537771473 0.28860841304068652 -0.79350823621181199
v -8.0069117260925786 -50.167780100263371 0.56623924420332294
vn -0.76854141276903598 0.4739534075946234 0.42978164722149204
v 3.8020822358474566 4.4546812260927204 0.39337040173168503
vn 0.61310858640409338 0.78733642381163749 0.064801365858104226
v -5.8736930014525814 -0.91546940790585118 0.35002218311026578
vn -0.99107593677927552 -0.12197924483069623 0.053754547413354795
v -2.1021603810435252 -5.435379301023195 -1.1190258940062758
vn -0.32016014895551725 -0.93258874615242449 -0.16666046192972592
v -4.9139524958698555 -3.3506541546619388 -0.52730002862284886
vn -0.81571223921737945 -0.57224514308118024 -0.084551989988221041
v -3.3394441252925748 -4.813127248760865 -0.76720532142886766
vn -0.54341995674275589 -0.83228045365634562 -0.1095627540512227
v 0.18270806005426721 -36.457675161097029 -0.45719559162793999
vn 0.45544143578123186 0.64523953841629156 -0.61338327058851305
v -17.262296142267843 -67.48600160796245 -0.65079503888244039
vn -0.6379150590122914 0.26269099550444902 0.72391837824869909
v -4.0414443815390753 5.9089572433173192 0.59675955397529878
vn -0.98518232589881694 -0.020643617687766191 0.1702634011916786
v -12.513018567063835 -60.627642901219531 -0.73486990261325791
vn -0.93497455295157161 0.28972772239122951 0.20464709187036947
v 14.649266001233698 97.728090393030413 -6.1229214463942192
vn -0.81508392155797893 0.57871337813103674 -0.027000496103408229
v -0.63744644231134373 -36.600615305334053 -0.69729456809974266
vn -0.60568291149981501 0.46421401359674502 -0.646261216767267
v 17.077728397876122 101.18134551788731 -6.1063598989241257
vn 0.72617973447287598 -0.39202789794857973 -0.56478059498438948
v 38.104785110926258 118.78010163065152 -6.0006253943916086
vn 0.79716714827276891 -0.5282551552796424 -0.29235428615832221
v 7.5116660383842166 52.088169829381457 -0.31999664022724161
vn 0.12177925294652898 0.23320304583607548 0.96477259132116866
v -11.791129474136198 -60.804056112586522 -0.95203094900004714
vn 0.71019818314694694 -0.21446699520008658 -0.67053892401904736
v 14.990747974111027 96.438708546808513 -6.1884987303337553
vn 0.83939186211461103 -0.040298402284615786 -0.54203075612835205
v 4.92325282200839 2.7964345902614207 -1.8883541629251004
vn 0.8161010295226474 0.4822222534301237 -0.31849773611259558
v 0.49580410432637656 5.4913767785537901 -0.42422563553172998
vn -0.020426148554879224 0.99826245458779206 -0.055270645152470148
v 5.800368985467439 0.16072429987498371 -1.2675111041775995
vn 0.98134055466636949 0.0083396216699674897 -0.19209676331865752
v -5.813672263144797 -0.97115495884897796 -0.76000365193867536
vn -0.9857563329899528 -0.13318245223521785 -0.10269803497056468
v 15.279080005075077 94.375851216487334 -5.9326621748614663
vn 0.37789318193369503 -0.16882700122325692 -0.91032641766895328
v 7.8648570127243955 51.85753925265282 -0.75762137670050933
vn 0.99529567852770173 -0.08449167974207436 0.047409580871851147
v -12.132740031188032 -60.356609045259624 -0.82578741070760486
vn -0.07183519975923558 0.6766405135482656 -0.73280100948394589
v 18.041411904590369 105.57399056201325 -6.1360683959849283
vn 0.50924115887301291 0.036652507163915965 0.85984302976082205
v -14.83724839224752 -61.542305178943309 -1.1822337066617743
vn -0.83922983635105608 0.542579254090642 0.036069860113702966
v -10.813381649049234 -62.360280364234313 -0.75452708076039698
vn -0.017579705116524649 -0.20553478912329207 -0.97849190309785383
v -14.785360876805751 -64.038447270947458 -0.7617739406169074
vn -0.37751698519615884 0.046470999282673134 0.92483586225560754
v -14.128286024339484 -61.892783325564622 -1.12609220364926
vn 0.87017640144245378 -0.47596983974402873 0.12745878560030796
v -16.787202976691763 -65.572845337962264 -1.1899550958987732
vn -0.80420292323810738 0.51970356841703047 -0.28838491505258662
v 5.2157207841028592 1.0340413102983499 -2.7688998665675961
vn 0.87986279218200736 0.17959392929960691 -0.43998578101162478
v -63.621712244183676 44.336827740219491 -1.2105244891554205
vn -0.88775093079995315 0.25142089616072805 -0.38559800030284519
v -62.460258199794644 43.497024872138184 -1.497962125202033
vn 0.75266804441772694 0.59221449950519001 0.28770262683578668
v 44.555520805456695 153.0480867935072 -2.0072904453054434
vn 0.81018139937161249 -0.50416074921468024 -0.29904521240700044
v 36.67758477145135 117.44140549840833 -6.1442299065523684
vn 0.50142219228844231 -0.84901100974329657 0.16660159187510842
v -60.612943411721147 42.205462414375113 -1.7182908711214777
vn -0.0418034346383514 -0.98327123406287587 -0.17728551299219628
v -58.704900029281795 42.228098545604695 -1.6918713691514755
vn -0.59016520387446769 -0.68375552411008333 0.42916595319847206
v 17.075682987972499 100.19967196479399 -6.1399986385461718
vn 0.88825216402066853 -0.11040267463916226 -0.44589162645772862
v -11.927947410166851 -113.64931300783377 -1.9948359266788316
vn -0.55666775237780619 0.50209618445944582 -0.66183112272989075
v -40.505105391977906 36.900162667149232 -2.2913139374710045
vn 0.14010894871980856 0.50171028924841454 0.85361365274396961
v -2.0535550992865659 4.2472751990196898 -2.9379730377632685
vn -0.42075904626688848 0.8074058428874501 -0.41359113851215984
v 0.72537777010408977 4.5629721395538692 -3.4733112085024311
vn 0.060869051583292942 0.82854441449714289 -0.55660498719014107
v 0.46241797805238899 -5.391445235585782 -2.1503267431932391
vn 0.1323106704417982 -0.9373259693959034 -0.32235681097701663
v -24.156078117810317 27.013785275342542 -2.2054731502792144
vn -0.022051781063064858 0.48155208051947496 0.8761400074755813
v -3.5914168849993278 23.411671595984075 -2.4224124057660257
vn 0.68990144049178748 0.68525022748889997 0.23338407857813992
v -4.5567058023899554 8.5047131622811971 -2.7132466845293068
vn -0.80090974362749334 -0.49814996206814199 -0.33225020369301755
v 8.4198121585526202 59.531135568114962 -2.419216372756793
vn 0.60978978082741109 -0.16741004110603683 -0.77468077382579525
v 43.404458235394472 147.74006271605455 -2.3917152876652867
vn 0.89737588040015326 -0.4400916751621412 -0.032184572842127772
v -26.963591907941105 28.150171161320184 -2.5779334142943808
vn -0.56186343283948292 -0.37622394174337243 0.73672588423165319
v -3.4814588668972206 23.074299934200461 -2.8628531901497443
vn 0.72897735948780618 0.25722029711772665 -0.634373492593168
v -53.293570355304382 40.183578654486887 -2.8934463234747305
vn -0.47936216495827039 -0.10192379509345319 -0.87167852721073014
v -6.0041524194982587 10.638416136812777 -2.7287326526767615
vn -0.72526778515156021 -0.1089236617064209 0.67979576031468114
v 11.890071537543903 79.765811130984332 -2.8489369225747367
vn 0.35711727583490421 -0.20810049589861873 0.91058301922834362
v -26.2950041141974 28.695863072773289 -2.8771896880065566
vn 0.61068414560649564 0.77131584070912529 0.17926725349611314
v -12.769403576554556 -115.41086123536158 -2.5804682193215953
vn 0.40657283545109479 -0.6245612374096956 -0.66679966271626645
v -51.973966136698998 39.759601107038264 -2.9759345598135658
vn -0.14363644510639526 0.28276135611019171 -0.94837470818654945
v 3.8802241352809164 2.8862848809029455 -3.4855670921482518
vn 0.63250328155161739 0.51346535832187845 -0.579907686300001
v -4.77229786236866 0.54880178539751867 -3.3983013021334663
vn -0.80208653590201306 0.1418214678357575 -0.58012400414533782
v 14.814986224758005 94.365762643124455 -5.8124039121008266
vn -0.80843514769304436 -0.12168827141528328 -0.57586854105297836
v 14.331508669457325 96.490783781165874 -6.0922271279833762
vn -0.95972916137350484 -0.065510066512267762 -0.27318193204322166
v -3.278084582675477 -3.2645020532736431 -3.774056043591552
vn -0.54576127402463637 -0.55007409947727626 -0.63211005122468145
v -0.67079303832067882 -4.61528321608818 -3.6494933888949217
vn -0.09117022179931554 -0.79263912365380484 -0.60283597297307323
v 16.482439239222288 101.47937383495902 -5.7988028403397456
vn -0.95890891960033986 0.19218284026252844 0.20870898356212775
v 0.70143309594958048 -4.7064610376133613 -3.4826159234526268
vn 0.13608725070627115 -0.81647766191397608 -0.56111004962546807
v -3.9845741513402428 -3.243220202405245 -3.0356908489535481
vn -0.671679391187741 -0.54212845529983777 -0.50491933356515217
v 9.402307397778717 72.787237157057788 -2.8852777963347944
vn -0.88241752995326161 -0.21110111965925821 0.42044692900506742
v -12.837422324784143 -117.60306800069429 -2.9788992236421734
vn -0.83052095870516651 0.3497973172170068 -0.43344754471473901
v 41.862393305359255 130.80562489749354 -2.9938814512459473
vn 0.93565649870295986 -0.10880461213404169 0.33572082570683481
v -3.8587352421815169 -36.174202163263892 -3.8532405782504053
vn 0.6066794535392136 0.27589927559288457 -0.74553311823196866
v 9.9518560709081214 71.786043878280978 -3.3474104133428546
vn -0.6490891112052225 0.26082561307036883 -0.71460011564600268
v 40.577076408601584 142.04872538340635 -3.2187651050846569
vn 0.67049669460252093 -0.43550541721178143 -0.60064066970717689
v -6.0010882506368723 25.33634388464197 -3.2997848555468692
vn 0.62358234767784604 0.61044170425056221 0.4883707417283053
v -9.97964062955276 -52.750423317927158 -3.2421141620915845
vn 0.21775149109369329 0.79131118161456726 -0.57132381534312981
v 11.641662742252983 80.11471682666398 -3.4047432839972949
vn -0.68884630169903427 0.42973838825722338 -0.58379421913346052
v 12.327316740373448 80.404946903511814 -3.5738637684938031
vn 0.40113230660914889 -0.08058532705849529 -0.91246856255834863
v -2.2120800283671436 3.6146720336678744 -3.764070274701655
vn -0.40777431247964302 0.70272207695045752 -0.58301097129315649
v -12.667562450449033 -125.91849629273466 -6.113116416044492
vn -0.6673284141875282 -0.72488606259644195 0.17091806186411682
v 38.286682581664977 120.17714460923074 -5.8548456160388582
vn -0.41232790535878544 0.60794905229272556 -0.67851576862945007
v -4.0901394662050539 1.6696244718966136 -3.8032633466984316
vn -0.69722592029809016 0.35464637723437964 -0.62297830072885485
v 2.4007704266991321 -2.9625635850716665 -4.558531998322799
vn 0.41833231901795476 -0.52757170007875664 -0.73936876600318358
v 36.452834337306484 117.57289321004177 -5.9099230575275925
vn -0.23457497394168011 -0.38510792084450851 0.8925617462691755
v 2.0113470109927811 -3.9947752925478799 -3.8047701619632872
vn 0.36012501428241667 -0.70703758548941198 -0.60861139226389083
v -5.856210524504573 10.574141421995039 -3.7217363932236047
vn -0.47409271763345295 -0.3023419139611071 -0.82693739917194542
v -10.333555088313611 30.2014331598523 -5.8804944068686318
vn 0.073333709817797132 -0.10441256045840355 -0.9918266906183153
v -10.122470645712772 -53.191648724751332 -3.2788385129495126
vn 0.26487778995614358 -0.70954476704407621 -0.65298237338255671
v -5.1019164077315278 11.990626693818399 -3.9103572961335482
vn 0.70242672747770529 -0.0089760074925430231 -0.71169946172134724
v -9.2407168601181322 16.217335752492872 -4.1833014369237489
vn -0.95224576763079161 -0.29109249369547974 0.092158331926047429
v -9.7384894037682912 31.992163124058038 -5.9427510293517969
vn 0.89289763463608296 0.11891650316775951 0.43427258644270933
v 0.93381052375709361 3.6042396567500936 -4.4903118485489193
vn 0.12513584965669028 0.67553690265792032 -0.72662983167362571
v -3.7095762891238433 0.49218206747773863 -4.5769452676527322
vn -0.64253027715634525 0.1274715469548906 -0.75558311763453079
v -2.4485309713966608 -1.3933245434816632 -5.3052191539971707
vn -0.40666125956950377 -0.23225480175332949 -0.88356342558294376
v 36.487476822753223 118.11282679125294 -6.0342716084164767
vn -0.56740415052207149 0.7241511767906581 0.39199184063323494
v 0.85733946366375646 -3.6735058470761697 -4.6190887143900365
vn 0.15859408238229747 -0.65022692066634125 -0.74300260341003155
v -8.3748305366086999 15.096061892442359 -4.7066698564330567
vn -0.15293507014840427 -0.27997906925863947 -0.9477460551728869
v -16.522153480600679 -55.355163653588285 -6.1993159715815978
vn -0.39351888760171821 -0.43023279966932693 0.81243007279974511
v 40.267024054956053 122.10558504690236 -4.3275462992674907
vn 0.5420160277964462 -0.55102429031334932 0.63450047840520318
v -14.820336849531145 -121.46522677047878 -4.5976795549923466
vn 0.52872810758477928 -0.84633220161777978 0.064563091272178921
v -13.438611930383644 -54.608059223144707 -4.5695330332798605
vn -0.2335240532359974 -0.2126800560941054 0.94880646619847575
v -9.1254893678573925 18.627601334213523 -4.974932707442381
vn 0.066512255274307486 0.13556435976057538 -0.98853347149250881
v 14.601923916326029 90.146010171625207 -4.9196785204061531
vn 0.99592922939721562 -0.0067119658398167364 -0.089888372700997865
v 17.485716442024035 103.99263532002429 -5.8876522260944162
vn -0.73120645784839478 0.18081006575894504 0.65775742954454719
v -1.4562909537158382 0.84808521852817842 -5.7110689889681376
vn -0.26037666069401127 0.18096524484497278 -0.94839631732943519
v 2.0726145898019621 -1.8040942973990861 -5.3291850811854076
vn 0.37254515234585889 -0.32711899157513258 -0.86844877500890583
v -1.5272848567297808 -1.3065508599079458 -5.6667410093663326
vn -0.2547867695379547 -0.19633931086820888 -0.94685509824693337
v -2.6089163841191261 -0.22190208330115679 -5.3695851882086592
vn -0.45508588560288893 -0.0053042579439195308 -0.89043175009244746
v -10.407105457681027 28.895619580600609 -5.4389920442926094
vn -0.36223664353806639 -0.57221543601730285 -0.73576770033877126
v -13.538252671650525 -54.83735492146225 -5.2565204728746551
vn 0.25215777214704604 -0.34530503088581282 -0.90398058252972791
v 17.29553927346376 102.52240464925626 -5.6057484468588541
vn 0.046551891250639486 0.025232525442959557 0.99859713652741822
v 16.298815299561049 99.626003916807946 -5.789165071991115
vn -0.88967659679970923 0.26194927114518901 0.3739761121427303
v -5.767363844696856 -36.61639068739202 -5.7094631116913623
vn 0.79445119132922293 -0.030486360734385373 -0.60656235162162142
v 16.768144661051977 99.01407903120716 -5.9673479070700957
vn 0.855150943348717 -0.51823475699270105 -0.012231137907634594
v 15.30152960711191 97.346684192364165 -5.9280690081837211
vn 0.87326442354201539 -0.32979701320741822 0.35866861676943218
v 38.711946080778972 119.92635151999036 -5.5121861990702143
vn 0.78097460415834274 -0.62280964290005569 0.04676340845602469
v 17.676519736145238 104.00873741382183 -6.5141156485656033
vn -0.24846010405123983 -0.21848861303030162 -0.94367913120453295
v 19.960257788326317 107.38545196889413 -6.9361400389410326
vn 0.26190250493412048 -0.40746775130520713 -0.87485833684975012
v 26.596175341562486 112.48547309456325 -6.8137344413194079
vn -0.5042279988634496 0.80382429970663205 -0.31562734413118204
v -18.117251239677067 -58.154095738437533 -7.2005528899833902
vn 0.79257392734101773 -0.60756383839073225 -0.051891733244854736
v -5.9892316548655664 -35.446734126942722 -7.5259987117667597
vn -0.95473936745464372 0.16816242673136858 -0.24534493772671129
v -10.440401076041631 34.270844792039505 -7.3379668861875409
vn -0.89219108814382664 -0.21310350816478746 -0.39822350137152235
v 14.470277921943989 96.710386600537717 -5.7349147613722167
vn -0.55604234628578264 0.3173651511977536 0.76817723862545473
v -5.7929814925677992 -35.802723215876632 -7.5091921247082611
vn -0.12271278876339975 -0.96304224859916199 -0.23977322387409949
v -10.800865505087032 35.966916063106169 -7.8210068930839451
vn -0.99008365864229597 -0.079003936921133527 -0.11615819747416482
v -11.020963162845222 38.135465877977097 -8.3566481054164008
vn -0.92202715574985961 0.082169296731972444 0.37830428326202864
v -10.18740176007462 37.07819173399772 -8.3296775856707832
vn 0.86086011559728548 -0.094995095151518674 -0.49989578240967586
v -11.195308879143623 40.034183017582173 -9.8860960997865597
vn -0.2526171813874874 -0.23603578486924498 -0.93833451813785518
v -22.055644826266004 -60.453210207822352 -9.0253657378319225
vn 0.70221858175831764 -0.52985699743908488 0.47554245414912699
v -11.254896735946168 40.525135489757083 -9.2706909094553893
vn -0.19647009620201281 0.54377756052455484 0.81590775579616581
v -22.192173672109448 -60.364561933889725 -9.4357617417384745
vn 0.24899522165840929 -0.09286471280306996 -0.96404228367187439
v 38.17439469403169 120.3809637123866 -5.6062648378079629
vn -0.76562524132822041 0.60848466686489044 -0.20872086630576145
v -22.294811204306626 -61.78122595037842 -9.7054287264001502
vn 0.94717807321054603 -0.24540206817067439 0.20647402395147255
v -11.47080328737094 43.352621963576617 -10.74583392246705
vn 0.75005758950955725 0.035044813723378601 0.66044339155616216
v -4.6891594408428841 -35.209795959224472 -11.322753441132946
vn -0.087489943057202299 0.94343855230885587 -0.31979557201627667
v -13.485345488484143 -123.14927214570733 -5.5041047429121264
vn 0.89001551624738828 0.45347769531802579 -0.047226694654050404
v -12.359734521486871 -125.54522210506786 -5.9310187923850179
vn 0.69262892240635299 0.34713746783109506 0.63226636338969489
v -12.028636370135754 43.62740411430476 -10.836354353948657
vn -0.83786354607875091 0.021512491520900082 0.54545567268193673
v -4.5076075774906812 -35.72416683749843 -11.422150664649649
vn 0.45111675524995004 -0.76271084867969607 -0.46342834876500005
v -12.3642923634829 47.200023097748506 -12.286480323407492
vn -0.68417589152780334 0.3668559637942399 0.6303332858740166
v -26.615568273722182 -67.035211343544773 -12.238918184991425
vn -0.34002364601352114 0.87090337742002644 -0.35483972064872149
v -27.683957621725384 -69.279840723622627 -12.940038820868121
vn -0.76529907010765408 0.51686306366066859 -0.3836273018382132
v 37.689002205561565 119.34826471826955 -5.6464058552658543
vn -0.93336230797808573 0.18077415735237656 0.31008951301093624
v -14.597694475208009 51.334160836067745 -13.708144369539793
vn 0.16262623128373627 0.23311900061805127 0.95875348262694193
v -28.714260488739185 -73.51810248951611 -14.48109571492205
vn 0.61493753193016498 -0.74989272202582469 0.24395232582686405
v -16.787368248625913 55.546755987207554 -15.871363396472308
vn 0.56564140498376014 0.58293015667076575 0.58330286593826564
v -17.724312236270634 57.494911330218372 -16.871181889393554
vn 0.85891877610120915 0.2383317590036505 -0.45327310609722549
v -19.326561445002866 59.840593408039197 -17.676421006717938
vn -0.92013754279774163 -0.30038117521263119 -0.25123306293561914
v -19.316601898791035 61.091996381245735 -17.861785389563114
vn 0.93168476070955575 0.27894496274149422 0.23270843221233817
v -20.522364960718136 63.258451302502323 -18.627604388340515
vn -0.4108298390904318 -0.60228571134780862 0.68444924225189541
v -3.2467547251643207 -2.083797452715217 4.5036818110939159
vn -0.52269565643581362 -0.36686195711987957 0.76954633074383871
v -9.9603353168213715 29.256817835491692 -5.5171706634515534
vn 0.58729025038064464 0.078614613682965073 -0.80554944250698723
v 0.52807796016847142 -3.3101880793043454 4.6367717753311606
vn 0.16570309868627997 -0.65352427675087954 0.73854485495669442
v 3.0572682120594807 2.7789678159709839 4.2241717968922812
vn 0.50735362726235045 0.48972670523484052 0.70905574610432687
v 37.90647498544709 119.05998319721624 -6.1933994594530049
vn 0.44395648010882283 -0.047551704619482646 -0.89478571689380793
v 4.3026108263488956 1.3574371266520071 3.7988842521000459
vn 0.71525204877696136 0.21411068513756287 0.66526019062490338
v 3.4367699874094138 1.676001531848208 4.5089750958228727
vn 0.59654958179874373 0.27798145701485572 0.75289767300187738
v -1.4172415100044427 -4.0957511722771489 3.8490433898251073
vn -0.15976825631526584 -0.7453241646868326 0.64727582513782689
v 3.491315958710695 -2.4356012463850001 3.6757874365653649
vn 0.59587525369419492 -0.55232782275309855 0.5829808386625589
v 16.710655156147773 101.45737224695709 -5.6355219300138693
vn -0.19317009288326867 0.068235228647221827 0.97878969589331632
v 2.681288711425303 -3.1956759089538647 3.5988696487996075
vn 0.47613309738071413 -0.73785363826565009 0.4784028449714639
v -4.8323840551086796 -1.0036620332814739 3.3032825014323337
vn -0.80547975842153796 -0.15680355148205743 0.57150241033244531
v 17.743281081767194 102.85101852579834 -5.8208127738911415
vn 0.86080924603433639 -0.23023203029018235 0.45387294937047962
v 16.852616657620644 99.616119226976579 -5.5827829391912678
vn 0.51330894132467253 0.026993090504138346 0.85777928619265409
v 4.3482546747487403 2.4846524025816894 3.2065201452932195
vn 0.71651008088650703 0.43597076321849798 0.54455743278986801
v 0.96234050011709193 -4.1884300636763241 3.4903273425052297
vn 0.32189851168093592 -0.80477467714624851 0.49871742219592613
v 3.8133862787695119 -3.0157624653351451 2.5789212730536999
vn 0.5409189482446003 -0.73772996070242902 0.40393216820643063
v -1.3821354899579479 -4.8568189271167252 2.8212521914496231
vn -0.14264945820615574 -0.85550254905474576 0.49776150979592859
v -3.2276803618560979 -4.1192998271421821 2.7276662188537735
vn -0.51408820888138307 -0.72211648579986176 0.4628834566337291
v -9.8230311573378728 31.871396948492091 -6.4125152957268421
vn 0.81490170761421254 -0.27295835008144426 -0.51130122828745095
v 14.79797737903907 94.623155912378451 -5.4220671896749852
vn -0.83066682823453919 0.37719694807693011 0.40953031979600751
v -4.1733203800998879 3.1423253017404269 2.027158087156244
vn -0.67111946214327478 0.68169195419155526 0.29136703163367655
v 5.0125739560456344 2.4774853843598734 2.0667104331948605
vn 0.83345917775996725 0.4241693823690092 0.35415552243099713
v -2.0640898650349042 -5.2845648117174839 1.371720361518594
vn -0.29515552329662625 -0.91624362194584641 0.27088898521544097
v -10.956864643105879 30.104812883498649 -5.8107393417833126
vn -0.72021158050821166 -0.21375595163621083 -0.66000278214713737
v 0.65796029885341145 -4.9353780956515756 2.1851785641729093
vn 0.33060625322914833 -0.87123491252368257 0.36283499352410231
v -3.300340764679822 3.8622569966453382 1.9089437988453053
vn -0.55990862171678679 0.80554963418390968 0.19388687988973766
v 4.3696409038784152 -3.2062180200969252 1.0110865003543268
vn 0.63546929515342787 -0.73217133480158525 0.245160990804146
v 15.527350586084204 94.396682145908272 -5.5166528701791346
vn 0.97239751795545537 -0.10289061291426295 0.20941964771290433
v -5.6811186631096087 0.21622313729851417 1.7986613739824717
vn -0.95016088810641597 0.086393458591429745 0.29955042484603106
v 5.0056822600884345 -2.4563650174421112 1.16818463703413
vn 0.80325350762478831 -0.55286506330435325 0.22163940142932062
v 5.6383822840355498 -1.2262188091713666 0.9503500891376464
vn 0.94882774178780982 -0.26637226541839099 0.16962232350053361
v -4.7768134949194225 2.7451061183856398 1.1096452290883727
vn -0.75319971310909239 0.63374365388827369 0.17623612946476372
v -2.0289532735469713 -5.5161840064252274 0.38976665217485507
vn -0.28870403741753209 -0.95366245534356353 0.084722488436670559
v 4.5233281333228028 -3.413224401616997 -0.3593782335005154
vn 0.72291057771862111 -0.68965425254231216 0.042158137682234413
v -12.983730325892907 -125.10446339946498 -5.6419191370474095
vn -0.32313745371816854 -0.3752620700742702 0.86876956943030181
v -4.6988104345164246 2.9443698846513047 0.35200473721509429
vn -0.71831346193220669 0.69470928132122955 0.037480459617100656
v -6.3709047257856124 -36.439542252873508 -5.4814628454598697
vn -0.86715934046311116 0.26418001598459384 0.42218905410012897
v -10.987326294601552 30.266846489760169 -5.2156366973665111
vn -0.83878218145630057 0.10861947012064313 0.53352250447579086
v -16.437762454580707 -55.057748720572619 -6.1188094220298979
vn -0.36172103561654623 0.56282628728785045 0.74322571452437469
v 1.5057552031238046 -5.2442543435025391 0.2749424588823377
vn 0.38268835315635874 -0.89134009680392368 0.24302768605252739
v -13.418200534602061 -54.339191433990216 -5.0024580427270102
vn -0.050603356083136389 0.91423769928086107 -0.40200588250268326
v -4.2076497624660609 -4.1868113185071625 0.41151763948760212
vn -0.68286953006718498 -0.72636165860362145 0.078025289595219094
v -4.6401435488610607 2.9330324597170865 -0.96457804929683444
vn -0.72939993975245021 0.67323366601708612 -0.12137610485724284
v 1.7323815761208086 5.1531546615012136 -1.939569243358809
vn 0.21423174822055036 0.93001779767143822 -0.29861623209185134
v -5.5851533081840676 1.6713375951031297 -0.45668059459832699
vn -0.91775406653357416 0.39444712457796216 -0.046248667799899085
v -5.8381991780924594 0.11658137931899537 -1.1226765344835468
vn -0.98188300354979596 0.072348578951653419 -0.17513266532462721
v 14.316767489729459 93.529700983662366 -5.5278400487768833
vn -0.92890317502906872 0.24835604368034753 -0.27469649977449728
v -4.3975964890788974 2.8940606336249246 -2.0295353385915011
vn -0.71800792195743268 0.62995146310352901 -0.29601651666772322
v -1.3049339479924305 5.034636980225712 -1.0349222335176265
vn -0.26926564313062484 0.96137389343724244 -0.057063564967224388
v 4.3332321387489587 3.5563532031705325 -1.9043660179991335
vn 0.70578847586904092 0.63238425342877436 -0.31930045935730822
v 0.2973237977532488 5.2337902570934842 -2.0476318975964118
vn -0.053209511761830801 0.95429015169144249 -0.29410721555716945
v 14.828848381700228 93.267439218118255 -5.7380554427525707
vn 0.55033474757475531 -0.35985639522979945 -0.75341558281206555
v 4.3808973316658122 -3.3535028367023951 -1.8223855033153953
vn 0.71883963054375866 -0.64764864725086657 -0.25262781967517972
v -5.5623003853616257 -0.95040158089854287 -1.9998309431610681
vn -0.92882752934541568 -0.14388993282857288 -0.34143097100392
v -3.5531527318086518 3.6902202592318574 -1.9452837438184498
vn -0.59801944691275244 0.76813857700169996 -0.22877033819087927
v 1.9900477122411195 4.3944580979746002 -3.3094713896577233
vn 0.2855574026793648 0.78315834279793584 -0.55237666485922998
v -3.1738822740575561 3.5061446780131522 -2.9931492860077298
vn -0.53749343755014467 0.73148741659317051 -0.41955567444187669
v 3.2709770819612363 3.6271275712204094 -3.3346811391424493
vn 0.52237173672022297 0.65249991967868726 -0.54897324478994836
v -3.955308362955118 2.7624975715508762 -2.998795505590738
vn -0.66964934481340954 0.57816008308071842 -0.46615520304193536
v 4.424713299203046 -1.3511409371857956 -3.7373980620461
vn 0.74073752544879035 -0.25163325242683243 -0.62288732902917276
v -10.151834042889295 30.235639297178334 -5.4471802101435909
vn 0.99181584461032568 -0.040678759466946157 0.12102300982927439
v 3.1819994397244074 -3.7007834767627643 -3.3362063333250314
vn 0.54492818360993012 -0.66139885869924209 -0.51536862964185381
v 1.7430822888770479 -4.8746130020744101 -2.6733470793812453
vn 0.32440257101951725 -0.86226670973129782 -0.38892042014413297
v -3.2529544150724559 -3.9700756489978248 -3.028802859024788
vn -0.53095433506455048 -0.68633563728869884 -0.49702201869099993
v -3.253203004341688 2.8001025456049282 -3.77302955112861
vn -0.55965619524245913 0.56518660114545627 -0.60609326758542814
v -0.2490005772139417 3.525137384929983 -4.5763707370625113
vn -0.093047324558389696 0.67438427352530028 -0.73249440067093952
v 1.9978215246034261 2.0068650718635221 -5.2383791661866717
vn 0.3331127851626563 0.36232686823394655 -0.87049130548039255
v 1.0593510183672259 2.4409035965934538 -5.3308601390504542
vn 0.16131066990562362 0.45911716000108871 -0.87360763570789246
v 15.013497170292224 96.445057050933798 -5.7194783144350421
vn 0.72514479440024759 -0.017021468821587584 0.68838600853981524
v 15.161966351115995 94.475474382570894 -5.2441744657091984
vn 0.12214617740586145 0.14467460565391135 0.9819111822481813
v 38.236383076872663 119.4699989161327 -5.4302333798704536
vn 0.12747975308775683 -0.23167070722964478 0.96440530689352844
v -2.0812032201465533 -3.1040304522489874 -4.711751939249897
vn -0.34521138301792331 -0.52090094802534226 -0.78069924002854796
v 0.13358504605821228 2.7481462123800311 -5.2171057801995389
vn -0.019073205115534859 0.52211685347045145 -0.85266066179268285
v 0.75182950256759118 0.14326080158644494 -5.9698172090419828
vn 0.1381199282410259 0.054333538252404306 -0.98892403754973424
v -5.3011753995129993 -36.807888459097299 -4.6872207514890647
vn -0.30383036174560485 -0.83862447031771192 0.45210187907801513
v -1.4603970571115252 -0.21017719535800872 -5.7912427900333565
vn -0.26976204045118579 -0.0044477730488327637 -0.96291674554268647
v 1.6719474321397123 -2.4663731185218438 -5.1950336312376582
vn 0.30180622102953636 -0.43259648681989404 -0.84957241276948015
v 2.6521307255607138 -36.546303406200707 24.337246349579232
vn 0.50060575952626429 0.61903606987490367 -0.60513487564588886
v 2.7080146838103047 -37.212104356285188 24.122007715574053
vn 0.9318113317443073 0.36065279739750683 0.040708743068943613
v 3.2594709811268032 -38.608266900104468 24.22276166806509
vn 0.44662812200822316 -0.19590113094628986 0.87300977516026257
v 2.1802100041377095 -37.369552707366395 24.151211866056215
vn -0.86304699772637639 -0.50197569004208575 0.056305295685749705
v 3.0327517269692166 -38.713444059846715 24.055931942775516
vn -0.85964443114682054 -0.50771105338906297 0.056929239102831056
v 3.1683679794029302 -39.20112292633064 23.75006990954196
vn -0.81089157130850298 -0.27717428586881321 -0.51539235038360864
v 2.3469077162498913 -37.129111393207943 23.928200001077279
vn -0.59105201031705767 0.091879214375310075 -0.80138363538691049
v 3.5252294485681119 -38.695499065166558 23.923494487204657
vn 0.94483206650636653 0.31352017642299462 0.094854968646893564
v 3.3730185767959924 -38.735679741931079 23.672654056508165
vn 0.14623712296336072 0.30222281854133615 -0.94195332783547692
v 3.8270847593226023 -41.772560197129515 23.377489076879577
vn -0.49454348282916677 -0.4562610834693111 0.7397652109302032
v -13.295750064389608 -54.876924128706086 -4.8690994714464964
vn 0.51053149828764677 -0.85650148797585146 0.075913044671670954
v 4.1519018353034625 -41.465337631543633 23.305311609386301
vn 0.97540392352688832 0.2000040368532017 0.092658357479372705
v -23.416130814538633 150.46595628318619 23.31789061094041
vn -0.60251690894956678 0.47917318262443392 0.63825264236306167
v 2.0765253716770946 -0.58025313092169206 -5.6152166041221765
vn 0.35355649273521195 -0.079805749482886906 -0.93200260128083912
v -23.278729804163277 149.96699383334226 23.316314659111015
vn 0.40554451811945513 -0.43856766804818881 0.80199254632822647
v 2.45415296917824 0.96015348687219948 -5.4164751621580081
vn 0.40727381287378672 0.1691526362127827 -0.89750511252555754
v -15.209049020603558 -121.40339540324196 -5.0691426270322069
vn -0.78027584197278765 -0.18038489485211776 -0.5988579966426496
v -22.898520861750228 151.39798053236802 23.419810044155124
vn -0.47485924818866354 0.21333195742938557 0.85381389678843012
v 4.4625786932742457 -42.506627990910559 23.142076478503682
vn 0.53086955471356412 -0.34337632762058246 0.77477107167732118
v -23.067208919223418 150.10982917392627 23.020891474852366
vn 0.80802733318737707 -0.39036135408958811 -0.44125938183277041
v 3.7785877501582972 -40.916219213599717 23.035998822887137
vn 0.099270373884121271 0.5678457511265731 -0.8171270377342833
v -21.857788505236336 152.20261353559022 23.0596321345419
vn 0.98459949097322785 -0.10534038225344323 -0.13952507388265076
v -22.3264615517786 154.9035658022043 22.851795777072319
vn -0.40574330952007004 -0.16042281556186724 0.89979824795723173
v -24.951066147449772 147.80590261899781 22.808783689136064
vn 0.69637928349710754 -0.69876197176781851 0.16366917952750235
v -22.143437293412916 151.99359372815798 23.400526625446425
vn 0.15888247546979839 -0.29969447555379108 0.94071227286090364
v -9.5837348905797626 28.28707101238237 -5.235343137738468
vn -0.1520145886804587 -0.53114165338810593 -0.83353470765437232
v 14.384738543237145 93.523086570771824 -5.160671714291297
vn -0.67445478852727336 0.21053573465304523 0.70766195507935381
v -25.369364637578869 148.24696365667353 22.750074699601988
vn -0.77555280947597205 0.61472358424522189 -0.14364106197962459
v -22.446853426204861 152.54127308496922 23.083414783525189
vn -0.68773674187741485 0.72314416829555161 -0.063880245240395234
v -9.8870761366552191 29.490781731563722 -5.0730466515419419
vn 0.79255923500090264 0.5931666734331108 0.14143251586209268
v -14.667948422911408 -121.35059313997095 -4.7748935164060313
vn 0.88012457890099438 -0.1231396288160997 0.45849466455933874
v 4.9865479671597228 -43.164360144241741 22.432536156251494
vn 0.82570160276375182 -0.30218391157634134 0.47634204808917868
v -23.40432674218248 150.39627136543609 22.90432375959389
vn -0.67298373790270394 0.41973360718811437 -0.60902921729204296
v -21.971312547142723 155.12408536526416 22.722022520362223
vn 0.71598511842083246 -0.2395749890636987 0.65572031752496063
v -5.7930928969072681 -36.286862440808406 -5.6200813743328597
vn 0.68052609389933216 0.71880955638321598 0.14211635083368115
v 13.911824144718661 90.049470782472071 -4.8161125070616428
vn -0.83513102613926937 -0.0042473441583899879 0.55003466185975169
v -23.107957895609843 150.2643842583127 22.790240470487475
vn 0.32696057364766729 -0.1059235629045831 -0.93908305388905144
v 4.4659424147150402 -42.075484060921951 22.787488731086263
vn -0.025652994039758837 0.94978495710151734 -0.31185005877899907
v -20.944967244405717 156.67952206476838 22.640568418981637
vn 0.8378934865715133 -0.21649355739096249 0.50106391285866858
v -22.431464834188759 155.3132742103509 22.685557711574681
vn -0.83395149452084416 0.45560205118591623 0.31137064046187207
v -24.703109688174209 148.64183440059833 22.63770295025347
vn 0.13564069677996188 0.10840604897702201 -0.98480948915119526
v -20.846657595860734 158.16895832877833 22.62497740851444
vn 0.50957632882192794 -0.2302423799864298 0.82904789461318262
v -26.202607399251519 146.91523275052083 22.771312382880581
vn 0.068191359118586717 -0.45354060436524085 0.88862301271887634
v -20.454808180200757 159.11125735163012 22.674791083137638
vn 0.089388687002051576 0.014386785565199369 0.99589290741381942
v 14.642129200280564 93.062982285843191 -5.036031840726821
vn -0.31975487744556491 0.13426306636040172 0.93793936230508757
v -21.937069633808136 155.16591177878178 22.434383707596425
vn 0.86872098006391185 -0.14064143666024206 -0.47491456609682936
v -21.348948527488133 156.89655612218783 22.682765016738852
vn -0.52910628179679997 0.31234053027379893 0.78898031389347578
v -20.616537584894701 160.64927231266407 22.621747787520924
vn -0.23744636452223689 -0.13113241196894962 0.96250896853295798
v 4.2816600998426111 -42.891323407363217 22.66748909227627
vn -0.224083259027542 -0.9630279604016081 -0.14954544629748631
v -19.813710817385537 162.19890383585894 22.572560425641136
vn 0.4207745285564648 0.04618562006295187 0.90598878835087449
v -10.592853868093894 28.915209332032603 -5.0822171034867711
vn -0.83142403162442902 -0.54297501478491572 0.11795004432682901
v -26.408415696661407 146.07524734796812 22.674608154262877
vn -0.33970404826066636 -0.027921611374232984 0.94011783474923027
v 13.960294998643345 90.029722905531742 -5.1083999855263009
vn -0.81831477099704963 -0.089155458558697623 -0.56781356075496714
v -20.21320876545899 159.00770835630198 22.477517075802297
vn 0.94966367889512349 -0.2642599720559729 0.16824257533798156
v 15.010877822989757 93.374370953772996 -5.2563441173353525
vn 0.92020750908955518 -0.094854296947260913 0.3797641407055658
v -25.872906855144635 147.00147998228027 22.392159544152403
vn 0.94598348726028814 -0.14035442404530304 -0.29225994847357312
v -22.104591762828441 153.60270142778808 22.531555972021636
vn 0.15905700735365544 -0.21779789537426461 -0.96294597209928667
v -26.481488136721381 147.22799801196282 22.55714178831408
vn -0.85131400740426277 0.44727945166896932 0.27423630852241454
v -20.772839703523601 158.16833272838903 22.233470047339669
vn 0.83637303776950866 -0.25998160060726255 -0.4825864782998896
v -21.26001021570049 158.24578402960356 22.525455587607951
vn -0.77503958886206026 0.29688339601803465 0.55782961992469293
v -20.222845900615333 162.24443473620516 22.361293752571093
vn -0.92861736954126517 0.20591980432391047 0.30865322803020157
v -10.442565061403162 30.581296090387291 -5.1069507874079783
vn 0.29482134233467144 0.57845377126208997 0.760573211871578
v -26.344119038905163 147.18347390282236 22.264976886524948
vn -0.51185719298465138 0.37359517698103312 -0.77358183647651901
v -25.260416533502717 144.03961549030745 22.278830888046272
vn 0.87478712886617893 -0.20913616428296694 0.43704638650728506
v 39.482376624729255 121.35711709895057 -4.554565838227262
vn -0.012738976555261185 -0.41014512304754197 0.91193130032730052
v -21.131329075107061 156.68576136442366 22.231186940406161
vn 0.4494273719270917 -0.27356141711626869 -0.85039942875571495
v -21.457837945687416 156.85645351182629 22.258900718865483
vn -0.79638768724415432 0.15456582918432576 -0.58470168124819744
v -25.698874214001364 144.39620393050737 22.354465229882024
vn -0.50895624938002282 -0.0086174562438780088 0.86074925249163292
v -25.872396653148421 146.04486255932841 22.288948817422806
vn 0.99615976607658796 -0.053959854376919789 -0.068949652398393249
v -20.47425928035554 159.08604454843714 22.073365625969998
vn -0.016269392233428839 -0.048047922272171001 -0.99871252322261506
v -26.570697961764221 142.4570089910961 21.977083741078609
vn -0.63186430876022193 0.76554910833423873 0.12116954255760314
v -26.394163452626003 141.95775593710437 22.210522493318763
vn 0.16979041046233515 -0.28259911993274089 0.94409160250913804
v -26.535889914356382 146.01402274771107 22.116682004358015
vn -0.81682481336738277 -0.22275345375680311 -0.53214483282914249
v 4.6996604807395101 -42.72781028643405 22.232831271526237
vn 0.45911559192978985 0.82131787864198769 -0.33859978657699086
v -25.854940372616149 144.36615976260182 22.068355855997666
vn -0.97422256545905084 -0.10842876472168103 -0.19782213205633928
v -26.342190387699773 146.65370279968508 22.109095052936269
vn 0.044730034108470512 0.013028406390530283 -0.99891415280572438
v -20.329293156008458 160.84277706113525 22.048110881422641
vn 0.56994765051565388 0.08439134309677726 -0.81733577976374461
v 39.995027855205507 122.56631163754915 -4.7226995179325186
vn -0.536503488688299 0.68582169652785674 -0.49174445314302889
v 40.203175359781923 122.23933637151106 -4.8868081191335762
vn 0.66500351016308534 -0.069998047068209085 -0.7435526913927567
v 4.4166444183158831 -43.187371183931248 22.273239870651267
vn -0.69324611469897679 -0.70256333255276016 0.16066918872992708
v 6.1481659543383103 -44.492121668100168 21.850542613043928
vn 0.13158707453901847 -0.41423577481993168 0.90060733101257484
v -25.547300023556318 143.41057435236274 21.882025839452663
vn 0.78292222530839428 -0.30328616796462027 -0.54318531776870416
v -20.019181826068003 164.48818149342981 22.100212193232036
vn -0.38562356665742714 -0.057270213754565445 0.92087707510552741
v -20.705678856625006 167.07284507738854 21.738202608064618
vn 0.460282373224146 0.33220571913013169 0.82327364653338686
v -28.484642899789151 139.94398598667328 21.695273481448439
vn 0.58001688066128887 -0.41209964284354861 0.70267652765420308
v 6.0626170529809542 -44.840963595650322 21.602641803677329
vn -0.47391302353934334 -0.82710379762355357 0.30216842005162253
v -20.225226867540634 164.57159788689677 21.804272957118528
vn -0.99338800965535401 -0.11312505159565799 -0.019570001902249116
v -25.550444543060784 144.56073105133186 21.81873402182967
vn 0.14902139816192542 0.51719579167153085 -0.84279364969553705
v -28.142964095139504 140.99906794326853 21.593986725517336
vn -0.65166085861964418 0.74293908096898287 -0.15290404609450803
v -20.03008676689047 164.62374337068465 21.552793866830452
vn -0.19543013949175453 -0.27477550576222587 -0.94143798628021513
v -21.063252999348613 166.77368205984888 21.663188614048302
vn -0.91077592425593112 -0.25038328767433077 0.32832213609372712
v -20.306063267574906 171.11819693097021 21.385607232946292
vn 0.97147083547563839 -0.086285407538658265 0.22090550981393123
v -29.471400250516417 138.53270869875936 21.38989017570195
vn -0.52684568451523206 -0.48550360446477758 0.69765311922142603
v 5.9905341173703732 -44.567429641746116 21.333246982454398
vn -0.71014790666560501 -0.018554792946317615 -0.70380797829889541
v -20.705539681296717 169.30143232133759 21.610682263877166
vn -0.80127740659601476 0.11777989960188012 0.58658538417568495
v -8.8258494956595257 28.366747680086007 -5.0437216102140781
vn 0.387094442719711 0.33571544622962474 -0.85875085535815354
v -20.548914347900791 168.83123868342471 21.689384397762314
vn 0.33784238592896565 0.022995776743684193 0.94092173772412047
v -18.998647947382494 176.74035630177309 21.482905973355756
vn 0.4550445371921536 -0.037389409479677289 0.88968337133518449
v -20.137728456357365 174.64743826247104 21.527788727743399
vn -0.65315232404301793 0.052833050868363991 0.7553811689029224
v -20.132777992933264 169.45795232948123 21.555065655885485
vn 0.9384179524367271 -0.0098160317149591312 0.34536269640166939
v -20.983330485605194 166.90495476686596 21.315868114632156
vn -0.60045750724218572 -0.04698550328874869 -0.79827510576066663
v -28.037406827863606 140.76915270427116 21.314843101166559
vn 0.088192597146071694 0.51959074968952512 -0.84985146857889704
v -29.542358819000199 138.82809328473863 21.088091780779799
vn -0.95898675990278925 0.17419473342115496 -0.22360811519147272
v 6.3512014650211484 -44.419959491695721 21.275373715479546
vn 0.2722311879096212 0.66141615563459155 -0.69886969414539246
v -18.586786955094173 177.92179937901912 20.981323146368606
vn 0.66492715414009296 0.25677474695490093 -0.70138335381829786
v -18.987600662910992 176.3310260258595 21.257913715748764
vn 0.91290563634675481 -0.39883976293797785 -0.086776394404839891
v -20.418634894023782 168.42570522816516 21.265220893827525
vn 0.82816598967800981 -0.40132182051395249 -0.39125680814525055
v -20.301944626514242 171.89935771204324 21.068812883845144
vn 0.68995661382954687 0.18095926146373925 -0.70086633299322021
v -10.165777355906727 29.46721262333298 -4.7875468201344127
vn 0.20905032350304326 0.52598326120207073 0.8244025540829597
v -28.949131821237412 138.8406223239424 21.34607330028695
vn 0.76487125623153951 0.021635280988654349 0.64381975428479099
v -28.776095554667595 135.98731946822744 21.049341433847744
vn -0.47547899682495082 0.10667752567799263 0.87323515108678451
v -7.4737233876963707 27.217192279370849 -4.3437380192470236
vn -0.55243470361450009 -0.76214121756298281 -0.33757467727004259
v 40.554684735220064 122.55997235659783 -4.4834686663821728
vn 0.97868456351833855 -0.19658883733777022 -0.059408367803728469
v 7.258831360833284 -45.201492126179545 21.100025312765268
vn 0.81366357898360497 0.33162512995870114 0.47746869364961025
v -20.571622525677359 169.26898344689005 21.158358177056101
vn -0.36592638449793008 0.010609067716936874 -0.93058332717196823
v -7.2253656085625177 27.434679802361153 -4.5721532521762311
vn -0.068326531364012857 -0.33604412700058278 -0.93936458833627479
v -20.010458125027185 174.65948897181443 21.03551681036997
vn 0.22853015762913201 -0.25855266392987586 -0.93857577585870422
v -28.947444168313588 138.80180651448282 21.129848791337807
vn 0.98119535575319961 -0.19300610536207483 -0.0020777731627447961
v -20.372837221277358 173.30492052419027 21.130537947213924
vn -0.877140376083268 0.046771809055971975 -0.47795100012672326
v 14.06374874531803 90.463490513866802 -4.6448488279731173
vn -0.53813734771911492 0.34450825894850257 0.7692348500335302
v -20.682692952334044 171.11467460422517 21.061832801344497
vn -0.39570018300767973 0.068735793711877505 -0.91580388502696741
v -29.123070154870447 134.32453679147443 20.977814205417189
vn -0.41161060366115404 -0.082643518044471662 0.90760495805109687
v -28.617783774643549 134.28598766634724 20.655595107838259
vn 0.91579354485711817 -0.40129312822187618 -0.016911784055331065
v 7.2342061992684847 -45.650846899967618 20.917523275966122
vn 0.30990384822138467 -0.71846071684349289 0.62271486509502183
v -29.205512867798017 138.87196239938538 20.829063579390663
vn 0.090229318596415101 0.12441789692575746 -0.9881188476039704
v 38.537833863989476 120.72514058794513 -5.0838429535967009
vn -0.84120032598792382 0.50192526512759505 0.20112941054058753
v -28.673332349310137 136.88764621093588 21.072959330918501
vn 0.70657482499002733 0.18838282457952199 0.68210257886461123
v -19.07425339605561 177.93161984026136 21.321644931455943
vn -0.69900622484667629 -0.28451272066109351 0.65608140455862674
v -20.825156967216856 179.61353351108048 20.65873878972981
vn -0.76861508325474259 -0.63889723883376925 0.032267197025625277
v -28.889923336529897 135.76118828175268 20.536603431135571
vn -0.85534433883968208 -0.014478348150145957 -0.51785754744886181
v -28.391080383582278 135.79381841008788 20.484579441680587
vn 0.75626190523826176 0.1588544010245693 -0.63469142893261121
v -20.65137558397339 179.84007124521531 20.411845025440755
vn 0.05119683942139254 0.021755226999233341 -0.99845159809150075
v -29.772290686957533 131.548095642091 20.44699414117942
vn 0.50335401924532386 -0.25945144779282248 0.82420851581853138
v -8.880721970088814 28.671280417868683 -4.7410906140890789
vn 0.50525109854900185 0.85996336444618637 -0.072002355693562448
v -4.9022714884722802 -36.228476489229131 -4.6249260375393249
vn 0.29496614276982891 0.94683120210026139 -0.12847431396533329
v -29.250595802362852 134.56780211530472 20.442844154159626
vn -0.64702740251146318 0.53956100047445177 -0.53872949349954646
v -29.635040326698686 133.7372093630799 20.681523099293244
vn -0.90705708623321757 0.21488114785837573 0.36204079136082423
v -6.9727819109616682 27.820948484122198 -4.5371341526730884
vn 0.68943361462801744 0.25491485993907953 -0.67801158190932531
v -30.084783796016691 131.60796531030024 20.430431536811344
vn -0.62679112425518824 -0.1415492446059296 0.76622235539457328
v -20.096542172673708 182.308062591414 20.494991985807246
vn 0.43063038077968058 -0.065069177926307536 0.90017969163580991
v 6.9059825338885332 -45.620844409210434 20.712806313233656
vn -0.83157306210169679 -0.52907190647597913 -0.1690241407748625
v 7.1287734304482004 -45.156064155665234 20.520365419551254
vn -0.11741517343727642 0.76056815844462833 -0.63855285874142098
v 7.8145543651524871 -46.067178468680197 19.805956474733364
vn 0.86127506201566695 -0.3487283230851092 0.36958601736017649
v -29.557935019047793 131.71528006991645 20.065811165590599
vn 0.90663015738283148 0.22986721585099207 -0.35381184378267455
v 38.610290702736506 120.53578995500663 -5.0338872447953236
vn -0.18961656860640852 -0.1004157395770239 0.97670990378675415
v 7.3114883123889314 -46.179685455104959 19.941814724401127
vn -0.60344650416909185 -0.69582666475882327 0.3894580455154501
v -20.71770534310042 181.70719853494634 20.525352002275596
vn -0.67642603583391381 0.3994804230304716 0.61875941177602489
v -21.181022660684171 180.6990999973095 20.309413418577584
vn -0.86630039352485044 0.097375038602142694 -0.48994053724500131
v -29.398730035990866 130.41902139956258 20.28365719522505
vn 0.66153758732632195 -0.29330933333709291 0.69017219266775665
v -29.967078635646541 130.42732081254761 20.282494638283016
vn -0.83644214350093982 -0.30839729313308328 0.45305148732096689
v -29.344061762389629 130.51300840486735 19.906499970134448
vn 0.86952720726772825 -0.0040411560706310684 -0.49386850970556723
v -19.48268473445809 184.4595506918279 20.069722431596638
vn -0.57461494765160004 0.29378639566075765 0.7638764400477408
v -19.151117366422831 184.57288798892421 20.016245942705069
vn 0.73379450083841447 -0.0031130771429696354 0.67936436415961954
v -14.949639573811069 -121.2111919026333 -5.0221786037858678
vn 0.19985547869768272 0.45898834726553878 -0.8656716956843219
v -12.735843116417215 -53.760437459633579 -4.698998321024078
vn 0.69480508235288696 0.0075945515300070866 -0.71915799399273583
v 14.305659258434485 88.217807035810438 -4.2089090718573061
vn -0.9606939820478505 0.20538630843311501 0.18677134995834219
v -29.744430637060763 130.75927439509283 19.803355331133147
vn -0.43471083372025393 0.51745575090854923 -0.7370658294195378
v -19.571196335812317 184.35121070306656 19.813826590772749
vn -0.85197722505062878 -0.22455530717890945 -0.47297962113902531
v -20.048517933657713 185.60969586907063 19.606650662630575
vn -0.99337160713356165 0.066701126889153486 0.093615222120132485
v -9.5483910487181127 17.332144492079436 -4.6747838830302726
vn -0.79844878999139657 -0.28649398586234459 -0.52952877714622981
v -19.530304768852027 185.59719838589115 19.670226371751152
vn 0.95854431715246735 0.053175708169409565 0.27993773614036371
v -30.450291756314954 129.30464514032258 19.818498007390303
vn -0.42739359481666511 0.0089705431543810991 0.90402115266469485
v -19.140314427730015 184.59480595903 19.652945936830129
vn 0.58788085500075382 0.076909322705677824 -0.80528321502719569
v -30.421341174358233 129.90286186111217 19.671158857137442
vn -0.72897713766474759 0.68302096181290406 -0.045548858232530222
v -19.497052271809537 186.63588854234052 19.294474848001769
vn -0.67098471742602717 0.14034527520256171 -0.72806779403365429
v -8.6587831773838531 18.754577838229945 -4.7664677206779968
vn 0.715944766878712 0.31013980617494058 -0.62548892188811556
v 7.7623441770203332 -45.829966658234085 19.584972117726359
vn 0.72439314294146229 0.52765891066015835 -0.44365600239411285
v -19.19925990144003 188.73156360790335 18.915418660796121
vn -0.9625990770238827 0.25247634685340981 -0.09827874232165193
v -18.942606907390115 188.30003508660036 19.312031667606789
vn 0.2620572769450209 -0.016672609504545889 0.96490828978326704
v -9.8094149192224851 19.233950593903085 -4.5479582377180199
vn -0.67704979297226109 0.16673682880781335 -0.716800117016824
v 40.296266883474431 124.62702356992156 -4.2341847707969151
vn -0.77766887019459763 0.28299168267022667 -0.56137940456498037
v 14.402001236942905 90.307845686592884 -4.6350265160378221
vn 0.51427624992012999 0.26414619265623412 0.81593304117023213
v -8.8295823056398284 15.010772049559266 -4.3846524734559695
vn -0.78521133678527222 -0.37287808705620401 -0.49437343049277205
v -18.710525086910692 188.51158417954642 18.911956951494119
vn 0.89050294914402062 0.15995294554195055 -0.42593374223963015
v -18.321789278658621 189.59441133425938 19.011422484872554
vn 0.43089107939043603 0.90043531584232894 0.059574488547280605
v -19.003273862293383 188.03737275365995 18.855094699139869
vn -0.14876825336160746 -0.53859331430838642 -0.82932819111256795
v -19.191943959908542 186.51538987160575 19.26953215178834
vn 0.52595159323942142 -0.32594702888685395 -0.78557842124688404
v 3.1327165570334929 1.9802622713826201 -4.6538256310474875
vn 0.53545380867123882 0.36157720813284444 -0.76325037919304173
v -31.23321989926135 128.69230996182489 18.612474256713309
vn -0.85570942379307469 0.090741779258076152 0.50943823131838328
v -30.7581698762461 129.12239827384377 18.653236866201475
vn -0.45912171154118542 0.74377264240387808 -0.48580810038846156
v -17.386575037994774 194.55145076401919 18.833216104308363
vn 0.29537704826816652 0.30279431785715799 0.90612802651159829
v -17.94162331045078 193.05820135658257 18.883984859439018
vn 0.55843472520088455 -0.49793525413117795 0.66348409203471614
v 7.0037021650435349 -47.165925690259002 18.945249207357136
vn -0.3535250632552106 -0.61244244848158769 0.70706030644371287
v -18.756122383277699 189.50579081519822 18.926298169875736
vn -0.87258498008896401 -0.013118796279401077 0.48828613507586088
v -18.735846671480729 191.57448038401662 18.648257413046238
vn 0.78515201289743719 -0.28577839394854021 0.5494242679344401
v -12.373696143019643 -53.08400111979158 -4.1788192906747881
vn 0.85102925279037334 -0.50743119103994894 0.1351399173258509
v -12.72537134894425 -52.755205250678273 -4.5999970565913983
vn -0.043811760152293801 0.33115209795297096 -0.94255971571763231
v -30.712984702875247 128.65473436402178 18.148782629406696
vn 0.67994075066421134 -0.043689865846930354 -0.73196432372655007
v 14.42699494693324 87.413499451987207 -4.3885708850399077
vn -0.74747073268723163 -0.34736239093131971 -0.56623923666811549
v -18.348877230283335 192.96429994051095 18.786006400922417
vn -0.72419755221894477 0.5077976841340559 0.46656126858985864
v 7.3732115263662905 -47.202590755062488 18.72575427628226
vn 0.8225300557981271 -0.56768839869918697 -0.034266445556589524
v -17.79898660177389 193.56911959682634 18.431478890275599
vn 0.25296039096700362 0.71033929135564933 -0.65683265125766599
v -18.41445505826465 192.71787899940219 18.48755209805082
vn -0.72010837299461294 0.48817621129868288 -0.49308003190670274
v 14.762359061968098 88.559648044726259 -4.8342573440875896
vn 0.30503076314473815 -0.076234343215498199 -0.94928634165347614
v -9.5588169224741506 27.987222947182797 -4.620362125996138
vn -0.53273829677042039 -0.80442486463191321 0.26285080238812203
v -30.619753232224227 128.48638269409759 18.882591603551163
vn 0.1457945916789824 -0.8272415953085388 0.54260047920043586
v -18.02526385606285 192.52468535269915 18.595176909386616
vn 0.86131441917846652 -0.49459592022041737 -0.11624262134251533
v 14.584914026342283 88.094939011320662 -3.9838208094463852
vn -0.39009327717329112 0.33658618632983661 0.85705132534530171
v -18.756459286372561 191.67136619439049 18.344034836650607
vn 0.67153509486109442 0.046613832283669283 -0.73950508247728153
v -10.528045443102634 29.244776192350681 -4.7576060903854049
vn -0.57830369792978265 0.022005141127989427 0.81552474317133739
v -31.978720313266365 128.22667617738739 18.119789682629232
vn -0.37173360598128435 -0.36196239108349637 0.8548668630993187
v -8.0263718285471892 16.70970400362539 -4.4069315694976972
vn 0.92269463646555516 0.2757943119915201 -0.26939210328222524
v 7.1985010672696887 -46.728699623152181 18.599880784924743
vn 0.42941749343717872 0.77391502263557244 -0.46546337564744233
v -32.057172909094376 128.54616932159593 17.952233290934267
vn -0.71954570036154764 0.62194916982013626 0.30892266872350604
v -32.816956060123715 127.45711375267132 17.542617950754874
vn -0.82893809783132233 0.29274676688486684 0.47661405816682179
v 6.8782676984373001 -48.00663031052796 17.657834779775271
vn -0.24191787142685053 -0.045675453093678341 0.96922107718981687
v -32.575178006780675 127.32064054733496 17.731762570420301
vn -0.033833333333712141 -0.25105394134111492 0.96738163311726255
v -32.947575512074529 127.31125229707735 17.107079756269485
vn -0.70243200835897623 0.48847776069400972 -0.51766664074493041
v -8.7160386872951676 27.953445747424865 -4.0904248159600201
vn -0.31852413179558942 -0.19994143390720437 0.92658825832782765
v -31.636590726893083 128.04593535106136 17.890309268416161
vn 0.62490008062321034 -0.7795925880146658 0.041656763552880532
v -4.030691159007084 -36.618710344730459 -4.0511516553831441
vn 0.17821807974581672 -0.75126621424594053 -0.63548201499671586
v 7.3796102470791451 -47.721737019422115 17.319047839483389
vn 0.85779138124951504 0.35975011064673995 -0.36711551879988291
v -32.256809106503368 127.17455627259849 17.397377545310022
vn 0.88530679122795497 -0.46363840084137065 -0.035655555961431148
v -31.551712125128006 128.4974707842413 17.692358348707671
vn 0.67431884653040053 0.11226628489068974 -0.72985640676146191
v -18.84119681640972 31.600527763947014 17.454613720854081
vn -0.92018113828800685 -0.094104659103204188 0.38001445482252066
v -18.233001491319904 31.503201816880811 17.648137824984012
vn 0.47900096083339783 -0.27108761727248104 0.83490693091039225
v 6.9406225255144705 -47.455316698649305 17.405201857302171
vn -0.46082451439483235 0.84945358035747276 -0.25703965015272934
v 15.005930871080022 87.704486291752886 -4.4167721375153235
vn 0.87059937697739576 -0.14505552702161953 -0.47012298272585079
v -33.286345822267492 125.18657923884797 16.940706488821462
vn 0.00088824196689011095 -0.46969813525369269 0.88282663800171557
v -32.956425312830369 125.52768535263 16.907681034620467
vn 0.81351216266045534 0.20874925803350242 0.54279066726867264
v 37.950698327783989 -152.82980569545319 17.10102661169558
vn 0.68851202828141711 -0.29522069857019745 0.6624167314066981
v 37.499301919587232 -151.36022246206537 17.024012667663975
vn -0.38822296631661207 0.39749976443126805 0.83143061388273232
v -18.520241053797022 31.304044217854173 17.310998232065501
vn -0.22294680988275858 -0.96899574423320856 0.10649867426889115
v 6.9517864483289316 -48.061367896894744 16.219277651455286
vn 0.64762994399836182 -0.74886806302815001 -0.14061322773176546
v -13.554773457972665 -54.389200927528272 -4.81816585748658
vn -0.81499154565212806 0.40672883541522409 0.41274742271434112
v -32.713400707327082 126.87149576770321 16.901551836759154
vn 0.41453547191944212 0.043334287650406651 -0.90900081520005094
v -33.021264748390323 125.44827776747422 16.443855359819793
vn 0.72495708590850116 0.011042106029689086 -0.68870552160229059
v 37.614535072285548 -149.78250271900657 16.971139356242475
vn 0.1474756106528804 0.4049502844097066 0.90236700483731003
v -8.4097470950469795 17.471446600353499 -4.6438971897618755
vn 0.87872677607283411 0.039771255006085665 -0.47566532382325705
v 37.894300456655913 -153.07290588004921 16.633606313990008
vn 0.30729069793606084 -0.72316983046623617 -0.61854492420955487
v -5.4015006426468313 -36.470327610773197 -4.6735105364284646
vn -0.68635479087297402 0.42361553977464805 0.5911573187461604
v 37.920998401237732 -150.01225872879422 16.593211010134979
vn 0.91036986351781135 -0.03166286078295287 -0.41258232493115915
v -33.58922961782249 125.33518426631224 16.807346143631364
vn -0.95843469641678636 -0.12590648526006223 0.25602829858029413
v -7.0758597467172528 28.08547507229768 -4.2317290122480022
vn 0.58865588744394592 0.80528833213471784 -0.070674948215508474
v 36.467178484780376 -147.94928626374522 16.710353145027781
vn 0.20865197425732165 0.34447923693602212 0.91531328459631678
v 37.423299556066468 -152.87382144899263 17.052089381234989
vn -0.86941970046153139 -0.33440853041965063 0.36370361454342282
v 36.21586754904564 -148.09960576624866 16.633356873788344
vn -0.88775942641195549 0.06347214629418671 0.4559106134556698
v 37.37683452833469 -149.99508405233931 16.792549016682099
vn -0.89834520251785199 -0.33804764647982682 0.2805346428208278
v -32.858378365167539 123.53448903391529 16.487789910135035
vn -0.87481015326478828 0.21359569445632948 0.43483798713377853
v 37.474873281334297 -149.94915514017649 16.555716660002382
vn -0.51291800476125915 -0.14894395370595176 -0.8454175412458439
v -32.487954804936734 123.00787922667922 16.557363885315326
vn 0.24837934209694151 -0.58617699920995414 0.77117068669439437
v 32.197412479340429 -124.63877254308971 16.500526933886661
vn 0.12629936392220575 0.093301697110476131 0.98759468608794732
v 36.798571147706902 -146.04123348690274 16.480599286869083
vn -0.6983189724871135 0.17071513489148654 0.69513089082813995
v -32.228498494284594 124.4680303001432 16.563751051235059
vn 0.89781167222300862 0.3981211944134479 0.18823845457008678
v 41.13191448013044 126.83753587569745 -3.8463124234502017
vn -0.021122071455380552 0.24315226045512139 -0.96975813290376622
v -18.60516802295918 31.891235712397453 17.272085092244279
vn -0.49086826519250776 0.86659332105196085 -0.089801793606980818
v 6.9496883052346732 -47.636989417897723 16.038658187582882
vn 0.81127116191227477 0.55099378743174043 -0.19556315619546966
v 30.878516743248511 -122.38626389824545 16.465764885964898
vn 0.078346041697940752 -0.19313778695163467 0.97803869708804947
v 31.076524464304981 -122.12355314078017 16.20089378519522
vn 0.9825277570173937 0.17813618065794651 -0.053913892745458915
v 34.871846567242521 -136.29287523082252 16.233661025233836
vn -0.88138905057021422 -0.1782514496937832 0.43746972720063859
v -32.916760692239571 124.40054399826326 16.366442985241616
vn -0.90548094609817875 0.14161076378092721 -0.40006330478379259
v -33.321291080494689 121.31932751234478 15.574265087658091
vn 0.83716355748552951 -0.39385219629700469 -0.37952289191852234
v 35.293490204128112 -135.72869414294541 16.375716683179828
vn 0.61216796492438674 0.26653545587016569 0.74445230437175602
v 32.475943042997379 -124.71215088569643 16.264997268764208
vn 0.95998367726394984 0.27964765645225592 -0.01511713026820043
v -32.266298256296025 123.25563159408641 16.256570327573307
vn 0.97555567915360708 -0.1884862822853654 -0.11297804327118736
v -12.89339723025299 -52.724188835174225 -4.232178558321654
vn -0.86980646791320948 0.45336597525145711 0.19466895196882908
v -33.231821076931055 122.53300943167881 16.277710173931212
vn -0.71725153323446778 0.42153156198769204 0.554852575303586
v 32.149956456383038 -125.60566628857151 16.219269585437239
vn -0.69407611928456125 -0.57393680779187362 0.43457436797463916
v 37.141645456249854 -145.83110280235985 16.13492083642744
vn 0.87866330030710149 0.10359384871313297 -0.46606771954538184
v 30.597790478264574 -121.92773163801996 16.314993851003045
vn -0.81322044469545984 0.087237002080423523 0.57538006030565458
v 34.669481584048675 -137.0648699301625 16.220580233404171
vn -0.88460824389948123 0.077437900464817022 0.45986044230470274
v 35.095179927994849 -137.61732812463259 16.073735797216724
vn 0.96699303788013791 0.20319406503511658 0.15374211077595765
v -8.5765099894522443 18.870608217856251 -4.2292897938676024
vn 0.93795034534530264 0.33429054442435374 0.092189921222967389
v 36.361142526869529 -141.53575269901407 16.224093226670327
vn 0.31960124599319922 0.27662469465106104 0.90627469448771536
v 36.204998376354318 -142.15955056420603 16.141564184652012
vn -0.78640063635426505 -0.46342809077890423 0.40842189439184895
v 32.145941758672031 -124.90383036551754 15.956742802336381
vn -0.32060339550485045 0.10189877672047915 -0.94171657206063364
v -19.207155268838775 23.653698326910572 -4.3606640839799669
vn -0.26602191531218017 -0.10693019082999673 -0.95801788859222237
v -9.6464317072205787 17.228139553993547 -4.2255674026559662
vn -0.93448168898235517 -0.30505931909351774 0.18352870290743081
v 30.582387846707682 -122.50903018272297 16.107822119145553
vn -0.92141510255684556 -0.34284382858094553 -0.18289974845285309
v -32.27672997658722 123.89421230272687 16.106021309602298
vn 0.45889022121920592 -0.18567804910843785 -0.86887480510639337
v 14.958172448514533 87.891333397192255 -3.9482157628957921
vn 0.69448828107491367 0.30002640292813559 0.65396497230021089
v -18.379909788458693 31.887743063293961 17.603609232994664
vn 0.191626813857947 0.64241633064627068 0.74201106617734025
v 34.469210669302711 -130.62023926931852 15.97839459867847
vn 0.61971165240766724 0.12436348841933756 0.77491366655797977
v 38.98241759893061 -17.849765681905723 15.954057162585659
vn 0.10681152389293308 -0.45568973710747235 0.88370705658526461
v 34.526404095805361 -134.03249233003976 16.174089441554564
vn -0.72952431515186178 -0.075934011854844288 0.67972663582195691
v 35.691824628389398 -140.02258689675671 16.048990259658638
vn 0.97306028238275444 0.21694490345068881 -0.078029454156525388
v 30.695600343582321 -120.27600786629144 15.920482182189204
vn -0.87094128605259025 -0.36143978569697383 -0.3329002216346299
v 33.997861822926339 -130.65717899386669 15.940223098117755
vn -0.88323662598665076 0.014546333186632926 0.46870189535198242
v 30.987335140704921 -122.56798886564317 15.906752042904554
vn 0.38388490932899144 -0.23339123170576304 -0.89339851653802227
v 31.183402431101008 -120.03977229397329 15.926005624146566
vn 0.92229813645736702 0.26713699003189184 -0.27929191904523287
v 31.496644223369557 -123.05909603076198 16.001271899569453
vn 0.4126522733486373 0.26201958009672816 -0.87238972996369901
v -18.254343705162661 23.016428128357507 -4.2597499060136812
vn -0.11752179803345525 -0.28465219416971782 -0.95139989244341894
v 34.96758907268552 -134.22560091187955 15.922899185926799
vn 0.9267233858003574 0.25760802477389194 -0.27353586928009205
v -17.5816108556449 31.318813638016987 15.184312204397365
vn 0.36058157646191891 -0.76601999901216777 0.53216002088623293
v 36.27459142126245 -144.29874473151369 16.093494587494334
vn -0.93742863161586876 0.00053194083806103025 0.34817707803033854
v 38.121892288756989 -16.692046606713596 15.999923800662931
vn 0.50410618101118365 0.56467593812528094 0.65346617599433077
v 31.302917614569694 -123.38987646237925 16.064679691484574
vn -0.68577934506942484 -0.39388654556674529 -0.61201313637670152
v 33.098813834702547 -128.13261994223677 15.730792733182049
vn 0.84913863568869929 0.3739121737720435 -0.37303252363004402
v 34.354257907852229 -132.54569501002032 15.890462531901182
vn 0.94232254990717668 0.1581289817424206 0.29499735095343094
v -7.7034453070264135 15.48705792705211 -4.1887421052610687
vn 0.83970564642346612 0.50559110763993886 -0.19817179224089546
v 37.042722701547589 -16.291363934883631 16.106149607771759
vn -0.42148670467995097 0.10961460073726384 0.90018531263470747
v -7.6312174947263145 13.86153774884292 -4.3162384888253094
vn -0.42785882976573764 -0.59476936920317458 -0.68057785686073524
v -34.117642250354692 121.49729859526505 15.748922739761312
vn -0.96903003997469817 0.18788105672880476 0.1602544543814696
v -33.581752504679457 121.97265799125279 15.550538921165156
vn -0.39020664482180656 0.63176380085108541 -0.66978599139657935
v 32.6131318625294 -128.23119007635279 15.706164093782888
vn -0.91754566870688725 -0.18378854295205749 -0.35260702959072016
v 36.169410150811288 -141.66599968698327 15.799424444240591
vn -0.57911932115637788 0.14424165996427982 -0.80238092910669623
v 39.940034604566556 122.82318358249132 -4.4550391727506593
vn -0.84120032598792382 0.50192526512759505 0.20112941054058753
v 36.437955912940964 -144.78590257563701 15.853302437127882
vn -0.55244237779730732 -0.21484909166081131 -0.80538642093480917
v 34.304953849700844 -132.73421476855853 15.623617151806151
vn 0.64264649082152703 -0.13902087901236915 -0.75344454542680528
v 29.538740477802378 -118.03830376089212 15.836144876979169
vn -0.29309395264677662 -0.20192788349537039 0.93451648716808056
v -4.2076337760200033 -36.065790233465776 -3.693649764862144
vn -0.45165649016534976 0.86073263999173466 0.23483129549609896
v 35.396892878903294 -139.69776590803301 15.813708596997145
vn 0.34663498859551478 0.23889339096755441 -0.90706897887283655
v -9.0709507941868708 19.570413668076434 -4.4709980453708091
vn 0.4549249334101772 0.58313921069334607 -0.67304677839930804
v 35.40484019228154 -140.41182528858252 15.864738758030331
vn -0.75032052974223307 -0.31725720447273686 -0.57997152417810882
v 36.535994200517372 -142.58330671442036 15.766738165639001
vn 0.38251707208061886 0.0079023818827383945 -0.92391462913380151
v 29.696160464585844 -117.66917022033799 15.663540129605451
vn 0.75336510826676495 0.41011517199608355 0.51404917988926724
v 32.587854008040594 -126.35720050612321 15.674262335046308
vn 0.19609844630324741 0.15613150371210205 -0.96807455958002031
v -11.741297624259285 -51.818802400275366 -4.2842677451550335
vn 0.42283292454486471 0.46741595611412179 -0.77635986622877284
v 38.938596851269843 -17.971399195189719 15.502831847651258
vn -0.022579298274540197 -0.88327822827684199 -0.46830518547369554
v 6.385256317627217 -47.762414517455618 14.838330788442263
vn 0.12743051540377101 -0.99098471523500942 0.041361309390742548
v -7.9753233583806491 15.277259834111451 -4.645958708075872
vn 0.51101993314551786 0.18412302126043775 -0.83961737772027989
v 14.44271792035606 85.991478791851975 -4.1082090376542411
vn 0.070060912218874491 -0.39683415238499958 -0.91521261140782906
v -15.850238355273447 22.736955475655002 -4.2090773170856179
vn 0.05918326258940871 -0.26700311840574303 -0.9618766429178337
v -11.082781610318712 20.160128248354347 -4.128869425939798
vn -0.35578152824510179 -0.067364704948117651 -0.93213813390872113
v 28.71451332971111 -115.0228482964925 15.663012184478102
vn 0.13928564302727744 -0.12035435807657625 0.9829111547532936
v 37.334123002940785 -16.074580693757241 15.7464129361954
vn 0.54512806560020455 0.75927275405404304 -0.35544377480294631
v 34.206119653976806 -130.77365509132264 15.557760997687851
vn -0.40402653523574411 -0.35174732308229084 -0.84441481484507508
v 37.257360223278098 -16.654621226915673 15.771049532341346
vn -0.30256431055056315 -0.93136143532787186 -0.20253571232024398
v 34.437147614286843 -16.36803170045167 15.367790730301429
vn -0.05726085901306411 0.94515877109270918 0.32155262625518388
v 35.653847324138212 -16.724882275384346 15.756174634701395
vn -0.10089114190940472 -0.6364093267674118 0.76472488274389627
v 29.060515354444302 -117.42170828514038 15.462281615971913
vn -0.92210105611791349 -0.33278240160284783 -0.19744750059109265
v 33.116814514116811 -129.15912243204821 15.501974086486491
vn -0.22714103204490718 -0.41144952143705071 -0.8826756158809399
v 6.2568978288044441 -47.047691825632143 14.780508476728386
vn -0.1191304675768058 0.99204187075245043 -0.040753630131683927
v -19.345926253858565 23.283312799015178 -4.0063862353276392
vn -0.47248475779881666 -0.79378037565686133 -0.38297632938583243
v -11.815292500942679 -52.315265452376963 -4.0645772288362441
vn 0.30522927196602323 -0.94174134471905824 -0.14127395790389374
v -33.959324027456873 120.3496545690893 15.572500327581963
vn -0.34172197603730592 -0.45826779246472021 0.82049784977333795
v -12.825469049162038 -53.07268172860114 -4.0315345769831694
vn -0.38349374047619778 -0.22790279776872868 0.8949820477444006
v 38.947822287580948 -17.570652948126394 15.413511131630594
vn 0.084432096525622308 0.23236146405271221 -0.96895787890886576
v 27.397806471059312 -113.64066846021856 15.542375569143143
vn 0.01657550874137869 -0.27890426934620471 0.96017584902476294
v 19.34332304905627 -92.129383019787014 15.296355916276219
vn -0.47036440534632756 -0.20966762075154388 0.8572029018800521
v 26.347118594143637 -113.07189671586734 15.35349078022292
vn 0.27461663399987468 0.67468886215349999 0.68511359905974301
v 34.891351168600004 -16.444459614715697 15.130214663066273
vn 0.39033526058405194 0.69442326576655555 -0.60449541959132469
v -33.366989099090489 120.60196840184942 15.405056541461434
vn 0.91240904940701939 0.29722778887512002 0.28136340927808323
v 14.932618973649298 86.548872187286207 -3.8558702122066677
vn 0.97512858198647168 -0.21272952515577953 0.062212520605179567
v -17.89231503272763 31.303577010113948 15.015194982192938
vn -0.57638030903319226 -0.81565335647887605 -0.049953392512874707
v 6.0107527128224545 -47.551692167199057 14.922174563032748
vn -0.91429462634608949 -0.30462395044025059 0.26696363994529365
v 14.154782906414065 86.412256929285789 -3.9505733593051313
vn -0.87880344851902581 0.14512064953708406 -0.45458167137380562
v 29.659400150810313 -117.66537513771607 15.402049046107134
vn 0.73072084470757859 0.3529895575047266 -0.58433331190550841
v 28.748957774569025 -114.63327927808555 15.462737643049348
vn 0.81939195962086542 0.4945513740387853 0.28985471351183412
v 20.005758347478547 -92.882883850356336 15.240619466493683
vn -0.5983604045389358 -0.41338368054336638 0.68635177492334132
v 28.635549715526963 -114.7230908009933 15.161326402971982
vn 0.40191910464615366 0.15720477440318423 -0.90207964849301314
v 25.761869332785452 -112.37990781042942 15.242477920203772
vn 0.63035372106390297 0.53913933873990316 0.55855434808440196
v -6.4406776994410802 12.612597527234035 -3.8365126847655384
vn -0.79281906088030341 -0.4812600574816609 -0.3739340767804164
v 17.99303036420315 -88.828796433434405 15.372009948684987
vn -0.31999968116724503 -0.14118440941814089 0.93683892243550182
v -20.177829723620228 24.258779055466995 -3.5740409282436527
vn -0.29276049135347254 0.36460633864384451 -0.88394203006939509
v -16.038247677710174 22.229627280712322 -3.9364200809881855
vn -0.39183857694889884 -0.77697204753003613 -0.49272402719133257
v 25.44875515436761 -112.66805071806743 15.35654450599097
vn -0.44106286875673251 -0.41717745569640996 0.79462350598428122
v 18.32532264327881 -88.459068396589174 15.012865558214379
vn 0.86485941738344008 0.38562875333171909 -0.32141663424129263
v 19.132986290488546 -90.061212708483382 15.141057087807356
vn 0.93815238198886319 0.34380117798182258 0.040876132240381037
v 27.448416158216919 -113.25954134850963 15.235131235746412
vn 0.39458083871453176 0.91813411660593036 0.036547306926562509
v 19.679533902238617 -91.996855249089691 15.214603814117856
vn 0.56157002884204088 0.53441042215468237 0.63169977315082493
v -17.953800364281339 23.562847716376133 -4.1912212867812411
vn 0.29553129188353183 0.63254886212299777 -0.71592121950990628
v -34.126776352704077 120.3903451022513 15.196107861684769
vn -0.92483617160106901 -0.27998872349155318 -0.25745751186525623
v 22.130226188912388 -94.867814386886721 15.064172787500759
vn -0.52047356989301929 -0.29937650752154232 0.79967554032058552
v 19.344122258168628 -92.358295796462542 15.001389467019859
vn -0.85019226764094802 -0.52072603074255219 -0.07757260438227627
v 28.541961221671365 -115.34269346587516 15.255164135174418
vn -0.65762760881986271 -0.27214126783148695 -0.70247068156681147
v -32.612986941033697 119.73281618797026 15.12584756950117
vn 0.601917114261871 0.48844798690197061 0.63175497754277632
v 23.576413186733696 -96.517217822284124 15.092234545551479
vn 0.53159747322556528 -0.060575547694955691 0.84482822483724507
v -31.947977012389288 115.32617279959825 15.139237580449922
vn 0.10966538151183176 -0.072750690444448721 0.99130259816956001
v 23.416428192621165 -98.031356820308773 14.968693032271274
vn -0.79305581743537312 0.20343590321525223 0.57417445407724887
v -12.968522474740723 20.639473772272815 -3.9193631863493841
vn 0.0031756385402251105 -0.042931111908653966 -0.99907298779926412
v -17.921884509210408 31.698669487167855 14.69892704174217
vn -0.63762437916208792 0.3086985322063921 -0.70579059735291239
v 27.702199092491355 -113.69320466289162 14.993451216510564
vn 0.064087766929929124 0.1818601212200758 -0.98123374098109484
v 25.065099977245112 -110.21954711048201 15.180819273280452
vn -0.56258904612320726 0.0084970304223902834 0.8266930298824231
v 24.612423411020558 -107.80597527630982 14.864536438967834
vn 0.78177351052455035 0.31642449930936783 0.53731342294692086
v -8.1256127907204885 14.083281082161632 -4.000849051081337
vn -0.69778621824143305 -0.70844755266748372 -0.10581332029462087
v -32.278689354792341 115.66774184456877 14.846730501980414
vn -0.98573905417668772 -0.11251472515704723 0.12513574107217851
v 18.803548632855424 -89.667197552448926 14.909039752423906
vn 0.3905064744708675 0.10250077410148131 -0.91487610347244885
v -5.8422546147584598 13.16314062332655 -4.2801099921983115
vn 0.15987545534118747 0.11339518601624242 -0.98060255484461689
v 18.369161329824092 -89.609285449775214 15.240508342037547
vn -0.80143763836605364 -0.53370820355329207 0.26991344032885878
v -9.8006824640544092 18.764766681990515 -4.2068946365691025
vn -0.89974456971730821 -0.28514888245442138 -0.33037830452257422
v 27.174992175385484 -113.75393788747701 15.050736617656209
vn -0.62080770725938195 -0.57644138263153566 -0.53133146245746932
v 21.908715786924176 -94.252223084153684 14.986017644668848
vn 0.67360659477681384 0.5979174789161138 0.43445234937767768
v 23.252180155657026 -104.40105539189965 14.715306277328146
vn 0.70866074733931306 -0.18458714695450665 0.68097542566503966
v -33.847359477350466 120.56591778617091 14.940856389265903
vn -0.070820726808694723 0.32761116272358137 -0.94215463206057171
v -13.982771126285797 -119.86043132685109 -4.1777028057770167
vn 0.57533710946447281 0.80057292735491081 0.16754163201859401
v -14.468147984785219 -120.55398672961906 -3.9856933050127736
vn -0.29299618157876273 -0.26520778789139682 0.91859570368144905
v 18.483674846483268 -89.778884393113827 14.978813427816041
vn -0.68429250527294316 -0.34307500788354872 -0.6434619695001268
v 34.082706837653568 -16.529193616459814 15.443510054339177
vn -0.35764161834055519 0.10746645945165086 0.92765480267375067
v 24.725394594746547 -109.09492468263372 15.057271503947398
vn 0.1905392321277263 0.4171253002972361 0.8886513854555772
v 20.988114637528327 -94.120318319419567 14.710751973046165
vn -0.65337118200539068 -0.63820346152234897 -0.40718845787395563
v -32.823415010979694 119.19213874708257 15.100593221129257
vn -0.4048095046285432 -0.52025285250301634 0.7519748894909114
v 20.568077913619106 -92.676863246196575 15.034273747454229
vn 0.65037240160143106 0.74806207722236007 0.13198055863252983
v -16.913132978272245 30.595495930641444 14.278209579203075
vn -0.069789450613301343 -0.99710102730933003 0.030314582658720182
v -15.67155703683467 23.153351669512645 -4.031067456512341
vn 0.45316080146488008 0.64084172751187918 -0.61965084385910241
v -19.06711983007844 24.137145810020705 -4.2239763804994181
vn -0.057773186555668876 0.65189154369446467 -0.75610824236669438
v 26.4404010923569 -113.03902512496327 14.959923995122146
vn 0.45822647318971765 0.54814427782784281 -0.69969018140367356
v 18.322354011283046 -25.063700314110658 14.764300352030745
vn 0.88011775037532547 -0.47465374063150279 -0.009827104293660972
v 25.367782990324173 -112.57076589422731 14.887814538031126
vn -0.57766740917209447 -0.24820890395825096 -0.77761989710670587
v -10.011246881364173 20.096306459927241 -4.192288239023032
vn 0.24654287066655003 0.66555326593246578 -0.70445401775426419
v 17.425259624747127 -87.621304581552636 15.207940539982729
vn 0.33971694226322663 0.43323989619123326 0.83480272609014239
v 24.298175229099218 -109.39064699144187 14.912852680426033
vn -0.87181095183681345 -0.26823255772663729 0.4098743212654527
v 19.530330593940512 -92.265806144472549 14.722922900388538
vn -0.21087892168378353 -0.11391010942759904 -0.97085249516065897
v -8.5320515924522162 17.814461415749218 -4.0325848981571255
vn 0.74111306397492438 -0.027314694246076122 0.67082436888051644
v -6.9625509738272768 25.691710307028906 -4.0445060779507633
vn -0.74497996483691287 -0.37873573035574232 -0.54914852138879
v 23.873593904394916 -100.45787173046108 14.736892132011368
vn 0.79016805353041397 0.24326640469691524 0.56254413473592768
v 23.402936746681835 -99.685115902374349 14.79238789859685
vn 0.045433582057748459 -0.45876107632645624 0.88739735432848432
v -31.702770359938718 116.07297193078253 15.000082430611567
vn 0.86465495655931979 0.090921349057776574 0.49406994887658867
v -16.679545360861809 30.807941780524775 14.483003188567364
vn 0.61840490344537802 -0.45357695829532757 0.64175019929741461
v -32.192831243442392 114.64046518903942 14.944535866358766
vn -0.69381074820968502 -0.16109393422545321 0.70190839147604034
v 22.959429171495277 -99.413642894271646 14.827239305566938
vn -0.75672072399610346 0.09510352950643626 0.6467836303975476
v -31.340321214787998 112.14488920195905 14.567850550448927
vn 0.50023774702013912 -0.10306264591786496 0.85973268372943934
v -32.960926129532652 120.0201775700021 14.73878966693141
vn 0.4063320923130751 0.5711247019882626 -0.71323965504961717
v 23.624590200838668 -102.02214249680651 14.780843056792103
vn 0.26754282924581041 -0.14221224116148254 0.95299344855196966
v -19.50330608903014 75.777831597715718 14.767564528881827
vn 0.16418015779768735 0.13086666227538984 0.97771099640457437
v 17.462689355821396 -88.17985732420658 14.767134222368085
vn -0.45717056129370803 -0.29497993229010605 -0.83903630280967001
v 22.885784983590714 -104.21280230690105 14.712467693674213
vn -0.65569911454154328 -0.08147132517611344 0.75061381173242758
v 40.191946772656678 122.93388850145767 -4.1393096021884048
vn -0.49216223669434361 0.060398721323051643 0.86840562367741558
v -17.617312239299423 31.920010197790845 14.983762475875519
vn 0.13588216060934682 0.99072483142473244 0.00058891983405799512
v -31.78994107984175 116.23022866671886 14.567712056634745
vn 0.64849951275681728 0.19757478175314458 -0.73512759951546358
v 15.028296011819322 -86.068918081975283 14.35247034510364
vn -0.70876647700848017 -0.38598280833032333 0.59048061165666099
v 24.703796096345954 -108.11543856272046 14.591234223849719
vn 0.86529107243718717 0.10016241626187264 -0.4911607174124229
v 39.9787678826046 135.85276889892046 -3.8412226381265615
vn -0.74658043695643939 -0.18184411916836621 -0.63996122341733575
v 25.060059954678447 -110.60434398564094 14.954091259238261
vn -0.93158171030366466 -0.34133405975303655 -0.12508627694599253
v -12.3694331881286 20.124865780809621 -3.7351892954742207
vn -0.13843239926477863 -0.79591620860087542 -0.58936733852513812
v 23.348359538409291 -100.54308159389585 14.552713350009924
vn -0.89706316822736032 -0.28683504531328163 0.33615967781698364
v -20.178434747075372 77.33062612434837 14.624319974006825
vn -0.1477395012056735 0.13033214037612159 0.98040123060330642
v -32.113858701049097 115.95261496976502 14.526466165480533
vn -0.488276009549305 0.04128376478446949 -0.87171221699814883
v -19.1943171146943 75.552246950956487 14.597597221089362
vn 0.86179601583984489 -0.10323089821339573 0.4966397172363739
v -5.3841601230185265 13.359528556230345 -3.8038719133302559
vn 0.77851786908299536 0.51767194845620135 -0.35486008693572751
v -14.338945952066101 21.224780416762744 -3.9657487385724579
vn 0.1639443464566657 0.08124921197883897 -0.98311790585753978
v 30.304862109785347 -15.487166234975305 14.553563108854576
vn -0.26251657827264624 -0.13585693980952177 0.95531562220954691
v 40.2557729153542 136.94187462111404 -3.9807215716563369
vn 0.54406594971976319 0.26327262794606732 -0.79666791433438799
v 16.57901410457589 -87.085071068181151 14.425881988432366
vn 0.50573525015982879 0.10653689177429598 -0.85608512861563435
v -31.727433417634828 111.85748077665369 14.369351159816553
vn -0.60095343217233943 -0.25050705518369076 0.75901329873954149
v -31.635116310626277 114.66544715139203 14.689699005166723
vn 0.98926528091792687 0.099971271475122914 0.10658306080246734
v 24.438712294582729 -109.37071695474241 14.58318592063463
vn -0.51272081291107963 -0.35549793044223882 -0.78149765799974524
v -6.4764699024427621 25.606344499817844 -4.1879103908489945
vn 0.095708607832615616 -0.20253706900913415 -0.97458637280845029
v 30.126153297777112 -15.65498713512374 14.376765212147138
vn -0.33956739234172645 -0.88410671724097745 0.32101292588869773
v -32.665725138688629 119.05609342198075 14.492636284178426
vn -0.12127722473372944 0.055449548838036919 -0.99106870715129669
v -13.637794751703886 20.266390965145934 -3.7943154996081274
vn -0.23440673704680595 -0.65017590715142248 -0.72272039640990804
v 23.074958272487649 -105.21410066249648 14.514514229306158
vn -0.92909244577624239 -0.35319469223787525 -0.10973029015049882
v 23.406779046103225 -96.124844777089763 14.514206178396529
vn 0.19683250515045039 -0.042814424273875863 -0.97950185808414592
v 21.452950988782675 -93.969634154043604 14.594331108082038
vn 0.38709044036695678 0.46529811109601893 -0.79602679526947606
v -32.244491000503459 114.16923600994615 14.568514639661089
vn -0.95731640140787599 -0.070688448880861704 -0.28026496532797696
v -17.04971937884946 23.63337870673714 -3.8202818405512748
vn 0.17111486480330937 0.95495051966264266 -0.24246485939078646
v 23.992279389614357 -101.06358960620688 14.406444247022302
vn 0.93052884097125887 -0.11871003666056082 -0.3464448055848639
v -11.487871941377612 20.930801151183175 -3.9556006369845362
vn 0.078147818995070922 0.65855971720027462 -0.74845976329219455
v -33.344983450094162 33.077875929650006 -3.7708660904833051
vn -0.12472300954859419 0.31507974616409928 -0.94083416415769472
v 5.4577952060656649 -48.050264563773737 13.820958892281006
vn -0.77757474710536312 -0.49568341043220515 0.38687914041251764
v -20.193579566747943 78.475621748408685 14.555405654690361
vn 0.13935221430310321 0.052273131402276185 0.98886221492289939
v -6.6771411229523245 24.757828043272696 -3.4082433526477489
vn -0.91280335743240149 -0.3937901301856066 0.10825601151224144
v -31.867044322087757 113.34404645275866 14.194386461326687
vn 0.14632390002717058 0.059109364903338839 -0.98746918901885872
v -20.017134069811288 73.318282714723722 14.527496977100901
vn -0.42265556986759983 -0.16788927837531301 0.89060398576837241
v -14.669632928322052 20.794965724271041 -3.7707348164193499
vn -0.35489375722351052 -0.64129973066266022 -0.68028308558700712
v -18.29000330099656 22.627251406237878 -3.9539025458946031
vn -0.31791754569470426 -0.87047641465188319 -0.37576488084207443
v -31.811098566877771 114.64996821924514 14.3981336028549
vn 0.5219700817978935 0.11870315400136101 -0.84466371707208399
v -19.464375531756886 74.083714725729024 14.272903767379383
vn 0.99900066540495613 -0.019333324427629469 -0.040297556836996318
v 17.866131070380664 -24.993208587960662 15.114145955122023
vn -0.18360115998474724 -0.36476007594652987 0.91282019097286449
v 24.194742167568506 -107.48379635841673 14.433313400748062
vn -0.37384077091986706 -0.067097104446304651 -0.92506273115554771
v 23.257822950346608 -104.20084740617295 14.258922104157399
vn 0.70207921836871778 0.24804360152048546 -0.66750216694743147
v -11.458438134755102 19.942603691541251 -3.8684537481809969
vn -0.39976573147342337 -0.68236710005649437 -0.61201511476434056
v -19.936436334765038 78.645052508388346 14.191705370840854
vn 0.89876264895214175 0.41787634021988307 0.13268408017906963
v 39.572212631811325 137.00953594831495 -3.7588572761980741
vn -0.78901053413443611 -0.51811269932840065 -0.33018420286187283
v 14.921854137243241 -85.416556884095868 14.250886138124127
vn -0.20788664874458762 0.29715273903195905 0.93192456291244352
v 15.061111711501617 -86.090793215876488 13.965727170651297
vn -0.52383593115433813 -0.4157541264069059 -0.74346783629643198
v -19.843917952024217 75.665616161202095 14.641698751800979
vn -0.78258200972274339 0.10433736779427166 0.61374189342106589
v -18.745785476531516 24.225055110015028 -3.7316969109291342
vn 0.40435898566269513 0.89522416214322842 0.18726321109281177
v 17.090612110742626 -24.935748727459298 13.784944223318448
vn -0.46502215554880033 -0.85973390876312938 -0.21121553203213619
v 22.832418168248417 -104.13085672626748 14.274268569789115
vn -0.76468500981313381 0.10167742495018614 -0.63633209648939348
v 23.588322927597822 -100.88737257950837 14.270940955634238
vn -0.52410854551632591 0.13202081652626163 -0.84135648599181811
v -22.968122301360228 84.175927212314875 14.236965085310541
vn 0.63519234524946899 0.012293529503209055 0.77225614511561702
v -22.577056056113236 81.87109466147416 14.273706767353168
vn -0.19962994921851834 -0.082638036203016893 0.97638047827039254
v -23.061027277166925 85.759582696208412 14.28817065266529
vn 0.50298889340519903 0.080426014661965514 0.86054275273027936
v -23.454059687381772 84.409435908818807 14.267879137958948
vn -0.54546742755800115 -0.12133976341662352 0.82930208445852494
v -19.227824128405231 75.664983562953722 14.183221936054585
vn 0.81979898667819007 0.18130348741956454 -0.54319302912585021
v -17.040566917181337 31.312513096598856 14.080065077245008
vn -0.41760629176813313 0.81718453061050744 -0.39725864119809079
v -20.229355066536346 74.137668843964335 14.343316332408047
vn -0.97449571845655325 0.097155080720089534 0.20228441610791201
v -19.670031333260191 77.283509010064819 14.332212132039967
vn 0.98437654041963307 0.052760118845440497 0.16798570335266505
v -8.9964301867515246 16.350058223826991 -3.6463650699975751
vn -0.53771355499752072 -0.082881828560192272 0.83904394120120263
v -20.096053430726343 72.675390638249752 14.057367295405038
vn -0.84727018920536901 -0.5228166420893241 0.093786914003721897
v -6.046627229315753 12.588394382490916 -4.1290098849357939
vn -0.52358010303162195 -0.21948507655841537 -0.82321939777773867
v -22.600900878240097 87.618231419374595 14.09468510057896
vn 0.76399311702495154 -0.021083721336796792 0.64487982898606089
v -5.492288252892906 10.894787454016276 -3.9160229774195594
vn 0.094245279952884342 -0.10253204600620668 -0.99025502106698937
v -20.648591907010438 78.415711122124037 14.273075565638635
vn -0.82462068161140623 -0.3730105717997072 0.42528090103412264
v -30.976616208169304 111.58801755036119 14.11460669472763
vn 0.72277748926938257 -0.10010317426986703 0.6837924067336113
v -23.103037273724311 82.671772089238658 14.088528560177911
vn -0.89831678062502562 -0.27831453809155998 0.33995290781867321
v -22.407088546326179 80.690380087653224 14.095771087665595
vn -0.65006258879934331 -0.17111624683788007 0.74036333020457845
v -31.251264173122085 112.37745011740621 14.091302389029213
vn 0.76387442457749366 0.37317748659812455 -0.52653055654226688
v -2.0791462462436145 -4.0424932456671474 -3.8785176276413491
vn -0.335080065895626 -0.69867426943962507 -0.63211993692841961
v -19.420923549817353 72.973763656849812 13.894596970226811
vn 0.80434192897422507 0.26369600061130305 -0.53244575362719004
v -19.483766712126453 72.079988676220154 14.141687828445491
vn -0.35606196629746745 -0.51429646766866299 0.78020447287869155
v 3.6693401429255084 0.80066363827185771 -4.6518320070896522
vn 0.63623730953321889 0.14071089887475671 -0.7585529176634872
v 17.405651772343354 -24.449923486198607 13.880153284317821
vn 0.64068482215377476 0.73823635740768634 0.21102141896787832
v -19.744973356197629 74.12733880534671 13.849400210955812
vn 0.27809594063150872 0.077728798939573823 -0.95740319699679688
v -24.750612904734538 92.833860226477896 13.959835595520923
vn -0.73177378446039976 -0.21446444618024504 0.64692513454116574
v -23.008743535144724 88.486872186507384 14.12333902857794
vn -0.1550582758828796 -0.050907417646146445 0.98659280653612602
v -19.66545029814306 73.350795691731207 14.422865147920778
vn 0.73666514918612835 0.33906077693534331 0.58511729381260003
v 29.376410661818682 -14.796761851049961 13.740712548865513
vn 0.41227442742889553 0.70001123573903601 -0.58310725113591588
v -18.484896511308634 71.229199983764161 13.853141839811805
vn 0.13859914228517747 -0.182895641248602 0.9733136504591291
v -31.436650621656469 111.21913582367944 13.973103682610645
vn -0.48433874068836652 -0.80861854180860959 0.33399406897686845
v -24.841346777291506 93.576148352921109 14.08416522321868
vn -0.34147904681173685 -0.302611970566522 0.88984159031728449
v -19.553927790131254 75.513046285384135 14.025944150031181
vn 0.011418449300195151 -0.0035745311999051932 -0.99992841830917067
v -23.172784178990259 88.20560751987469 14.060331334881662
vn -0.76408153491087893 0.036814319238603212 0.6440684077854103
v 28.440414657080197 -14.753808181791346 14.191887939822168
vn -0.50275445308788003 0.10676971183515334 0.85781011216640768
v -28.858948257623762 109.68120090585829 13.947605711595333
vn 0.53876753035139957 -0.77866401810630204 0.32157719935592843
v 40.870173022158411 124.64960484121139 -4.1488072674480918
vn 0.96510170749158386 -0.21588204394543001 -0.14823507445531475
v 15.296971365223742 -83.850824353010381 14.042155677420777
vn -0.47612533656129141 -0.13858007758510432 0.86838944372954208
v -29.679362917005299 110.2257446641528 13.84509858325217
vn -0.63736944588803279 -0.60511903244041509 0.47706513813813495
v -20.548702518520919 78.254369830764176 13.893524053708791
vn -0.59139382151483788 -0.55388819401582379 -0.58605564275413757
v 29.203179865701216 -14.575517130011796 13.983222866834385
vn 0.26208992905753392 0.96501167719447101 -0.0078314727178810679
v 30.308045948954856 -15.748027159769066 14.051794248631627
vn -0.072643415175900977 -0.81761946253685547 -0.57115790173342207
v -7.5514452020747305 27.389880401393281 -3.9011494293893083
vn -0.68805291348093667 -0.32435017105185104 0.64913800904663521
v 5.7511419365923837 -48.229872152368721 13.739411211129145
vn 0.22658887372428371 -0.94970916155632079 0.21612494247622288
v -23.438243920854365 90.881608374155476 13.751123680980701
vn 0.95348499525135333 0.29965184588879262 0.032789252598467052
v 16.992660351688365 -24.562579430853802 14.073253624332974
vn -0.608176455736963 0.32132802302103891 0.72585790641737635
v -20.075703851618499 77.478582484507228 13.850157100781605
vn 0.27015692812259695 0.05762192479030899 -0.96109049936560187
v -25.019229948190059 94.427111489641675 14.045346228747487
vn 0.44155961016895773 0.32727301648942353 0.83541455777676732
v -31.258885813185053 111.85335898572137 13.63571482683118
vn 0.15680921508347251 0.7815606811005954 -0.60379944668944407
v 27.984503941828923 -14.490713789259907 13.934125877002186
vn -0.25585212898889076 0.85359138326017892 0.45378567464809466
v 14.710359562237221 -84.972447140775245 13.881310697096062
vn -0.99598605403152274 0.042568287236351823 0.078738307681077563
v -24.258527602989844 92.883138670413302 14.002492886577674
vn 0.63646689482482488 0.23310597270973443 0.73523567465071615
v 26.83893372713203 -14.681371345828403 13.606084470103731
vn -0.19721223422974599 0.94254911444757761 0.26964513999736583
v -27.042835616490095 96.435688781123815 13.789653431750423
vn -0.52988149317613698 -0.24050377256612321 0.81325490380992471
v 26.462481005555546 -15.250646467853752 13.824390693483178
vn -0.090221352149206971 -0.56331666493436183 0.82130045819029995
v -20.146756890906175 78.633366000392073 13.746004585531153
vn 0.36308791628901654 0.26040602562793203 -0.89462610450487356
v -25.466815546295095 95.412256007438785 13.657099582733341
vn 0.80877699581077556 0.58808324303299442 0.0061538858530808373
v -20.146897531503441 73.079351678747841 13.859230537738707
vn -0.85119019489495507 -0.0084893666757225299 -0.52478870297304747
v -26.542349691242226 97.671088848869843 13.603794252033982
vn 0.89129660098881203 0.20265836814084073 0.40561059513809766
v -21.705963213649184 80.70752583345535 13.855018667277434
vn 0.88845116523079271 0.45848243605288125 -0.021175052091139516
v -16.138033174820876 31.301092019582207 13.639723443285149
vn 0.73079073334673506 0.069871013402220142 0.67901615999966325
v -17.036636773456362 30.802458543622489 13.952401637003256
vn -0.6493637875710554 -0.39572203061442279 -0.64940799646891545
v 14.904043608395369 -85.024501995970752 13.609754514394339
vn -0.37983333282140502 -0.14497952282342175 -0.91362332349807973
v -28.134275467065486 101.46703171373575 13.565024612131122
vn 0.88474673226015776 0.020691340934787469 0.46561259450888237
v -27.495060775684646 99.84859869878602 13.713986303434019
vn -0.39156731511618365 0.12059865535709167 0.91221214750668866
v -32.065920495704937 33.678212635531189 -3.5600097324860882
vn 0.17551687737749133 0.85237281127275599 -0.49259965119621596
v -34.291934189706119 32.384835450351055 -3.6573682513783954
vn -0.074420411493935731 -0.34341802505967639 -0.93622949238804942
v -27.084805777186968 99.724473454764677 13.582269126600028
vn 0.77145680421283613 -0.0077893968246503294 0.63623401711227745
v -23.515001578774474 83.86522766788228 13.679653461132959
vn -0.83370892014109643 -0.30962383593027387 -0.4572335472173818
v -23.656401292933786 84.499504251685408 13.950235744484733
vn -0.99992030111562924 0.0046864011154290359 -0.011723014177882041
v -12.01827911626695 -52.138317167582997 -3.7242083407080973
vn -0.26014153751171765 -0.49238440305608311 0.83059254757561141
v -28.369337920193995 103.54754332896164 13.720242917836131
vn -0.015778234692386948 0.12572150099300936 0.99194009471240585
v -27.406532137391284 98.706502580633341 13.693160242756736
vn 0.13671205276701673 0.24432195702057191 0.96000864368289218
v -21.721160682331742 80.360018950059839 13.51726669942822
vn 0.40959848843869612 0.10733632357569585 -0.90592935260426821
v -15.182126919035028 -121.21183132213289 -4.5764802556960547
vn -0.93222322642335642 0.19688926277950392 0.30363542994678805
v 15.351046135959656 -82.782634349189593 13.341501671319854
vn 0.79543261579618896 0.31178629061491803 -0.51968862091854795
v -28.249405607983874 102.48739988492457 13.771419170464045
vn -0.10367425124545809 -0.04298323000933818 0.99368208777589306
v -19.77356451611351 73.150946502607326 13.700708555805193
vn 0.11901404734595665 0.36279789358398884 -0.92423662822101749
v -16.267772354630544 30.903458633997271 13.362615698780722
vn 0.39259219608430446 -0.91005771931672053 -0.13291469100800066
v 41.029574594169674 126.70179722849971 -3.2193421644471822
vn -0.284570961749191 -0.096643491874956883 0.95377114823596731
v 14.531414038397841 -82.04386357371871 13.606206477694508
vn -0.11685075241998294 -0.18245584701102241 0.97624575059273577
v 39.957569890533875 135.85343273653805 -3.5050970702136199
vn -0.81559967507213293 -0.20231296086743153 0.54209467428419222
v -29.415926325907112 107.38460616828363 13.555577665164522
vn -0.18223185811422352 -0.23228606504665675 0.9554238503791801
v -27.53064922432295 104.4312781084502 13.513725530176377
vn 0.85614192147324919 -0.19225230884717853 0.47964576516323154
v 40.789804004064734 126.75730016283723 -3.6030566577084997
vn -0.97912517929093545 0.083576003655003978 -0.18528069217150525
v -27.86359714010279 104.75144801530989 13.645342745474787
vn -0.24445683049634448 -0.24722379689763177 0.93761466086617906
v -18.197443887932021 71.180033368518153 13.599050542118775
vn 0.80828157195907557 -0.013584625673271173 0.58863941286383703
v -30.267595286758137 111.45581616692988 13.581161008565473
vn 0.47154676633907283 0.80022815111127188 -0.37051120539627297
v -18.000247648448596 23.717518409179977 -3.5128195889880987
vn 0.25194425744445864 0.93134561546297823 0.26290575440382918
v -22.369026538672777 82.356391133786204 13.669389975871155
vn 0.58829807338357953 0.24952701410000913 -0.76918245305486677
v -29.492612221325565 109.34520061955342 13.758815496759643
vn -0.89148839815457226 -0.082232659751761777 0.44551792963465137
v 15.597687836535778 -83.982173322686577 13.591916502709781
vn 0.83104896911962589 -0.25577189097644459 -0.4939011547987523
v -23.198861996413573 84.573016423005626 13.610162162721306
vn -0.028313942501963136 0.2298385478777332 -0.97281681860947
v 17.381380806162639 -24.752689621477487 13.607830465407584
vn 0.52366784586849358 -0.24137233109784323 -0.81701369938566193
v -18.76717745613211 71.327195890594368 13.11440991029615
vn -0.31632782048611008 0.42382666941038177 -0.84870941097822761
v 13.09172526950578 84.318775925486847 -3.748098503598666
vn -0.77688497991792727 0.25160787608846136 -0.57718558944950726
v 40.304262082177907 132.97112123536479 -3.5356247784474792
vn -0.89957455172580303 -0.33228012330947992 -0.28347053734163874
v 26.801408994822268 -14.89542610389107 13.284080482393129
vn 0.025825582470642233 0.57270676687118371 -0.81935340267189205
v -28.635977375335059 102.74388733914003 13.386419852903661
vn -0.82459376183359634 0.42680182424243795 -0.37132914074772705
v -30.530951878448263 111.08205327383348 13.413350382474761
vn -0.30720917631734768 -0.23963404169376509 -0.92097668159836032
v -28.532632541356982 105.64070030525184 13.329605778982327
vn -0.86900474607301659 -0.45904392873058447 0.18468736502035538
v 14.234649929948693 -82.063697085527764 13.55441077537342
vn -0.66266942850230348 -0.23316946848889047 0.7116889963270745
v -24.652300671036045 92.372054361350052 13.582528324877117
vn -0.82352748023712641 -0.3979140440292061 -0.40431040409394919
v 15.273816827456898 -83.819337908014546 13.479847623388995
vn -0.43941371663314227 -0.39245957128303577 -0.80801675139998441
v -6.4812623911495599 12.598099488217139 -3.4258175894915439
vn -0.8421232673321557 -0.49143171446152262 0.22208843427613051
v -27.791111370265522 102.52444435266726 13.461097558770998
vn 0.99680155087372146 0.025776874112857014 0.075645362955792106
v -28.701206313902436 101.42567817288352 13.690999304644649
vn -0.5008595429584396 -0.037613393871818911 0.86471090592689215
v 28.792281761657399 -15.18330390386908 13.885289518110994
vn -0.13141417425907695 -0.98990198516750727 0.053144845142618913
v -27.183788252649286 96.409888165856344 13.382773614497797
vn -0.89903015235479555 -0.38425015536127827 -0.20999191237223083
v 16.818557743509292 -23.376693804725896 13.560958517437545
vn 0.66721551318789818 0.55335821869197366 0.49861622593679755
v -29.065247449333995 110.30449571816287 13.402512363954264
vn 0.38196215054746219 0.51068375009088718 -0.77026425526715581
v -22.675709754511637 87.998632644884125 13.557352830276731
vn 0.65078271247411179 0.15403825555434184 -0.7434743283870755
v -29.632889386187244 110.26235658798481 13.401384346599887
vn -0.55389881347124215 -0.37864067303705495 -0.74150343570154564
v 13.017387430475125 82.19635025941588 -3.6627780724300933
vn 0.01529951064358469 -0.13282077254872149 -0.99102198126662533
v -23.644206617008201 90.879335932235222 13.386738368988482
vn 0.41750278784106409 0.12632657556321378 -0.89985166469335987
v -26.559789947122361 96.598496380291891 13.255007654406757
vn 0.81619501055314803 0.23958888652829055 -0.52575932725942243
v 16.382714284160095 -23.351185198779682 13.554552321050753
vn -0.59645224223598481 0.15097235084484673 0.78832231480026405
v 13.996910571247099 -71.480500871090044 13.481821462060669
vn 0.43797757313843266 0.27934440488524648 0.85448367385636814
v 14.69237042270418 -81.834128203937851 13.358945990798405
vn 0.7686555031219281 0.63942230437893643 0.017545203991577593
v -31.322429253031832 32.427944390859643 -3.6407074217032553
vn -0.26348929869130772 -0.33366622998577933 -0.90511890734987954
v 14.027194652742459 -72.305703793436294 13.35224249525886
vn -0.57151914200532705 -0.35035821520749172 0.74203435995789013
v 15.081772708509757 -83.538656729419358 13.74399878194747
vn -0.80477034588250085 -0.54971749969978512 0.22395392586864138
v 10.946119934611971 78.469566400985826 -3.6497960117244772
vn 0.23735089989982266 -0.19630750174563133 -0.9513821078174286
v -27.092567464536085 98.592031264605538 13.462005362959044
vn 0.92299088211384928 0.14903247101872544 0.35479170525359155
v -27.983363788049868 103.40977759181892 13.373826101051087
vn 0.95958247771571326 -0.19498152180297726 0.2029376126211401
v -7.3008360088253408 27.937250460285 -3.7451129659592102
vn 0.072420207570149941 0.41665626220641133 0.90617485768458528
v 40.949178772827537 127.99314401289477 -3.6648957611246633
vn -0.54702069048329127 0.17888719968003491 -0.8177822044859
v 12.954817024224457 82.957601521699928 -3.6266977775659917
vn -0.61253264364679871 0.15817081193206925 -0.77445836216017039
v -27.978868028264447 105.99779295508421 13.541095534489608
vn 0.53510244765247339 0.40037623355068508 0.74388456236441647
v 6.0465204232018186 -47.850747270938093 13.567613516260195
vn 0.95530930117682122 0.097955809442835801 -0.27890643320198344
v -23.064679938398257 87.737500710508442 13.497384992251071
vn -0.37044547315719262 -0.18340045731058863 -0.91056818727408373
v -8.9817198560966993 19.633302004156583 -3.8774152867798009
vn 0.62829216878398919 0.77118677266888858 0.1025666237391835
v 13.408979566442465 -70.033105246387592 13.322371606531835
vn 0.7574260501528457 0.27658764405757802 0.59144319567016512
v 14.87544354249415 -73.144961725788704 13.265178263970526
vn 0.26741473473481042 -0.12121747094302814 0.95592661035504545
v -24.920320239243949 93.955585648992539 13.393681140233905
vn 0.0052419367002592421 -0.13093564775442915 -0.99137701115506938
v 14.599729628786768 -82.187436663006309 13.080435522207619
vn 0.08324434536255286 -0.59528627578586246 -0.79918998293657206
v -25.638527364898543 94.377142823313363 13.617976152729014
vn -0.92827406185099826 -0.34098064386828503 -0.14845695201579048
v 39.30910803130466 137.94757852220272 -3.8275371333890718
vn -0.064888524109464329 -0.14863796178041119 -0.98676047537214451
v -29.714652553966125 107.20701087922956 13.30546143183728
vn -0.88576344280969288 -0.4066164183742812 0.22379948992433293
v -8.0839566670952365 15.273864870555482 -3.4374090706861922
vn 0.071463407321110409 0.31057908501336279 0.94785738028794153
v -27.259239081171657 97.434915750523146 13.599208191743809
vn -0.77210825041873776 -0.3421197793921637 0.53553982688869473
v -28.181014713473516 104.49492288113225 13.483071081108527
vn -0.91517404564696903 -0.093407101619076102 0.39208618891932789
v -28.878705183557024 109.03113505495321 13.354377692419675
vn 0.89064972912538198 -0.043931130884295178 -0.45256283071868664
v -16.720349462135033 31.216326057612946 13.07759214179984
vn -0.67034950883199829 -0.069361624764013946 -0.73879665742259204
v -12.997977925015874 -118.31183772521126 -3.3829659380814405
vn -0.58325828431243743 0.53220455909014552 -0.61365143287095447
v 39.092365516856098 139.92857050706243 -3.5685535973270426
vn -0.48719318351061586 -0.049237777458276968 -0.8719050654811914
v 5.7309832467623565 -47.616875340614449 13.586963390354583
vn 0.13767605489665802 0.94558569297934814 -0.29481011030976939
v -28.857702298918873 101.31298692929091 13.224464908561574
vn -0.9280424101292476 -0.25911241623338166 -0.26757810215934386
v 13.050036911537742 84.226717475905843 -3.3095047952280767
vn -0.78827058373108683 0.24572851253116976 0.56413383602959899
v -26.979782037271015 96.563880971383242 13.106298674327389
vn -0.26889295365498889 -0.025494216907084779 -0.96283260454711994
v -16.489054785452428 31.635681882618538 13.549319124168925
vn -0.23810347680234645 0.89852705000367872 0.36872194774154848
v 14.159165893197983 -78.036001545467315 13.081177873584377
vn 0.0034837733742921111 0.0030776968062487045 0.99998919549435417
v -28.27690152977647 101.52736783939795 13.110499614125565
vn 0.15078299471017423 0.17994450768742623 -0.97205167694899908
v 11.055996548968741 77.989778507595389 -3.4626680353608106
vn 0.60918478778624852 -0.42003398947691184 -0.67265544078222772
v -27.119897626503981 97.62860112804745 13.125072773281211
vn -0.59171541555416785 -0.06711577449210239 -0.80334820582975341
v 28.915331670748856 -14.89501007785092 13.60929164432207
vn 0.16747098666168747 0.020967138239281622 -0.98565402030358296
v -18.205489859941167 22.676018753056635 -3.4024916988771254
vn -0.19674711117676655 -0.79719495169432486 0.57076333382294286
v -29.690838963782198 108.29214574024323 13.267878230281841
vn -0.94843191191009246 0.1614905713246482 -0.27275942484872107
v 39.600792382096515 138.18695876974346 -3.5129528632423117
vn 0.82670524555731495 0.56238643418774581 -0.016731276389209938
v -27.041054533280523 99.917902745932452 13.253582771398495
vn 0.89819827280096243 0.3519120786113285 -0.26343453013001555
v 14.034938047135199 -70.973223583817941 13.19957121336706
vn 0.89179503868811616 0.44394618061286373 0.08725478606077651
v 14.14041004861078 -82.015214610646652 13.147981588783326
vn -0.83506059135968569 -0.14870217353412371 -0.52968053800780657
v 23.683106211928155 -14.928707867595122 12.857517847312071
vn -0.015327757403201692 0.93332323172133835 -0.35870991759669169
v -29.147476010282517 107.51692255190952 13.368734121937093
vn 0.89106614826921338 0.20674543561807301 0.40405128914503091
v -28.707512016029483 103.51249324005434 13.377273749080882
vn -0.99007698103344322 0.060422925329953678 0.12687254124621933
v -29.932076451600157 31.03283054905177 -3.5144663340241933
vn 0.54466962837504196 0.324195321108668 -0.77345484011481991
v -28.136557984427547 103.46573492969702 13.052985073840995
vn 0.57950561070199025 -0.037122689955385889 -0.81412232069596868
v 23.561629056446193 -14.981526734659223 13.186352606986642
vn -0.28861817434323778 0.77761393041125892 0.55858403545852453
v -30.337402246044306 30.562658543263368 -3.4884103907326929
vn -0.29892779553203952 -0.52572186611429617 -0.79640359902982438
v -32.301646850492112 32.761629830695249 -3.4786582211851118
vn 0.04626990605469368 -0.52586181743599569 -0.84931057026072698
v 14.516108160895882 -74.673421193704172 13.069585239553955
vn 0.0034837733742921111 0.0030776968062487045 0.99998919549435417
v -27.759306050028133 98.436266844445782 13.511152649818856
vn -0.90043500668744081 -0.10319012663975706 0.4225737763939682
v -28.099250006407985 104.64078075416241 13.02842113882941
vn -0.60640629591488215 0.26851729326237356 -0.7484449662425694
v -26.7802725116936 97.777005518900552 13.115660507040655
vn 0.52983977071780419 0.20092884449155052 -0.82395231464994068
v 23.408403286832652 -15.33015995465718 13.294429763742386
vn -0.14326099163077893 -0.083027538153791533 0.98619608404469261
v -18.899552669193731 71.014258459895373 13.477232578943077
vn -0.78871369719903439 -0.53783760844241557 0.29776066025513309
v 5.4066501621956959 -47.712880021525251 13.689180023423972
vn -0.85231211659300565 0.52224288555763598 -0.028747598042002623
v 16.525216422810651 -21.817579405413063 12.917823394499953
vn 0.73715201324769564 0.34705199840984463 0.57979463585359459
v 15.056116797703314 -72.991244668382251 13.014834838170254
vn 0.95023623553344061 0.30087562945677915 0.080777176716090984
v -8.579522018104182 15.204551331726224 -3.4634893341823352
vn -0.38927319557297313 -0.033031181619066728 0.92052991274007712
v -13.403535978173039 21.12914360059143 -3.7599916571847194
vn 0.12449839829939065 0.7356989859464016 -0.66576809092830713
v -27.630235163794957 98.377142060611448 13.078795781105436
vn -0.61061624284233207 -0.27462655311449635 -0.74278399302998221
v 16.27625332889826 -21.929541900840391 13.047793985784541
vn -0.13359383845456124 0.21054182568230542 0.96841356143196289
v -10.984338549669518 20.940073715205056 -3.5963012456949173
vn 0.3558780453850619 0.92461486962039596 -0.13578718529289116
v 21.74004528247076 -16.196102973901262 12.839563105371795
vn 0.097703936445455775 -0.67106137297023116 0.73493576216589862
v -6.2242661121205529 24.444658748761064 -3.8356149805890531
vn -0.30565873276959465 -0.55697397764865475 -0.77223877609449376
v -28.588010787776255 101.42482757744784 13.021881310606634
vn -0.23989690014501699 0.050374670836908282 -0.96949052075762188
v -4.2636411952634745 -36.489156186570945 -3.6030486166971709
vn -0.64022375283130328 -0.54835521287072186 0.53797779399163648
v 14.415534227099638 -73.30415489295919 13.02889504097212
vn -0.90303015807849141 -0.35904131413718099 0.23585136917851662
v -27.613584717337972 104.51278948387329 13.057779288519161
vn 0.6675770147539275 0.0218263908275067 -0.74422075893895845
v 13.378755592536024 -69.973767220952539 12.953001428197966
vn 0.73505050008396899 0.29698386987859604 -0.60950910030797756
v -29.205515609663422 107.52728717161411 13.013116944481926
vn 0.78672130843404153 0.24922310686231966 -0.56476315908681807
v 12.923748318999685 -69.937256839401329 13.412704480313787
vn -0.59210641212055082 -0.17695719030887461 0.78619091162625188
v 9.9868755879346232 74.990722106494019 -3.4061016137841795
vn -0.29476877201165358 -0.062783863518773936 -0.95350383194216781
v 23.341609190061746 -15.637243488195674 13.099226209793679
vn -0.016684047355732468 -0.91094683880617633 0.41218624362400258
v 39.491539406470949 139.89610236282522 -3.4498966599569858
vn 0.79723244339181965 0.0044572462722642708 -0.60365599819696769
v 14.45701348429141 -78.36794438713035 12.968455823302541
vn 0.88259322231711068 0.028441399525065591 0.46927634791554812
v -27.194792018581676 98.616838721946195 13.027815294407986
vn 0.57474367320862674 0.19895904296090577 -0.79377894235784296
v -29.541412217875724 107.35740569935693 12.863598799365416
vn -0.40144586253592984 -0.0031873711562116049 -0.91587720799127648
v 16.842876677593793 -23.752216194360102 13.115405441803411
vn 0.59331676049303106 -0.29278562527409557 -0.74983451464367268
v 14.123166086270214 -71.536662915553677 12.956464359677669
vn 0.70649447782354868 0.081940146147419471 -0.70295900680919554
v -28.284709678603321 105.96067963531686 12.909000247865004
vn -0.2161312636321828 0.11597565675497461 -0.96945186776910608
v 40.371366638528315 124.95556879770572 -3.7971816884338239
vn -0.85831663545266879 0.072226459896268178 0.50801170438884891
v 15.941588671275476 -22.177754708166386 12.834073312951755
vn -0.97427830488916944 -0.12596694206830047 0.18685318870238254
v 12.876429677007842 -66.891435750928352 12.665879381081785
vn 0.96992903091634664 0.24332600538421525 0.0054890882155063788
v 13.398292485029344 -70.985616589833228 12.978120922530598
vn -0.64460503629923049 -0.58275924622558084 -0.49484948026269621
v 14.519662598677316 -73.089364423461603 12.790943033757991
vn -0.72589766744469408 0.065359015966512737 -0.68469027700869345
v 41.270536494730955 131.50930135236985 -3.3800277085951471
vn -0.74587665680624393 0.051395815593675308 -0.66409824798067441
v 23.875906330634244 -15.526371136887224 12.805780861226157
vn 0.39107519041020017 -0.80903275329514512 -0.43877807550207276
v 16.619265346576167 -22.076901150328723 12.555327568923545
vn 0.86144612211907889 -0.26563539039614881 -0.43283763474897446
v 14.57756920630446 -76.310089262987105 12.498462947087503
vn 0.74323139421956108 -0.14568995762054446 -0.65297896665587285
v 16.473570866200411 -19.759787343193253 12.620658858226687
vn -0.0033866522489154425 0.44133331627411565 0.89733685677845432
v 14.88739652995125 -73.102623910892561 12.670606052365834
vn 0.39523716164685335 0.019274655682014769 -0.9183768691020473
v 12.112125549514008 -65.661132887857875 12.689231110735765
vn -0.35976697158634352 -0.01333850576055037 0.93294684222610824
v 14.110722050275024 -78.419849106473791 12.55837419891261
vn -0.15564970067948192 -0.11995021417231368 -0.98050248179104771
v -15.396965918954812 31.760639717873573 12.954809496142051
vn 0.46997295771057307 -0.60235239035319443 0.64521083132304025
v -18.511224253161458 71.473559596979626 13.10538867299368
vn 0.10436042622488627 0.58235461918562625 -0.80620840912962699
v 12.913221593963911 -69.538687069931854 12.766276387890613
vn -0.065097240036583889 -0.036862736255171044 -0.99719781789542705
v 14.181301520247196 -75.187630761564947 12.840405395742117
vn -0.93484310738159115 0.081678979871144655 0.34553857791618597
v 16.17710540188969 -20.11296086051415 12.528092754777461
vn -0.78191269485602422 0.05651377614234758 0.62082101344036555
v -15.815869719680846 32.230937124924615 12.565391018753658
vn -0.5240246825802557 0.65461782795916923 -0.54486111199523291
v -18.911983598665699 69.692876934916853 12.346445333818224
vn -0.93505049577586108 0.15201037305760037 -0.3202708491764516
v 14.401993157347894 -78.574236607169141 12.696649469882665
vn 0.78694269769049541 -0.1141027586723883 -0.60638416125007455
v -27.607243299913424 28.684082680880657 -3.5161549503072047
vn -0.16333345380738093 -0.29608111319737951 -0.94109412774448487
v -37.279408856020581 34.919913370894712 -3.2106616742701917
vn -0.067411757801695019 -0.0079239727318422184 -0.99769377344264842
v 20.820909356313422 -15.770583453353829 12.422408810244576
vn -0.073431343766244439 0.97862525999208361 0.19209486785989452
v 38.962629915363991 138.04503641471439 -3.3849556326679142
vn -0.94868439802616367 -0.28989056421037529 0.12633833038126593
v -18.194922903611221 69.415886091551201 12.551294356374797
vn 0.86941500008000028 -0.1299543739843137 0.47668586964398063
v -15.575574419699251 32.214578650439037 13.056132790437985
vn 0.10477659720634254 0.64336070773549925 0.75835932408056905
v 16.856834771809069 -19.900366433529165 12.445699524697286
vn 0.90439979028578976 0.20714928591019635 0.37302840733369769
v 12.345563155929783 -67.291776991855286 12.939924910508832
vn -0.74336489255355254 -0.16688583314223615 0.64773278071691498
v 13.934643670930189 -78.120060586869187 12.663046801902286
vn -0.87058788950628574 0.050269444634320593 -0.48943815705474819
v -10.739948903497925 20.726507483497393 -3.1397655185902793
vn 0.53340887571992879 0.6363659692202267 0.55723722463740977
v 5.4782084243706635 -48.632837121600303 11.25406489979423
vn -0.77413663379389341 -0.63254487469826548 0.024483743815334687
v 11.853037772514536 -63.56946364502722 12.407560632198368
vn 0.58540351109769062 0.52908067593390484 0.61430966747058324
v -33.247001213210652 33.450311572529465 -3.3671148528101793
vn -0.25803473648738978 0.95855795608885563 -0.12076721237421649
v 11.171799308109186 -63.197460830972091 12.398825520008794
vn -0.43780034807845375 -0.25740541420106433 0.86143676956719417
v -34.287045883885654 32.135911392013874 -3.4105547569753476
vn -0.043453304858677842 -0.95631195875266106 -0.28910075725170203
v 20.257467716254151 -16.356209642421646 12.601979606528095
vn -0.29328061124011678 -0.5772666358631392 0.76206936310934148
v 19.689676403168441 -15.495101895138742 12.3267383197618
vn 0.1868573737725982 0.89001099768053193 0.4158903050980049
v 11.768421866308049 -65.789072991791471 12.36648739848871
vn -0.95552127700181222 -0.24450106480867853 -0.16491912716312984
v -14.539962472567325 32.466482777285648 12.305084404818416
vn 0.0033999611293414715 0.99887689946767777 0.047258649728467279
v 12.557856815064083 -67.57057536277587 12.454667908816351
vn 0.24660516570829991 -0.035452736006255245 -0.96846734367022036
v 41.463004212615523 126.69413459659737 -3.627485335992084
vn 0.94350072788301975 -0.18578136845309229 -0.27439325724206154
v -18.512835508748889 68.943923935565138 12.508035568203951
vn 0.087424330716479995 -0.30076941464433871 0.94968139163262411
v -16.121885909071072 22.272486608640115 -3.349642497218972
vn -0.53018887734723308 -0.71079800028160123 0.46224015093126386
v 9.7417800468699234 69.885216902315619 -3.3845154087300884
vn 0.38677192974806035 -0.016453836000961543 -0.92202860348245963
v -15.682330201830617 31.949303596280622 12.395593007035696
vn -0.39331782544176341 -0.23572792240924667 -0.88866947443151367
v 40.904249018390985 133.12458497747551 -3.5965504925867613
vn 0.90988231327353897 0.14640922164770404 -0.38817330640901515
v 15.536274326137042 -19.025719623316981 12.381117518292939
vn -0.52425814732319254 -0.032947139307829332 0.85092178311328037
v 19.038825321506721 -15.655869735474859 12.420445680448019
vn -0.3105381526813572 -0.014554090584563332 0.95044949059721551
v -17.94247522955169 67.599814105506852 11.989051401698907
vn 0.66046940314194802 0.30953371010445668 0.68408263376750689
v -15.398013353178305 31.684641703956927 12.581605838956936
vn 0.28518406336743451 -0.90747659768500077 -0.308474106944642
v -14.770646970577783 22.493777678592465 -3.3476057601491709
vn 0.68227987888815844 0.70375771393726749 0.19803849862627976
v 11.389156752655254 -63.901251185339561 12.280581657423259
vn -0.93496982049948252 -0.070088213158729554 0.34773420471875083
v 41.762064423704018 131.43774308946271 -3.3695747524233184
vn 0.82002627844163078 0.12339562197684903 -0.55886529964036558
v 8.8891197703296427 -62.328026335127525 12.247819806388792
vn 0.25591481626213669 -0.058069309743555834 0.96495365799784583
v 8.1185438080062706 -61.615144504430511 12.258948201406673
vn -0.47792297137554784 -0.25993475330214549 0.8390611166400932
v 17.637922379737244 -15.154412536837798 11.987402965600689
vn -0.15426507346994184 -0.70127907087862229 0.69599565505463423
v -29.378813519716275 30.219833187379493 -3.5038875239724598
vn -0.18781873296943877 -0.25697176543423295 -0.9479924236592655
v 13.728842154528596 83.987165729497235 -3.5811854545382662
vn 0.95110322289945048 -0.27578331670056438 -0.13909069566262974
v 15.012513244082642 -17.805131518561517 11.834969332782221
vn -0.86555502020424047 0.2854864923054915 0.41147535735490065
v -19.853961805791304 24.524201222102892 -3.3377169218695038
vn 0.267169501770611 0.86450141702724426 -0.42574376951580867
v 16.147000671582781 -20.26839245903713 12.222200991566631
vn -0.91853726865649143 -0.36564448154727464 -0.15031100825653845
v -18.207185819718177 67.571133210237207 12.189963389741884
vn 0.046668276033752315 0.025306655186880862 0.99858982831555509
v 12.346070100636576 -65.987669953846293 12.259935306465461
vn 0.68984277420484807 0.058330551575095639 -0.72160549722843992
v 16.009128352188547 -18.874288698337374 12.270857896306993
vn 0.76769647899350324 0.36732445317997631 0.52508557610832252
v 8.7133583597460849 -58.775169414370524 12.090506408893201
vn 0.31272607309136058 0.46817140644477173 0.82644899261622995
v 14.256366284977901 86.620897685338647 -3.6495667256212725
vn -0.79104285317258827 0.42065313466092824 0.44418706053250362
v 40.37355465634495 136.60191202294263 -3.5078948597791544
vn 0.87158030938814557 0.17164795191314128 0.45922189069216679
v 8.5617713080390363 -61.39019550805434 12.131395619557487
vn 0.75739021518534355 0.4633661509997391 0.46005637920714243
v 15.432073845834738 -17.63152735937776 11.995376011792541
vn 0.058264869388554026 0.65668142317115996 0.7519140332890687
v 19.442845132639142 -16.198274641254962 12.19032212476969
vn -0.44902065233882688 -0.88270035413118941 0.13863815704879798
v 16.565405539209912 -20.258130045279813 11.971742619870446
vn 0.036037499962530209 -0.28502376022402848 -0.95784276094994114
v -13.089855219939821 31.869978893479349 12.019313467562807
vn 0.53855175481591844 -0.463164230537782 0.7038756303034216
v 8.9178899849857824 -58.959675636356693 11.770430630615317
vn 0.98667856351677397 0.11371650024594118 -0.11633559158009264
v -18.282826291827952 70.188128168424441 12.44896658798001
vn 0.81662727904073551 0.36498460059947802 -0.4471086316006036
v 9.8012315892690829 73.189955193888011 -3.3834331007126561
vn 0.40937045078282203 -0.17995382433185289 -0.89444533378748736
v -17.899714659116761 67.592780435154708 11.558368059872517
vn 0.70578172359716995 0.3099575858228204 -0.63702311859703864
v 10.799176226338389 -63.240515962229281 12.01622013200665
vn -0.61234214744183268 -0.78948906799456131 0.041762494937488827
v 15.272902957440461 -19.15251139172252 12.05982586924825
vn -0.92414557580709067 -0.36487819052143772 0.11322040804546757
v -11.195208812045957 32.643884582164418 10.854986421625327
vn 0.60853813983520433 0.18666284759648652 0.77125761823989791
v -4.9566901721777814 12.226647819515282 -3.4180216141504354
vn 0.95946832911613367 0.27945989155025663 0.036368866325655121
v 19.269001882329121 -15.760572528234405 11.679181079878603
vn 0.099485696584552932 0.024775822162690274 -0.99473049355654575
v 20.669456473380361 -16.630736607909455 12.154880939530928
vn 0.11243036060529653 -0.93482202069418752 -0.33684893296461416
v 16.021661313446007 -18.84813202648775 11.767981816474737
vn 0.73062805964687216 0.36343534441638364 -0.57801158196492142
v 12.021756861946823 -63.837400442119524 12.073053853340211
vn 0.87477801890110529 0.26556827800714849 -0.405261529587716
v 9.0358184067882803 -62.226487499491668 11.640187431526357
vn 0.4553010526309838 0.32924383981104438 -0.82722393909968395
v -13.493582596313448 32.405526886710312 11.84219573698358
vn -0.13702101922445942 0.98426846601683737 0.11153845568032592
v 11.15418524708517 -62.781562043223808 11.880626504217577
vn 0.57639516426631765 0.57880368576463859 -0.57684912061619209
v 19.698832556885982 -15.552453746722728 11.880973770841027
vn 0.4031465074985614 0.6590952811988563 -0.6348750300595486
v 10.916531577203031 -63.093975991703537 11.803300537480961
vn -0.13514029044097023 -0.3259264315429734 -0.93568641281210962
v 15.615800790807814 -19.220018117381763 11.615244644034112
vn -0.11924160552324038 -0.50988965969049882 -0.85193542857011606
v 8.5969698189924983 -62.522180130984054 11.963404299223125
vn -0.68486107727053236 -0.70246628127016453 0.19366576496198767
v 5.7904529319605516 -48.252802341490778 10.364906352154435
vn 0.11259470676184954 0.95796627114247002 -0.26386181111067369
v -13.489384584963418 31.63112786291077 11.841816190427927
vn 0.01292500488529898 -0.99989460188628898 -0.0066128184138631767
v -18.355149117656282 66.910778722740318 11.761154145227419
vn -0.78866984459517853 -0.60257398362310544 0.12208386661143333
v -35.220125160661155 33.296675279888717 -3.6441163498229656
vn -0.02436545178940653 0.2217686140894887 -0.97479485357890838
v -17.379984582924408 66.404049903726673 11.874079811400236
vn -0.11830493336468864 -0.41200794236791266 0.90346743060684553
v -6.3056468836401907 11.748375117412712 -3.3802209112472927
vn -0.95552876500618089 -0.26472528290238428 -0.12994346400652682
v -7.6858349917431017 15.328663020009758 -3.6600710189823538
vn 0.76344280986403601 0.41661416497258341 0.49354606027310394
v 7.9819780204011579 -61.525079778891381 11.827536739465119
vn -0.90035226806205482 -0.02405737209154957 -0.43449630176051268
v 7.6948117834593575 -57.337226208100034 11.813852510703844
vn 0.27204636323300729 0.13194377925078485 0.95319547594851428
v 8.9631387324694742 -62.00066038223985 11.898174951631971
vn 0.49660012829854089 0.86336754752213496 0.089357654733586797
v -8.8310194827377231 14.931076031048722 -3.750618092041444
vn -0.78353496320557503 -0.48223141746214421 0.39182371220599893
v 7.3561019040690798 -57.443253430038375 11.663581094377653
vn -0.80600899465514653 -0.2378043353621897 0.54203191660449956
v 8.8015158390924544 -59.313495061995901 11.564296879900519
vn 0.45605555672001791 -0.32992177539429829 -0.8265379309538482
v 16.487960196310652 -14.886578250861323 11.44641057809117
vn -0.6127752920099363 0.69855351962160195 0.3694988791950653
v -18.558588125521215 69.41520446626437 11.888877277011801
vn -0.098787610948019397 0.34898464267846252 -0.93190703779817463
v 7.932702451255639 -57.279761481133349 11.46728183271917
vn 0.953351875796697 0.29540350716056085 -0.062104499612826471
v 8.3053287902718012 -59.090911928699057 11.957622232994918
vn -0.8893427500910398 -0.11586588033174676 0.44231727372493124
v 8.5030185242231013 -61.608198525594716 11.651382451348793
vn 0.55095762038813534 -0.11160595587994111 -0.82703676529424497
v -14.763052123825815 63.758281675904279 10.999141940045678
vn -0.29003956410570503 -0.50665470986153838 0.81189781144457629
v -6.446282915744316 25.495727190550753 -3.2011879712300857
vn -0.092726298587830727 0.4048062303795138 0.90968882008966589
v 16.80187951054836 -15.462202464636718 11.679706540737824
vn 0.42606563283740784 -0.5183484781217601 0.74147348687846837
v -13.231707313432665 31.900478713231465 11.323918661735746
vn -0.35271088795614736 -0.31023400478058366 -0.88280795861556816
v 15.759073707524742 -17.650880223809967 11.639458341811185
vn 0.83164894223715358 0.51518614567498067 0.20722758547158068
v -18.615014917823995 67.956588699738788 11.534203938202683
vn -0.63255763564577061 -0.025725608484374152 -0.77408593234494394
v 16.212124047153992 -15.394485156736415 11.570896245234309
vn -0.65714751172628139 0.1031083620453211 0.74667651195701079
v 15.759720787602779 -18.152273324240284 11.363127325564324
vn 0.80257417216017379 -0.40207993476566845 -0.44068857965716274
v -14.402788062646039 63.894141834295077 10.968420527967513
vn 0.74913849421770795 -0.08562143436023574 0.65685651892884567
v 17.73930853968676 -14.368342977264104 11.51867027617628
vn 0.063417336571813879 0.96045600489712435 -0.27111345241280854
v 5.7420586696892295 -48.80605795163622 11.00404280238012
vn 0.038771423699727962 -0.99330434816924407 0.10882669071679661
v -15.89393361639811 65.596489004240595 11.2920253349338
vn 0.58250520426450814 0.68003860478724576 0.44523609804662029
v 17.774251308564811 -14.703734842975045 11.219627350270363
vn 0.27743114794453622 0.15128841194100484 -0.9487590708723399
v 17.736430226509036 -15.157649741412763 11.420003841936882
vn 0.053010458944849591 -0.84333438086787704 -0.53476818649640234
v 7.6669233621712038 -57.273735439863977 11.139279749925999
vn -0.42212515611211737 0.040561595661464694 -0.90562967571448116
v -11.403482780952693 32.910148914580205 10.720202646288008
vn -0.11327642180212187 0.89603152937768993 0.42929704241327588
v -18.631679862666338 23.686969217714687 -3.2851039420159176
vn 0.32834490007525868 0.35080581812581174 0.87699766508449062
v 17.104226298514071 -15.467074709537563 11.118337182131157
vn 0.70559750743212912 -0.56329404055806664 -0.42992090130317451
v 6.040771377503396 -48.512345459817112 11.310123382035215
vn 0.32922346199005859 0.14151071375152977 0.93358804082358149
v 7.8215804755025431 -55.856828765839509 11.076811286339932
vn 0.74308541636583625 -0.040392164763368238 -0.66797644944274837
v -15.859196874021357 23.415007095775046 -3.4439151467967157
vn 0.25932364458627799 0.93210557001845551 0.25284472250584933
v 10.523337008889635 78.539792284340407 -3.542320752509001
vn -0.79172677448979645 0.29793218068350047 -0.5332964750203748
v -5.4518740440319284 13.35748498383003 -3.2197860181835813
vn 0.69307047060303417 0.52387247302817519 0.49518779748842012
v -35.415732246124215 32.880914649310981 -3.5132317760836846
vn -0.50834294925975509 -0.53514581199407762 -0.67468985900418976
v 7.5738953402457039 -56.011740304602128 11.630958596595422
vn -0.18658830029342616 0.23217345292437441 0.95461002192035649
v 11.597252071005265 78.842590112892736 -3.3191326139273807
vn 0.76313060205683492 -0.64608565446695676 -0.014318215544430824
v 41.385555629279764 128.18606264816657 -3.1099104033518188
vn 0.80452941512367793 -0.031633921967943936 0.59306973888546932
v -12.354618453898702 20.094478101672522 -3.1083338982550281
vn -0.12779419041686507 -0.9214699063533347 0.36682673918469261
v 15.310176654017207 -17.232346092746926 10.980364785390446
vn -0.20521781017445856 0.43507097739181028 0.87669772157713222
v -14.844367218849762 20.736711404077266 -3.2963001441877111
vn -0.63695653868844548 -0.7667206623412256 0.08016104890198851
v 15.097726609015041 -18.211166900925026 11.333216258781096
vn -0.5560042126147553 -0.59780574149229049 -0.57748386210655156
v -15.064799870933612 63.890831008257443 10.797268363897246
vn -0.93045945080356018 -0.1100490863316648 0.34947733690169813
v -14.105538869483384 21.634004630514543 -3.6184582665549265
vn 0.55398089736985445 0.71754565264214487 -0.42217697914932473
v -15.288910889084953 65.212589910748619 11.08682480460465
vn 0.71263319738915465 0.60819002373785724 0.34965528882694547
v 15.482701222462055 -16.241380060181768 10.914744421914413
vn -0.88056414414163398 0.46378861885278161 0.097503359299773482
v 7.320853657599816 -56.003328301607866 11.404747550823069
vn -0.98973674438105164 0.087644209245807875 -0.11287014400484387
v 16.548538568188732 -14.870625645246392 11.091052204263104
vn -0.41822879159648163 0.69875992909598528 -0.58036130071664882
v -34.390768722368982 32.961201934792228 -3.5907293886524041
vn 0.091541578901759707 0.78497920364275242 -0.61272162454132739
v -14.608870134032628 -79.80076040311576 11.050779027680816
vn 0.13516562655804668 -0.023736942910394312 0.99053864686767246
v -15.20898479761629 -80.452253596891481 10.95931411162924
vn -0.47067798436709085 0.16209484314231476 0.8672874361241496
v -7.4233745073427713 -75.752093435523165 10.815524796636659
vn 0.66448340478248658 -0.40748387399534602 0.62643331425014359
v 6.7798879568650392 -51.619547385474952 10.357681280435653
vn 0.54973810467312023 0.2748353453190796 0.78883049461449439
v 41.135140881410706 129.29476355538372 -3.3998359911247578
vn -0.80751888206675793 0.17213919200045044 -0.564164296710706
v -15.596228223351122 -81.904003025631425 10.71002837991071
vn 0.0060063249159436 -0.26425895018189549 0.96443306211979618
v -8.8828869904018006 -76.574766768546411 10.860331968884033
vn -0.56131260567755259 0.48241257150638772 0.67246283879488145
v -8.472069397306683 -76.753680768642838 10.914904041255372
vn 0.11753139678057223 -0.33379471050901532 0.93529004164858409
v 9.1787523364821944 68.674688831279369 -3.2968832982542375
vn -0.57454638627845878 -0.032926532164703447 -0.81780944815645829
v -6.9017532639784633 -74.165317165153851 10.850654495073947
vn -0.11261924369619715 -0.025263758261925697 0.99331699294222275
v -15.432556017493141 -83.469246572934622 10.683804872977595
vn 0.33787832299916853 -0.093182928501712475 0.93656563073984
v -5.3884481913394779 -70.811005939926645 10.718188985753695
vn 0.15291922035787139 0.031700326032623342 0.98773012578060326
v -10.768307695449764 -76.824880396474029 10.614665872709331
vn -0.19388810399527595 0.79775693853465579 0.57095645205998913
v 15.811039832362763 -17.547291781532842 10.258962043592614
vn 0.98510025160737391 -0.1659382509947685 0.045188396075604771
v -7.9700243935985782 -75.58775236084341 10.753457274125754
vn -0.77322119516415755 0.44186742816457375 0.45484300508652109
v 6.9029019347346043 -51.528059654307796 10.018753534905411
vn 0.97369047236613737 0.20770682419711195 -0.093726939592404676
v -10.914567298811015 32.344575079096124 10.452635480744036
vn 0.76834542439131281 -0.57897784364886351 0.27281855761777951
v 15.803687748176866 -17.400202612971839 10.830125141992358
vn 0.70773451435453061 0.16419319875879865 0.68713350280182828
v 7.3390994562578147 -56.16687563297328 11.219266142417936
vn -0.87041074686179642 -0.22619330372571403 -0.43728905897259368
v -14.567216856795476 -80.078884823159257 10.784604681702096
vn 0.92961594281820481 -0.36605262927336069 -0.042657607296701983
v -5.1081900730957841 24.415074773192053 -3.3127252712035329
vn 0.71946803473103049 0.55456183435497863 -0.41812309058112318
v -10.888460016012147 -77.261150070202802 10.666254041993097
vn -0.19419636024125117 -0.66020936422836385 0.72554212079949543
v 12.345409444048883 79.87093387289228 -3.4432029466798761
vn 0.78009020612438096 -0.34564262488611325 -0.52152703302001358
v -6.6952961499161603 -72.123325266121839 10.631047569337399
vn -0.31711210861759981 0.36569466835777953 0.87504703879436874
v -6.4846999944808097 -74.021736147152851 10.601468348018278
vn 0.9558496144154589 -0.18745569791111361 0.2263004108314341
v -17.340161908313405 -86.120407952314849 10.652780156755988
vn -0.19208614383900474 0.070105582365469252 0.9788708396240331
v -14.288042877180217 64.005550230079308 10.505702057597652
vn 0.92924805500930718 0.14866349463118531 -0.33822657734936074
v -14.899693066329339 62.870951752356092 10.546047749072882
vn 0.64144316245628297 -0.55539403934589504 0.52923353105895798
v 15.433970162566151 -16.866574506679129 10.259035995359829
vn 0.14546648831891007 0.92503863914055562 -0.35091739323258586
v 40.144339667372122 141.73769927337739 -3.3584071185039548
vn -0.22588495859929059 0.17492100614225436 -0.95832073289101816
v 14.271699472862885 86.160410831240796 -3.3744024942640003
vn -0.26587578318033722 0.28864974857469916 0.91977790284720662
v -9.5313836908896299 19.346566715760989 -3.2152712940012407
vn 0.29796092341918057 -0.036681509002980103 0.95387302876874214
v -11.544167641084446 32.910196067156988 10.284855093125886
vn -0.52634118936886209 0.77596002053817015 -0.34763630262125128
v -13.232062519119665 -77.582970874064102 10.597786888241352
vn 0.78065232945495944 -0.26502490936404216 0.56598916768179131
v -8.9088355246942044 19.302200255757253 -3.6099165514148952
vn 0.77906379149175775 0.17489045227203323 0.60205725515981512
v -13.798255541734392 -78.934714154292024 10.506354961703154
vn 0.75047593758532893 -0.57152623804297376 -0.33187893324805584
v 15.01574874868925 -17.343759554508566 10.210924165912019
vn -0.92489417764109683 0.31163829169589402 -0.21783556944278876
v -18.6631618852511 -87.676750386840354 10.540656614510922
vn -0.019606639013020774 0.072084703781139722 0.99720578377153346
v 40.101946660272347 136.38509190403624 -3.3394435799651419
vn -0.13250956666797786 0.044516452640658462 0.99018154910387857
v -4.9339125547895151 -69.235640945116074 10.597258363102526
vn 0.046529637634099501 0.14230292779083314 0.98872891611593727
v -13.156225942406742 54.135607910772706 10.216500430480597
vn 0.81561915608649238 0.53299327221558834 0.22513010460104504
v 15.533104809336924 -17.827939100932095 10.015341803076977
vn 0.38139588494948695 -0.90247315860825872 -0.2001983439872328
v 39.649159147321285 137.42771009143064 -3.261612600211464
vn 0.2222360764091742 -0.44244540574069541 0.86882287566638527
v -8.7027146106864492 -76.370798029334523 10.518024015589614
vn -0.42421499879358843 0.85242274822145669 -0.30564209970672357
v 9.4243283032311922 72.803387161770928 -3.3151740725801675
vn -0.72729088463418534 -0.14760796956275335 -0.67026849579074299
v -12.628168158379854 -76.845521487136864 10.536141222480358
vn 0.3724999919796016 -0.33182499043936942 0.86668098611606159
v 9.3463985080405152 74.018742513631707 -3.2389282998657518
vn -0.86264777588466246 0.22495369206467961 -0.45302831168450636
v -13.5348176636908 53.470890337310351 10.468937676836102
vn -0.40590155938378097 -0.19460294405226436 0.89295779197899738
v -16.975346852137591 -85.03536332276181 10.538322159199122
vn -0.27778092602054116 0.33659005949807003 0.89974712502250132
v -16.794058562258513 -85.251668983247882 10.485363366065563
vn 0.41066755881470579 -0.25947062653422986 0.87408646603359796
v -16.957399918115357 -86.342766470545484 10.267998445960956
vn 0.85066735279614891 -0.49831070816069289 -0.16748579945530023
v -10.300732999982564 -53.263805836137109 -2.879146344456061
vn -0.32243448578244466 -0.65316050348714916 0.68514039368776392
v -16.687521808472795 -85.283259129995884 10.152316696075887
vn 0.86103972771964676 -0.40768153834953774 -0.3039841288248965
v -13.838394265895374 -77.534424110430763 10.226868730409295
vn -0.76808166103716435 0.29372116531836645 -0.56901532406641864
v -19.409779931135365 -89.148343545280269 10.48075687618088
vn -0.6090461992078221 -0.22171360891571887 0.7615154646178065
v 41.305298944060183 131.13891830015922 -2.9471837190629016
vn -0.8643264986483894 -0.38342880844042559 0.32545668312721932
v -13.640077366635893 -77.307606298072841 10.619322044988557
vn -0.50597991346948623 0.45379067708256343 0.73352460664817509
v -14.345198245093592 56.732213493651528 10.551050010905847
vn 0.28558235450516412 0.069304730989780322 0.95584495241525491
v -12.041158356553026 -51.687627918908291 -3.8959614036607917
vn -0.44918310768427572 0.81570589788587333 0.36449749508782286
v 9.8208995702466328 75.285644725944536 -2.9481685497929497
vn -0.90338352211611717 0.3721810885010492 0.21302452753439721
v -30.676284635757277 30.545466404134899 -2.9322772280296521
vn -0.71372618504530816 -0.65816386453907838 0.23961481631079568
v -30.778335209762322 32.377822423560843 -3.6278642417728055
vn 0.54050669899395098 -0.012995506812579697 -0.84123933880040735
v 7.6756550087640889 -56.182069607194812 11.037993681072461
vn -0.0007762053973573949 -0.21428086480025998 -0.97677177912019642
v -31.18005893976127 31.60699820854698 -3.3297292816055162
vn -0.82673114455664876 -0.43093146021808082 -0.36168175405232456
v -15.258115786674129 -81.51466451848151 10.628793605882031
vn 0.77876288108295644 -0.28163943967668875 0.56054223843165829
v -18.818360670662532 -88.825441845293298 10.228345937672218
vn 0.98832149638396549 -0.14996509306263728 0.027038687987290099
v 40.197491913242104 140.9115545446316 -3.1213320697840441
vn 0.89268075610924724 -0.44558028979889602 -0.06767032595572714
v -15.754275814760081 -83.395079496811945 10.589427573540775
vn -0.50589205745289079 0.39905548290575743 0.76474044470587121
v -14.833433544712534 62.950001928386882 10.03718756047121
vn 0.74601939141328288 -0.27167935394965476 -0.60798470068978971
v -7.6293604558435106 -75.289816455971859 10.37660175406636
vn -0.4664559187741949 0.48550073244556213 -0.73939699393177438
v -7.4504898405618292 -75.77088837412299 10.369459151126128
vn 0.51476204193535302 -0.41953332048568026 -0.74767093910677396
v -18.4744310991343 -87.900035810714101 10.409251569928912
vn 0.80450550852835245 -0.39870079227166866 0.4402369418727608
v 6.7924528775369737 -53.06132271011748 10.147042807146782
vn -0.38235631202071846 -0.40796445652270102 -0.8290769885071303
v -29.52582751966019 29.963488046304377 -3.0918082521556505
vn -0.54033443128120839 -0.81938146080567653 -0.19144901164531652
v -10.301201767017538 -76.790549624757531 10.294090858086559
vn 0.071027049455652774 0.88301140505379194 -0.46394613565644938
v -27.985577486424894 28.549149478086669 -3.2408128064944881
vn -0.55558695096277411 -0.7107702734478365 -0.43142642281480142
v -12.961669229741032 51.564339172468955 9.9700006613904364
vn -0.26523064899160587 -0.52306975844657366 0.80996958624020865
v -13.404826024820082 55.221595148934611 10.311422472239512
vn 0.91747966683334659 0.28774275178014158 0.27465463721802141
v -8.363053476644069 -76.42886289877552 10.333748093896098
vn 0.077768974914264419 0.33714061366440334 -0.93823674686018033
v -12.945100660790985 -76.396919549672361 10.257669584823653
vn -0.32475937516724357 0.93713561711785298 0.12770349787739771
v -5.2194702045324206 -71.014907578087346 10.405245964119507
vn 0.88972719135335865 -0.42669626233688246 0.16222152962599667
v -22.978858203289519 26.379464431524568 -3.2251040091869081
vn 0.075419262350619659 0.11985947601984 -0.98992203777607546
v 40.170126042585082 142.41889796117019 -3.1914780370703504
vn -0.6455364015445072 0.55094320028018762 -0.52890863515922482
v -4.2996804757333962 -68.598607951835845 10.390500938040118
vn 0.80041818195284997 -0.34220732479882576 0.4921634696453257
v -5.7127731963217503 -70.596325358785819 10.397334881729478
vn -0.89922234595560246 0.42932615039790523 0.084132212134343035
v -17.492723797576616 -86.01602798167022 10.277214809359451
vn -0.84918528290610185 0.49989426801965159 -0.17026472358295575
v -26.349677707768642 28.45726625904798 -3.3300114211730572
vn 0.6293614664266115 0.5079252923159292 -0.58814627602589054
v 15.150059446037215 -17.728852133243841 9.9012056751786837
vn -0.65806119527823892 -0.6756726712001403 -0.33229791552497384
v -12.740821739037294 -77.043283867529325 10.057419190435066
vn 0.087155827275788217 -0.9111134480697719 -0.40283513565512641
v 5.9518583592490817 -48.969852021206798 9.3679680989489782
vn -0.71413908810394044 -0.6738817011450503 0.18944343668737965
v -6.9475570126378905 -72.176332679611249 10.274339866927077
vn -0.91003944913357293 0.35249352163463343 -0.21812042138753893
v -15.547832576844341 -81.150223195773847 10.293682090790719
vn -0.39018781116809825 0.26495940121575817 -0.88178794940917349
v -14.027939340411308 -78.358693893329814 10.287555719976481
vn -0.35987664096509181 0.18406362036722093 -0.91466353756176055
v -15.210840321423891 58.16772318407493 10.258201342226776
vn 0.47826860804843557 0.40546334972026454 0.77901130324856926
v -11.393091073482964 32.254779454914875 10.117141858867015
vn -0.18242076582623412 -0.78066318964684489 -0.59773543355382952
v -17.248224135317134 22.657387865700006 -3.2971810601177616
vn -0.151635695909246 -0.77171547912507465 0.61762596691272231
v -4.1105124130414055 23.214443333848706 -3.1056445214390926
vn 0.26961820263741965 0.064341244352847882 -0.96081539802487259
v 14.522166213528664 85.7777192459003 -3.4066917591807808
vn 0.6817340011181473 -0.23653831699034067 0.69230656238029331
v -9.9486623633202633 -77.068558303069835 10.193278864825448
vn 0.21654758437438701 -0.083758848792846702 -0.97267240063163851
v -15.385968535074056 57.584664592590684 10.388942650281884
vn -0.35780240373914834 -0.18575540343001282 0.91513516486639312
v 6.0681852471088291 -48.289024667859991 10.900988348722365
vn 0.32456482831369537 0.82092130582028799 0.46983601593749141
v -18.940491503129266 -87.688700406145642 10.34713581568853
vn -0.79979346947600938 0.53651786443459015 0.26921921797315007
v -6.7663200175009948 -74.02664965349895 10.18936993834593
vn 0.049331283719782709 -0.20020360401692119 -0.97851159491607154
v -18.616297477712919 -88.053764446153153 10.073862644577961
vn 0.68761464260392402 -0.46928807160052355 -0.55403502518355252
v 6.1581578358619238 -48.893817430657776 9.6633664052026429
vn -0.18944747697894868 -0.65111734418465905 0.73495296282702804
v -6.7862035383792332 -72.412845800297177 10.107395358405764
vn -0.35637449503724539 -0.11017439828353527 -0.9278247793898422
v 10.509645691900172 71.828628451591285 -3.2394092425192498
vn 0.69747577590967114 0.11434782526167747 -0.70742640385917666
v -18.171026350372493 -92.774608651976564 10.077043330680119
vn -0.80287496726039798 -0.10555059046083365 0.58672894917498686
v -13.965742970682296 53.898493612754308 10.281611722059692
vn -0.8849272541491584 -0.21284540593920612 0.41424701330800845
v 41.341465990454331 126.70383300151769 -3.3665590147917186
vn 0.91167135238443764 -0.17098032541063882 0.37365903383165039
v -15.152788564739723 57.052774093982066 10.295256644192463
vn -0.82094529037350261 -0.33489208683905319 0.46248904893645804
v -24.052466847887295 26.540808539011138 -3.2361759555588376
vn 0.043579287679545969 -0.40758487616377809 -0.91212686311055502
v -12.162584772410991 21.255130826590811 -3.3749921126980542
vn 0.16602459453216548 0.9861119231227774 -0.0043713940027916079
v -19.396535681286842 -89.903106625102936 10.298662641339217
vn -0.8998904450244618 -0.30123291608665126 0.31536632226604128
v -16.201497196117739 59.349266061913568 10.18794854373253
vn -0.52871881051586622 -0.25833030910603377 0.80853068637119063
v -18.718632493463417 -90.302666817261056 10.271062213750689
vn 0.84513375843893879 0.35448155462677494 0.40011468078072127
v -18.827720889886621 -90.404543817534517 9.9053701910275702
vn 0.51346058162520547 0.06842287335943166 -0.85538093357190559
v -16.772785399396582 -84.967467936009143 9.9817361193377181
vn 0.11364232714225742 0.10703947828432583 -0.98773881748684533
v -4.9657685759547974 -69.893389077323036 10.050883877722832
vn 0.316800397752173 -0.23671976605111114 -0.9184776863619345
v 9.5944055670168282 67.38312971523834 -3.2749221748403445
vn 0.27810653801481017 -0.16355909232466176 -0.94652267634291243
v 9.1120892256440058 67.551173268007375 -3.0503467862557168
vn -0.90845820136057409 0.2338799815440212 -0.34641571935130022
v -12.63950206425546 53.015908126881094 9.7911536769737175
vn 0.89156715330101133 0.37333621518966037 -0.25637488485144294
v 6.6765710465796531 -52.492981156826261 10.599759831119201
vn -0.21022339378462124 0.22770235506396833 0.95076693369300469
v -3.4457586377227187 -65.165087119281196 9.971676255452266
vn -0.14429520554624528 0.26908960544166782 0.95224454731944475
v -12.860069429843941 -76.671594542557727 9.9570661768853697
vn -0.14468500813714302 0.30812490863759223 -0.94027936758041775
v -3.5757785425884805 -66.528986361200339 10.201532804321827
vn 0.63057531518869814 -0.069744966057011318 0.77298797635175431
v -10.52777554580916 33.324585035657663 9.5439841423021505
vn 0.7801969263055748 0.44263326170240791 0.44200514908541633
v -15.509136030727548 62.001104593139189 9.9639872588105511
vn 0.8850488865058328 -0.45760786453101876 0.085343487239191926
v -5.4004158677226712 -70.732801608000273 10.01143079743958
vn 0.047856666114008004 0.0054508114846604835 -0.99883934051608669
v 6.3947385986294165 -52.088609593388298 10.303681356282482
vn -0.96641648568937388 -0.11943435457751618 0.22754035056326266
v -4.8966698851456627 10.977357789265206 -3.5863083623147016
vn 0.82253462432137103 0.19911129260803306 -0.5327208320954413
v -3.9373486156076325 -67.73082732153577 9.8818679018021029
vn 0.49609843548990473 -0.43064210860444385 -0.75394543343745202
v -17.953607123138788 -95.360926291568546 9.8990943838440142
vn -0.50940513222302086 -0.593027037404803 0.62355861326079787
v -18.882363717162491 -87.860383780782513 9.9443903133799623
vn -0.36419291393246012 0.18558729776464869 -0.91264498922078086
v -16.6426024383818 -96.358913273370263 9.8763478211369033
vn 0.27836643866664867 0.093692273113373525 0.95589428483640182
v -2.9795429103065247 -64.644138048837476 9.7096413922759162
vn 0.83952134653967092 0.1339730171734328 0.52655022492983949
v -13.906232714629059 53.876039089383703 9.8352532680642941
vn -0.72283546280607236 -0.25195857881815442 -0.6434483415705311
v -17.680839974622934 -94.951669148130918 9.9075343240754581
vn 0.54480348554099978 0.3423646403787825 0.76549044093357854
v -18.893231837181361 -91.170123214107662 9.8810385253813138
vn -0.66653648270765153 -0.32181738520713987 -0.67243043342650088
v -13.478312079872168 52.873302218135322 9.7592290746194408
vn -0.77775839107260214 -0.46352887210641691 -0.42453841974538686
v 39.504894743155191 139.75491041728051 -3.1013949531257943
vn 0.7290050059419616 -0.4097124602892151 0.54834970702583474
v -15.610059331505193 59.837316504872696 9.8961069042239576
vn 0.98942529345822083 0.12157695144764231 -0.079098884580069459
v -16.397684408535468 59.652060013950589 9.7920349982858337
vn -0.9740167289682472 -0.11799609105593191 -0.19330890870706449
v -3.9987142732408643 -66.73584821722784 9.6919629569548675
vn -0.51771567120190376 0.053437222010668931 -0.85388227941311945
v -18.156573988850354 -92.80893274730775 9.761309708880276
vn -0.85373965590639278 -0.24969064889911199 -0.45692798096108589
v -3.1057043055755056 -65.196252393121185 9.4702000012323175
vn 0.91068441605845729 -0.28898211625678416 -0.2952003232247839
v -16.257904377722753 -96.488526980619099 9.8020523046495782
vn 0.69288538372752162 0.45501395825851521 0.55934974998357079
v -15.753404441847394 58.317570393587246 9.5615041471534443
vn -0.33671257986059128 -0.22486668112774522 -0.91436295544068158
v -16.216517581175189 62.288601070681551 9.7403402175892335
vn -0.83578956905059676 0.34037416612358923 -0.43081460432753305
v -14.865558098218628 56.762369974763416 9.8347933542283315
vn -0.4849144105132962 -0.45071897274007144 -0.74947342987505394
v -13.62813556308555 55.40521041617464 9.8842458844894061
vn 0.4105796927180001 0.0049975300594417736 -0.91181102242783707
v -15.685811076553762 58.963805434191769 9.5701163226991319
vn 0.6843972317123852 0.33581787174786576 -0.64716828278211969
v 6.7587205330064766 -50.073833854823761 9.5732782272035664
vn 0.7740230917733627 -0.41978440291309621 -0.47399294137413045
v -4.0950502780476619 -66.664514102137659 10.114965553501237
vn -0.91977972166677047 0.28360203502602216 0.27124739508370804
v -34.982450271255118 33.470849246819228 -3.0989417532670123
vn 0.62601442477083613 0.74321796858889178 0.2360783580624029
v -11.686209327801166 32.559716892025492 10.217864385662516
vn -0.86060335825284273 0.00055610687211976411 -0.50927551532454018
v -15.719351601908127 57.726359368157389 9.9230273854228965
vn -0.86829240970602251 -0.4807084584583895 -0.12242413656410769
v -16.435126064748999 -97.052744753851528 9.5246067282802116
vn -0.67439623776533597 -0.73499229606694538 -0.070541046279452624
v -17.871461848886547 -92.658615098910076 9.6194174803900019
vn 0.19830738182334315 0.11267566763550617 -0.97364181105643965
v 10.979315819927784 79.308557713372778 -3.1820477349974352
vn -0.80025695073055714 0.54380843971165616 0.25270772387444895
v -10.307434583409972 33.082393020387343 9.0302695882705279
vn 0.90871745869231857 -0.40894849552920864 0.083628393935141612
v -12.521318589156351 51.684530417486194 9.8241885368169264
vn 0.84374743557794984 -0.26719046838878802 0.46550995537991813
v -15.625384798263092 62.164507917990164 9.6643725628631962
vn 0.6978818837543882 -0.081888394428840189 -0.71151610465631299
v 6.4128505164713356 -48.531395232810944 9.0586367456758978
vn 0.73009645620414465 0.55445542601757969 -0.39942251463558465
v -13.714012881999793 50.889561195145461 9.4509040592965903
vn -0.52285827097364401 -0.21961545580977074 0.8236432966059507
v -3.1414871572913068 -63.652650047849257 9.4104574119819802
vn 0.32776016689606796 0.21584729111080064 0.91977346119378267
v -13.298081728576221 51.983728491144547 9.6774444107078139
vn -0.94939099490450107 0.26301970703524119 0.17168975655331786
v -15.950465573816738 62.309003693376518 9.545890129205393
vn -0.11216092504373194 0.35117807469181361 -0.92956650474782332
v 16.266339762290308 -17.399905792605544 8.7500562261172128
vn 0.28713373481503218 -0.78843248006820943 -0.54399305391214614
v -3.8402217717264833 -65.699513606495287 9.5409064639103605
vn -0.62124064459123651 0.070430385212419122 -0.7804483470074719
v 6.4023965384698656 -48.711090911279179 9.6059195071779566
vn 0.68275300714521792 -0.13718227222578097 0.71765545731996883
v -16.080303554838341 60.085367026917282 9.4142731671170488
vn -0.23850686265622065 0.038913415745099253 -0.9703608723258248
v 11.659769126172804 80.022248751643204 -2.956870955306222
vn -0.67853129334925688 0.32252897844405648 0.65997753144301674
v -13.348433590545662 53.672324134876924 9.6813207682466746
vn 0.11352144384764959 0.20346696277046258 -0.97247831690362541
v -3.3584751444510932 -64.737851944071025 9.2059195033650241
vn -0.37711039636456706 -0.23887310478662249 -0.89483372129315641
v -3.5406880107012126 -64.579399350171002 9.6031076311922909
vn -0.7411546636986418 0.30806328516596354 0.59647864740534307
v 12.743675391313175 80.965094754462456 -3.1459291845137045
vn 0.94605382238966296 -0.07087447559602307 0.31616289132486236
v -16.681455565206079 -96.262264084660728 9.3353677582232422
vn -0.22755593360743334 0.60739811726446524 -0.76110828679211751
v -15.966111030085841 -96.642643888368497 9.4609139897364756
vn 0.75629359074616098 0.59233629299507928 -0.27777278591886234
v -15.259348890660505 -100.17835227234652 9.2401400827453735
vn -0.61173148225326579 -0.55544277730179792 0.5632654034853265
v -13.115938310655372 51.971938863402649 9.3155260512448343
vn -0.30878966397969398 0.20138192784981712 -0.92956670688810628
v -15.126477704014974 -99.854274844621614 9.3240121752222223
vn 0.23261760406380774 0.20442302631487058 0.95084187780717944
v -15.701510886054887 -98.096573230507659 9.3597433704819881
vn -0.814997137800759 -0.57368683402013843 -0.081627702702701199
v -10.873991745475447 33.553726431572677 9.5166376414042944
vn -0.11327642180212187 0.89603152937768993 0.42929704241327588
v -2.9878536265022722 -63.571496950793303 9.0344548239443654
vn 0.99501379435385429 0.025936441143759269 -0.096306023001378901
v -3.6082644430655679 -63.812542841542587 9.2073828812429728
vn -0.99336895120223445 -0.030306852654043464 0.11090365850403237
v 16.727528579199699 -17.271279849424083 9.4074718859794544
vn 0.97756515339905037 -0.19105593411986965 0.088679202169815327
v -13.184510940616235 51.061129315781898 8.8415148345387706
vn 0.62814665600223163 0.13053913474654041 -0.76706669387533599
v 10.607582748812602 75.408066737096988 -3.1580444729141011
vn 0.94598570965409023 -0.21284944223995983 -0.24455296372848426
v 15.822024947415965 -17.45917493915174 9.1323758354096665
vn -0.72224770112563863 -0.68480155408107513 0.096979841961483793
v -12.560795300214409 51.781153506107891 9.2751995673743792
vn 0.67950851005426482 -0.018085320648891318 -0.73344468499053128
v -13.238296221532419 50.642754582742349 9.0026257244226233
vn 0.81605506655881199 -0.57458619272032541 -0.062488682806199243
v -14.20278904831099 50.444463937404066 8.8922331958954999
vn -0.65567220879657895 0.18414083488974684 0.73224729944051159
v -13.320299101498676 -101.96414866790826 9.1086852132866625
vn -0.54419105857740935 -0.17231729417349312 0.82107419999237841
v -15.18825570178155 -97.880291757389315 9.3164952855672318
vn 0.96568969385651249 0.20586163286571155 -0.15831741310790332
v -15.501600399316821 -97.806161476363087 9.1131850164042589
vn -0.17374795908824667 0.34574273944824591 -0.92210281684391981
v -28.925980683447282 30.797025565118133 -3.0673401614143705
vn 0.51854420741241403 0.84754207257539671 -0.11306785650056572
v 6.2234554999473524 -49.191455248074078 9.1370717992536648
vn -0.056715216272283493 -0.77529556573578629 -0.629047033212633
v -10.952967402015446 33.595928501259593 8.7297775602219758
vn -0.8846370149564019 0.052282104429880009 0.46333997596301774
v -3.0185511601427781 -62.041086995697292 9.2290366611972434
vn -0.49610267839972838 -0.031512804549827765 0.86769180913157173
v 10.582076207953433 71.792466887952742 -2.9747142462127441
vn 0.98958463677387798 -0.00078889259116308693 0.1439500757540321
v -20.621966882554283 23.970828840303604 -3.4015152396855903
vn -0.60581237825198442 -0.25474110890631052 -0.75372297947578715
v -11.109054732837205 -107.32907107048361 8.957036290094857
vn 0.57643866757455042 0.037597753101553409 0.81627499746506493
v -12.871510731050464 -101.91752069530681 8.9387679930161319
vn 0.83302451722298987 0.38584811868773466 0.39647368514258358
v -3.517832423129843 -63.806726334295099 8.9220776264282655
vn -0.62081640212492573 -0.13534886952135769 -0.77218370765767441
v -12.178664255062955 -104.30249471307076 8.918616468631976
vn 0.8875104987885688 0.10273929790076439 0.44918787963047696
v -10.701984041832333 32.792718500337912 9.1463960751955309
vn 0.19294957218676059 -0.92303360034489912 -0.33283544767238865
v 15.726873799111921 -16.91757118138316 9.180040100871464
vn -0.95168593577637672 0.24052680652086167 0.1908945651146681
v -11.433086169818587 -106.0220881283974 8.8248703864218232
vn 0.86746395355151096 0.30115648486624713 0.39599376372840467
v -14.929262808188255 -100.04226313575772 8.8580289554045475
vn 0.55083530476887999 0.053116471537030571 -0.83292202964721174
v -3.4985556056055529 -59.464322411598488 8.6873667794341678
vn -0.50461433886082507 0.14986165295367232 0.85023870412375691
v 5.776116312875696 -48.611007609057459 9.2583699799633443
vn -0.83895412026746019 0.19834644799419107 0.50676885327961863
v -11.201972191024417 32.932814297329088 9.2055452643809872
vn -0.81710564274939834 -0.49142543838833558 -0.30139576488717429
v -2.6531227560723272 -61.234577395709067 8.5830478399667722
vn 0.8182014881038091 -0.046583677897553299 -0.5730412601359951
v -12.324978901932379 -103.33846211161742 8.6177819970110345
vn 0.90121454673128865 0.30047033953494523 -0.31229779989566453
v -12.648282899680339 -104.3164467938314 8.7853162372315357
vn -0.9289158224102213 -0.24324430730864741 0.27919097735757598
v -13.83804936885457 -101.6121716814954 8.8563341178166723
vn -0.81668962779635512 -0.51418111730093852 -0.2619844088128328
v 15.979524451805343 -16.577110243233715 8.725094465478012
vn 0.11950551551732191 0.98841794505535163 -0.09353286937486309
v -3.0240657742620805 -59.46934232280524 8.5368369174486141
vn 0.87979553324556126 0.20694274778653374 0.42794219097877895
v 12.826364069955957 82.968255439257973 -3.2594813821399722
vn -0.91591428115650042 0.33619141243969397 0.2192632294192868
v -25.582216603488703 27.58269147025219 -3.0200392931736046
vn 0.8741174533476741 0.34318160465029213 -0.34372236468206013
v -11.467237460816229 -107.37057240485674 8.917338713708963
vn -0.77748552743094457 -0.31944728764037877 0.54172842370936303
v -12.197487732241818 -109.66488347961685 8.5534194652300251
vn -0.99202284292940246 0.12510209489887109 0.015496611183735236
v -13.789975675213896 50.015950744902078 8.8511275649013044
vn 0.40823787156598829 -0.61874598131516134 0.67118942991201036
v 8.4656190152427317 65.597064897355224 -3.2371072329306982
vn -0.18417635318133932 -0.075629792502263024 -0.97997918621513957
v -11.309698615966738 45.742053887809561 8.6245924256353774
vn -0.18670997830401145 0.13294193619768316 0.97337856232902864
v 13.501983156659804 84.095964832501608 -3.157928155297153
vn 0.387658301199439 -0.0044973189574730281 0.92179217594496865
v -13.932556209838799 49.332550431557806 8.084655940167492
vn 0.90718759579969344 -0.26537674307378112 -0.32647488458183765
v -3.2266337130815121 -61.130867549870118 8.8812312202837447
vn -0.89066411166261517 -0.009448121019248806 0.45456371743183638
v 5.9971773913673943 -48.3673545869799 9.1112494676476707
vn -0.044061166027177606 0.99569376974853696 0.081563046364594438
v -11.748790116099705 -110.78906122725733 8.618935625276162
vn 0.69160801987144571 -0.38495774112008085 0.61113491505658779
v -11.01965159167111 -107.35133514583012 8.6396065700744984
vn 0.85064768068737739 -0.053824960979887385 -0.52297361015322674
v 40.74832022340027 133.2773386669225 -3.2358582379289551
vn 0.60754840762261786 0.47184778702556757 0.63894021494526076
v -12.876123868867225 -103.02030412006258 8.6213603334557121
vn -0.89528128475437552 -0.34913473960420721 -0.27672432992069407
v -13.996035878158544 49.251656642218528 8.467742358543056
vn 0.42470592604309099 -0.14337160921183698 0.89390685088318267
v 0.053934748976843139 -55.510942507461664 8.507555799540631
vn 0.54120170311807236 -0.21376017316640969 0.81326951554202764
v -24.191330308239408 26.98810767119619 -3.1992997760308324
vn -0.02354812909402627 0.47125885052477712 -0.88168054385828243
v -6.3235929009422343 24.615787969467092 -2.9801424458141348
vn -0.54028519547945775 -0.089889043685616302 0.8366671186146909
v -9.3586199026160415 43.199175394964719 8.5320523526525776
vn 0.29269504548700837 0.049556623045851324 0.95492080899918053
v -14.312033575136763 50.369541954149966 8.3436156053368506
vn -0.7313481633776151 0.56505089189933377 -0.3818996641631891
v -1.848072734992229 -57.597759517975192 8.5046226498539426
vn 0.011040896598641943 -0.20510297187694548 0.97867812355725159
v -12.442135703223471 -118.2483012348942 -3.2889592777699193
vn 0.4766225037865599 -0.49103500241473802 -0.72918832635183417
v -13.765170945534791 48.217021465396542 8.4792183621066215
vn 0.13780741750921516 0.19086957788541423 0.97189398594563015
v -12.883492040145043 -118.77681410022129 -3.1369858966786524
vn 0.34174904394590117 -0.64812190834467198 0.68054800189679732
v 39.034666204965774 140.16960169103496 -3.1542895070250854
vn -0.9068306486783686 0.31985060081538935 0.27450640753105116
v -13.720998369028081 47.629634375379169 8.4290769422566232
vn -0.18274217702441015 -0.33012322802327393 0.92607988373351069
v -3.140541655766345 -63.584991905696128 8.8300907163651381
vn -0.1057201509243801 -0.26211098476133821 -0.95922942060591943
v -27.67684530402412 29.491457644841638 -3.065025632427623
vn 0.58550761289368891 0.81019469642890873 0.02766566684543571
v 0.71402909429718875 -53.298811264425012 8.3743216816454549
vn -0.5253190358654134 0.47094169800174213 0.7086986860723451
v -9.1510927334401817 42.048941687658115 8.3267733344168935
vn -0.43026495869039849 -0.33164280030145366 0.83957436736203417
v -3.1794748923629177 -61.169069852304055 8.5566359454714291
vn -0.26976829360843108 -0.14322084975410485 -0.95221471106011979
v -13.118533526980713 -112.62475797718031 7.8569366042964077
vn -0.91003557438110094 0.36635831310537736 -0.19395061170164349
v 41.129055747163676 129.22564897327584 -3.0861757312151532
vn -0.91934594336912656 0.16747915986738562 0.35602495336822326
v -11.987656381641671 -110.57102898746768 8.2633277512344279
vn 0.11588691421905037 0.085606343653767292 -0.98956645913198749
v 2.2998445654960307 -52.12945679626057 8.3329748257168497
vn 0.45142149198411213 -0.30570184963924601 0.83831081091799242
v -14.384632998338002 48.111806221180217 8.1275279781736458
vn -0.89210138783368342 -0.44951776531012494 0.045704403461892237
v 3.7527168663882549 -46.686168604757597 7.889209438320222
vn 0.27302375581452315 0.79381558363242533 0.54342878829083363
v -34.28117796447922 32.138262003443586 -3.0674021414067076
vn -0.054146120905544597 -0.8932148477238554 0.44635796553498636
v 41.521590223707193 131.96103398142401 -2.952816010615031
vn 0.64138826327261056 0.44619265143324649 0.62412595967730244
v -1.5767842028192831 -56.73873792923203 8.2854116215973832
vn -0.55152265192326011 0.80402614365225233 0.22218173808668912
v 11.108726837350646 78.137723418201887 -3.1258660978081378
vn 0.84382188107483069 -0.31515415716563949 0.43432993247132951
v -13.261064629602538 21.248683421224658 -3.0083339564833746
vn 0.31336217982576448 0.84747656017779494 0.428471264152052
v -21.756283977844596 24.51064715455405 -3.0151779546510911
vn -0.60893879587710165 -0.6525544191497803 -0.45096149827212334
v -13.630853141155214 48.569543814433885 8.1881061268077033
vn 0.74225059232842672 0.64258699554949561 0.19012104391353513
v -15.732852348361728 22.971206434567122 -3.0610502599975002
vn 0.24731232112461615 0.42147272766009991 0.87246624900835557
v -0.21603592178765141 -55.476432324026298 8.5418635605425113
vn -0.29047894916756684 0.20707869424046693 0.93420575596715816
v -11.707132948359927 -110.68718837897019 8.3370451622683319
vn 0.84367489224095416 0.033202263124570058 -0.53582673125332336
v -31.544775263748203 32.444025655628195 -3.0806870119293563
vn -0.7661652876506313 -0.61511074849152925 0.1860900832645741
v -2.779409746270403 -58.672932813420019 8.1322655084575786
vn 0.93688204372677841 -0.34883977480831313 -0.02372441050943825
v -12.376266759917115 47.110147105640792 8.2226728516780376
vn 0.74225059232842672 0.64258699554949561 0.19012104391353513
v 14.956368196610422 -17.892913949807294 8.2733280014743702
vn 0.15669014868039385 -0.98757477819230144 0.012010611347581863
v -11.443493868817075 19.77908545444577 -3.3718313478093322
vn -0.33801727630336603 -0.89704453751131064 0.2847023333967828
v -9.0312141281454039 43.241679082012155 8.1429040146169207
vn 0.92930631446758916 0.35525287261947563 0.10092160515111225
v -10.396658415172276 45.36908621129357 8.3224968334585796
vn 0.67197347088464832 0.68534611947507862 0.28062849275811247
v -25.242261328798051 26.299866804003294 -3.2758049417812165
vn -0.029358990279954391 -0.46615716253533168 -0.88421465126220911
v 9.9932257763003598 73.380726372429066 -3.0705137910550944
vn 0.98873681833036753 0.104111667805938 -0.10751867142319053
v 4.5959996540656398 -48.117934836045663 8.5092118322319248
vn -0.6879936643234974 -0.57009163715577726 0.4490659674210154
v -13.826386717113678 50.295981270981002 8.079933308887064
vn 0.33542892341052255 0.3524628724998406 -0.87364601575742284
v 2.6390097883101689 -50.993319574324715 8.2110320892237212
vn 0.056076765977402625 0.3127025297686975 0.94819434937874014
v -10.041127474075116 43.345359102734214 8.1892091825776259
vn -0.83110876966381453 -0.39705046191394811 0.38937018848625377
v -10.984896351306304 44.915490954527996 8.4636446478659426
vn -0.56492196979160281 -0.45936784950906717 0.68545192893753726
v 3.7872583115185421 -46.768148926496679 7.4310568142383318
vn 0.66286942783557812 0.46956014183425887 -0.58319584604275432
v -9.4952484374832338 42.01678099984953 7.9697660329021005
vn -0.97884070244032806 0.0015268147660382296 0.20461805414673248
v 2.5607142047499565 -51.978853676680544 7.956065691771153
vn 0.87236150700735793 -0.47544738243643814 -0.11373296631228255
v -35.39472706389509 32.71518747338709 -2.9994070561432267
vn -0.41609283332643276 -0.78019350793369691 0.46708119661627762
v 14.20007988634449 -17.439667918798808 8.4833614590073996
vn -0.4933811449589674 0.25452279274023037 0.83174106173417472
v 15.089036500544241 -17.677558543195381 7.9644990017562716
vn 0.47390262914104081 -0.51670950059904153 -0.71304108583159376
v 3.0194611886248399 -50.733688160471715 7.8914339509104083
vn 0.9737711441268424 -4.3019898520121461e-05 0.22752968381112088
v 14.641067843611221 -17.122109465143645 7.9535209548780248
vn 0.22952140569958188 0.85937790048961071 -0.4569349499390003
v 0.99448576080597206 -53.879704437297228 8.1554009284876869
vn 0.77728155857419123 -0.61337243598041613 0.14002725977439728
v -14.557373684437891 49.345166155318218 7.7693372919634029
vn -0.34201420364462859 0.07692117912026962 -0.93654119861759311
v -9.9968974560082486 44.867939507918891 8.0715410321501295
vn 0.80690781198461015 0.52446763166362431 -0.27172317953269637
v -9.5292341340135103 39.682974404248284 7.836550111153298
vn 0.46890475856503405 0.030208985823246097 0.88273197776595713
v -13.412471779816258 48.008926360544933 7.8080631615947613
vn 0.69826991926409587 0.46341509256104285 -0.5455873640743093
v 40.818711615800275 128.03490038177421 -3.2220434435881735
vn -0.88328959398906426 0.15833802661568788 0.44128059381541335
v -12.50099896751675 -112.53530150693251 8.0467584944053527
vn 0.97078714552926682 -0.13511796322213732 0.198281249970438
v -16.133697567148381 22.7554543495343 -3.0545590498895816
vn -0.37420475572482326 -0.16456096206405146 0.91262834196483245
v -0.75625790849230157 -56.712543261733373 7.9451376634010487
vn 0.35624239787496886 -0.40307960011247446 -0.84298172573873764
v -45.453999538639152 38.271566401315255 -3.0474380871146067
vn -0.015408175597228286 0.43050797857456613 -0.90245524460130755
v -1.5718363486693079 -57.14507614893671 7.8397805671615082
vn -0.27331142962946797 0.20138132766836148 -0.94060960196057131
v 0.49406660139270286 -53.580411062100396 7.9329882887510319
vn -0.76152469304106962 0.39640562603035556 -0.51277940826459334
v -10.93753423681988 44.727005034256308 8.0765790020649604
vn -0.61103347132696506 -0.71790025083996944 -0.33355258470296389
v 2.5613953331481332 -49.039053652951864 7.5952284847172127
vn -0.56447797724804827 0.16936406815657884 0.80788639400562101
v -26.35910028478002 27.039059005027223 -3.2441713083501509
vn -0.55335790343911051 -0.51470401126086429 -0.65488534224965533
v -9.9220750446980066 39.885042490986308 7.8978054822990211
vn -0.49094878676620901 -0.043315424696154126 0.87011094853253024
v -21.45930965045153 25.151866277847077 -3.2579712848511702
vn 0.029939231314941014 0.32783102834721317 -0.94426185948659358
v 3.1198788406468907 -46.844707681189931 7.7984523651501263
vn -0.46248116161703506 -0.31895792860395422 0.82727082320726908
v -3.1071739219174646 -58.853345035382972 7.8672380638080774
vn 0.19652019103876886 -0.53516759621330112 -0.82156890062694243
v -2.5158677509245599 -57.542253487235804 7.9999205097942818
vn -0.62028814148414491 0.65985089491545834 -0.42407477879899225
v 41.985408289312289 144.2692616304231 -3.0217959320346566
vn 0.5022400504743364 0.03633985855162606 -0.86396432008502755
v 40.557853402796525 133.11936105698896 -3.1491290972105332
vn -0.19131008368439784 0.030464773671985693 0.98105675138892123
v -0.30853784217202929 -55.560873906681252 7.9162531288529276
vn -0.29376899123603928 0.21582155192294902 -0.93119323317651415
v -13.03620122259251 -113.43371054630194 7.5201511193371147
vn -0.24213205386744779 -0.24442800167589673 -0.93894995632709799
v -38.602222839986695 36.033246096453155 -3.0489813823180967
vn -0.22791724557280649 -0.15691048409772548 -0.96095412437364691
v -10.878112490156838 45.164588722362311 7.8035513286154092
vn -0.21965545070266476 -0.11154532837912595 -0.96917961322625978
v -10.362830729048937 19.330283272468279 -3.2209588423992841
vn -0.23962693433077303 -0.59113729272549498 0.77015299356193356
v -10.373990052054523 45.115639990065461 7.905607806109173
vn 0.21807167231211289 0.41910642541064341 -0.88135948960370958
v -8.6353392190536944 37.20796611466865 7.886531993577222
vn 0.15894171802395102 -0.11208116697895214 0.98090536866724876
v -9.8166990245978294 38.738835821443118 7.648282396428125
vn -0.88940654334882363 -0.32342315631808288 0.32303786559093334
v -9.8009953128646004 43.469227240325573 7.7821834975862005
vn -0.34399579357957732 -0.13045021429947118 -0.92986538573536481
v -13.257733208188142 47.050080041826163 7.7709104669132536
vn -0.4856262010022579 -0.49370463731121905 -0.72140344052236971
v 13.003985496657734 -16.762669401700673 7.7446418612186534
vn 0.05162895450384291 0.67550278832306021 0.7355477102300102
v 1.2274297506293692 -52.923717608781885 7.7721297759362002
vn -0.58766852783354928 0.30880436615744966 -0.74785397293592326
v -9.1778282805250573 37.661662955941836 7.7631094238931331
vn -0.68069280488416262 -0.32405711162000078 0.65699641839772127
v -40.171184712903141 36.872616117699366 -3.0094730459042864
vn 0.19285090490231785 0.51191900128428636 -0.83710660289025074
v -12.806689174612385 -113.84253970694434 7.8796030409871474
vn 0.81136341511585175 -0.37068025879420269 0.45197959506133095
v -8.3161467172903762 37.469116765380541 7.6343094268588807
vn 0.9389635039429125 0.23122784910752628 0.25471792253462494
v -9.3308139142375204 39.660269377698121 7.607163711433313
vn 0.96245790861083647 -0.0183449811266665 0.27081033181900022
v -43.678199487562779 37.840947326543279 -3.1211864047849365
vn 0.080797798644607538 -0.091181971431011533 -0.99255103839557779
v -10.319089712083823 34.007201730260086 6.9057989944655045
vn -0.65342685115246424 0.72167131030527198 0.22852542544593871
v -38.527808614475511 36.372425327369022 -2.9797323748467903
vn 0.19271586140751268 0.65741926546103513 -0.72846448517593054
v 12.457643878026275 -17.107557046318611 7.5866574512525773
vn -0.64327215084807554 -0.28540094831519314 0.71045565564930169
v -10.629414012712903 33.408834479831746 7.2911671419184643
vn -0.84870222191884848 -0.51412504498053158 -0.12401603377699288
v 39.107289705255582 138.41786623094907 -3.1133292644190962
vn -0.21283664420791992 -0.15383192835881646 0.96490222338831788
v -13.995519727991322 -115.21030704520807 7.3424042325603125
vn -0.67578297231426343 0.011491940938046353 0.73701106479046563
v -13.010206351349325 -113.26867241389368 8.0495028223800773
vn -0.28256943269030343 0.20792873202899906 0.93644015190822127
v -13.245808593835108 -114.55966989744093 7.25685294411727
vn 0.95337147717318016 -0.038579680705689193 -0.29932329469868424
v -9.3683798764684898 41.977031181476228 7.6103049320346132
vn -0.68574115452115214 -0.02167180340486231 -0.72752278447700736
v -8.6358736308791944 35.911989943949123 7.8548000714673609
vn 0.12746043389042311 -0.0033423331164652804 0.99183802437787372
v 2.8755551135371635 -48.840626312663964 7.5324606025055676
vn 0.54469414684443218 0.11352456518404945 0.83091543462207307
v 13.941214537168335 -17.83857465401708 7.5441431227421116
vn 0.12360195061776355 -0.79264970410121882 -0.59701675386184438
v 2.3135458146114249 -51.120653544590553 7.791882572033531
vn -0.96827473081477755 -0.074085514959218918 -0.23865326760553199
v 3.9243257911898581 -47.380010577325265 7.5134466261279158
vn 0.26152511435893516 -0.4822366797548619 -0.83609353499387418
v -6.3282495064062019 12.921314249729978 -2.9935089994717616
vn -0.55147305933167479 -0.041909245484695254 0.83313929206001724
v -10.051856216699946 33.982709520560469 7.2420020060759258
vn -0.038958669324584638 0.61602662403155195 0.78676134918331275
v -4.850964844450588 -2.0799338740320126 -2.8140984632066059
vn -0.81461647351751953 -0.34074014117633677 -0.46935717451106518
v -8.4401101205016111 35.587731695160585 7.6897430645760227
vn 0.60853505287315768 -0.39507007468670935 0.68818945466470294
v 13.233992348502696 -16.734596066614486 7.2176159918961087
vn 0.55922524146383623 0.78438399608501785 -0.26834469623119583
v 4.2040672519914413 1.9507297537627311 -3.7197073007279271
vn 0.69651286059172202 0.33345743781868742 -0.63535499698493947
v -10.132675570613092 40.005670936347677 7.3504905958020768
vn -0.92803604189120315 0.13961594409621117 -0.34533533428398622
v -12.30185986163786 -117.8100313717722 -2.9312600179009869
vn 0.97913472264146406 -0.19144181534475982 -0.068155896702529709
v -9.3988348951706318 39.751244604738361 7.2344501329654314
vn 0.84280666357311318 0.17332188284573724 -0.50954533926194023
v -13.389219049976525 -114.56313454811583 7.6993402181115229
vn 0.35954933608849937 -0.35203384092057172 0.86417385390037627
v 2.9579083941072213 -46.916133636231692 7.2622356715368834
vn 0.21417298154560482 -0.77077180574774906 0.60003396357224648
v -8.6505827726275051 37.97726977458494 7.1635800774001668
vn 0.66043300437480179 0.27163798255171262 -0.70002932307704702
v -9.7886273764215836 33.736973092321193 7.248713161643078
vn 0.54736155864821501 0.090916038933968865 0.83194326608174063
v 11.871672115165779 -16.303830636072 7.1993797616043338
vn -0.57812273579672069 0.11818500564591551 0.80734528350352663
v 8.821751960196913 65.531613960332123 -3.0782232912606577
vn 0.71785960339475785 -0.34011756611804944 -0.60745175201974289
v 9.8673391646023827 67.316777388182075 -2.8607277580848303
vn 0.96367301172010633 -0.25424542219922108 0.081814373877942256
v -9.3969564698881083 37.928721246509738 7.1699440053127956
vn -0.41722538977914403 -0.20838999653365048 -0.88458836950773112
v -9.711617506072912 39.722929131650417 7.0507663285790203
vn 0.10425346471474167 -0.047702014759875941 -0.99340612685991658
v -8.2142399271852131 35.713514312207622 7.2991837915756506
vn 0.97084496584320057 -0.070693334981944592 -0.2290469486503699
v 3.2026249067690258 -47.942552687528291 7.1953547935285016
vn 0.84161009790594055 0.21607437273710567 0.4949790991032042
v 2.750911086244308 -45.995841524911363 7.167568639519466
vn 0.49606932587635927 0.68583223133070059 0.53249354399140558
v -8.9480937172190451 35.825627609091043 7.714620505914553
vn -0.79035987748747627 0.11191848331034647 0.60233339368782579
v -9.1250609153219528 36.718292529815507 7.3268525880248907
vn -0.48185464756880447 0.16091488740452978 -0.86134923093245441
v 2.258996833998943 -46.351575643254918 7.0754731675141906
vn -0.9083254178510739 0.13090852282355392 0.39725041716507625
v 2.7424662319998712 -49.062656994914107 6.9294235680625222
vn 0.085938484367986123 -0.27975488287720496 -0.95621743469301723
v 12.750361602068359 -17.53733886059495 7.177714437800601
vn -0.30919733030277846 -0.91639878432204491 -0.25418552088329616
v 3.0255688074305893 -48.88483627278017 7.1557402383681996
vn 0.97739528563944478 -0.080210670394226927 -0.19561365996447422
v 2.4322350224063793 -46.788250660680752 6.981664335357495
vn -0.79696793419734147 -0.36865959401852394 0.4784686150619693
v -5.3803265888709149 24.473329749854869 -2.7807947022442931
vn 0.20448299505484657 0.67828606932187596 0.70577242287955611
v 11.945306440450137 -16.891053109334955 6.9583734195950759
vn -0.26840436424295799 -0.96045014372601023 0.074125695086251803
v 2.4485457136311624 -47.851446178827487 7.1710501950908085
vn -0.95635933710201937 -0.15713175515216798 0.24634615860732487
v -32.334771726731667 32.826442804877729 -3.0694849697469992
vn -0.01035912965894656 -0.8573853608513875 0.51457072539199611
v 2.4044528477269451 -48.864576687108972 7.0008535887175327
vn -0.80190966056626645 -0.053759701988391619 -0.59502167248984683
v -13.364974786762389 -115.51681846552015 7.0214165793153995
vn 0.99689301630062443 -0.076142110847577896 0.020166631020534887
v -13.551814070256587 -115.50776563238975 7.1352569863983248
vn -0.054617781609543961 -0.80134338207824007 0.59570603650748744
v -14.113581415228929 21.61490948882663 -3.0492822288459531
vn 0.5152622139532238 0.65278420607744758 0.55531759486608956
v -34.220829133018867 33.00325028792286 -3.0157986379079764
vn 0.21656569899323869 0.86642345152323375 0.44989965622362593
v 10.825605005267533 -16.435319778151268 6.5211028579061665
vn -0.36988741389726515 -0.54211233256290747 0.75451807130352877
v 3.0757656934163622 -47.134031193296323 6.6578130255727732
vn 0.68899998445778143 0.0043038255452756058 -0.72474857606127985
v 12.206829769756652 -15.992094923199055 6.3514136587595091
vn 0.59590369961860157 0.52070421282950463 -0.61136396976144214
v 2.5125232934633956 -45.049632741303434 6.8173266162624806
vn -0.72550907606353743 0.41581445711082132 0.54839303223788793
v 2.9917360218792552 -46.526816298184862 6.7633661121248139
vn 0.78742142908193336 -0.41101190128642173 -0.45938732026851431
v -12.835318263577388 -117.38308583394854 6.4801520020098806
vn -0.81944493483348668 -0.43760512772032467 0.37015098401682145
v 12.296014907888534 79.818809926673637 -2.9675092577423339
vn 0.69524198108476343 -0.34904057535334176 0.6283384951555504
v 2.7509093756007905 -47.79114166131037 6.7561958078717836
vn -0.33788722360769474 -0.0884271726799047 -0.93702340379230775
v 11.026520901929247 -15.654504279907309 6.3198159747508393
vn -0.27262156408708366 0.96015400638626469 0.061496071542146293
v 2.5375477248084817 -46.660715740579747 6.3601195204554086
vn -0.22339999069095953 0.1110538905476256 -0.96837982091404362
v 7.9564749768288916 62.482113390737339 -2.5958366994418958
vn -0.98986218054818864 0.044935272087381906 -0.13473561089340247
v -40.952772358504888 36.568963201527879 -2.9588557965529407
vn -0.17092380279581237 -0.55201593178672392 -0.81612711307213226
v -27.022983896120621 27.852408183231731 -3.1166675032669127
vn -0.56750156212363989 -0.78935073199040118 -0.23423791088004148
v -12.58283116265566 -117.98928588204345 6.5970001672685576
vn -0.093553656850068487 -0.89050623693504605 0.44524864432108407
v 3.1232042924026828 -45.334714001210799 6.6020784296885253
vn 0.93995152467545129 -0.14543612854903823 -0.30877089204289027
v 9.7878428017245902 71.84386995736341 -2.9737724528422351
vn -0.99174596524383496 -0.05916314770632191 0.11375263678725958
v -29.48897794001925 30.052403602817392 -2.7236566112417879
vn -0.42899775654127437 -0.57131147836434071 0.69968858756714403
v 11.18914101379222 -16.673522000544303 6.1972045798903501
vn 0.34229347936799664 -0.93612604042232128 0.080642485238102177
v 11.283919611318666 -15.721453835102578 6.0313870539020726
vn 0.18985315543663739 0.82181426200836805 -0.5371937249544092
v 11.692509785051602 -16.325185837971347 6.0843162760952181
vn 0.24289952640098805 -0.75181925344105383 -0.61299888273104741
v 3.7393736643474718 -43.573323611791729 6.1119001952171947
vn 0.92131929393991041 -0.17724547641861221 0.34605606439304604
v 3.5471842208993785 -43.088733588487827 6.2307856340954473
vn 0.22966888484850265 0.36997908952187014 0.9002042416302054
v -10.503866642925116 33.313909786754387 6.3434676400756089
vn -0.86119175787671853 -0.49768108615280571 -0.10325837811514743
v -9.6842592242024637 33.679657965295654 6.5189421637890828
vn 0.95300320043106446 0.19578289200543633 -0.23120112276140922
v -12.564478395168067 -117.19882913654232 6.2704529433547265
vn 0.13306703093451816 0.44537181675660464 -0.88540223069359458
v -50.450249634118634 39.724165001749256 -2.9654131713352383
vn -0.0066930896781005984 0.52218189072923027 -0.85280787727659202
v 2.4394193657069501 -45.502661241765971 6.4906417637610776
vn -0.24291099002066241 0.45025882961544245 -0.85922129703616723
v 10.807909496451838 -15.963939169146126 6.5520279256647278
vn -0.67909700894118508 0.34617606523451189 0.64729389330186571
v -12.613930150143375 -118.37540087098722 6.1302728528877424
vn 0.91866855888471743 -0.15364530918776365 -0.36392471457881637
v -8.6926501294040008 31.451874916209036 6.1647102360695847
vn -0.2390701117659228 -0.42745185978893113 0.87185456884919355
v -13.184741825144375 -119.18826925518877 5.9774697026070598
vn 0.54342750925475147 -0.33364751226675665 0.7703024599099898
v -7.7268909501676371 30.693813933831809 6.123528439093449
vn 0.41648864247768302 -0.092823471597144241 0.90438985720083731
v 3.2345229858993498 -43.885732955449782 5.7667153725264484
vn -0.3612313429182718 -0.3447724180131676 -0.86639707794452736
v 9.6733821694807958 -17.644570417701409 5.9520692817172751
vn -0.33107886080625326 -0.29290080890085773 0.89699270012216759
v -13.095057677567695 -118.37157571044065 6.3530147221351854
vn -0.82912607110400927 0.028971561504810936 0.55831049322003834
v -5.5724716708072179 23.776435093581796 -2.7253333241924622
vn -0.65119675139449884 -0.53992165247953428 0.53331735407449476
v -8.1908050387292324 30.650949158986052 6.0566765881981208
vn -0.6386350734656282 -0.13821892638935768 0.75699456492588169
v 3.2967584198567197 -40.632775762155902 5.4695958264909645
vn -0.58064579526768889 0.12679515968882618 0.80422226275914432
v -8.4200927655523685 31.764394032872946 6.0728609155791338
vn 0.53666729266913671 0.33717559458738877 0.77349908558046798
v -45.818689422586658 37.955029883854039 -2.9657744966729389
vn -0.065164455113885508 -0.51545454549460057 -0.85443560630316973
v 1.7029229506184673 1.867017104790059 5.3831854492235891
vn 0.29020424948564227 0.32567687199875722 0.89984224652190015
v 1.6312954096500045 -0.28227232793252544 5.6735392732572389
vn 0.28960095223089388 -0.073072798591385088 0.95435405095435222
v -9.9300380572670353 33.851334656269479 6.3581660772804742
vn 0.2975692657449785 0.48952314226565607 -0.81964603657332014
v -8.0946332432719679 -89.217141473782306 5.9763502039430687
vn 0.44936508308660306 0.10464742470534678 0.88719780128509629
v 9.9684717865871946 -17.900911739288073 5.7811378520023133
vn 0.18236209248236834 -0.81351505008539959 0.55221130965419563
v 9.7023647844241285 -17.182086104717825 5.908476446555861
vn -0.34571839811745941 0.61793993479105469 0.70613669087048925
v -8.2381581351289022 31.775205401230359 5.7739406726444926
vn 0.66015335938267361 0.54010361106306748 0.52200156265322162
v -32.181508769563806 33.522543865274407 -2.9235486770316825
vn -0.029517387110021755 0.68960829160434711 0.72358076813078098
v -8.8974643906650286 -91.778255186629423 5.8627250915590992
vn -0.22603068458850031 0.44563594712677912 0.86620940438953475
v -8.4518981049536936 28.499703575657222 5.7405759045518554
vn -0.60930087491478968 0.10281145617152594 0.78624566663859097
v 3.7552325176384209 -40.506887440635282 5.3938712338393877
vn 0.65203079650064433 0.29833162637061256 0.69703233864850245
v -7.9596103465521448 28.587281558267037 5.8760356444854729
vn 0.35714085092564662 -0.15951960418616848 0.92032815260666301
v -12.783087857630207 -120.12777709578663 5.7293466814896163
vn 0.85893032081600706 0.084708549990596071 0.50503778625108997
v -13.699464835225559 -118.94883791763894 5.7866298961746381
vn -0.95885648663765155 0.28290728380467772 0.023615816800577661
v -42.596239609519721 37.406378938903686 -2.8910829438045624
vn 0.35404668196221589 0.67558189583380479 -0.6467148127367639
v -8.404268236157435 -89.293726615929344 5.889975952909035
vn -0.74293147486885902 -0.10338275438457993 0.66133564076423368
v -13.174830242835924 -119.04351580331604 5.5646424569241475
vn 0.60344445741442743 0.20413248957259458 -0.77083377813683152
v -23.123550771541083 25.952693131104944 -3.0720622282582166
vn -0.071098937703559836 -0.40038683859410873 -0.91358377860929674
v -8.4916003667994069 27.275107686038435 5.5963939827098255
vn 0.28342920240507041 -0.26475315786060488 0.92172319740085928
v -8.4238764902105494 -91.680898640808593 5.699850703258095
vn 0.93926570695473166 -0.29632746179725528 0.1731183616016069
v -8.9966573062763544 31.469340105687166 5.5450955373854747
vn -0.7748034532724607 -0.29680055785035581 -0.55820161022410819
v -7.9439466375156744 -89.286743249570534 5.5880097794482477
vn 0.93349385353101677 -0.11575375971026831 -0.33939695421843458
v -13.252101265581414 -120.36436380605039 5.7541711394012829
vn -0.6977843698397227 -0.40758398569171711 0.58904351945763345
v -8.8067076529286048 -87.401297434534015 5.489061574434384
vn -0.99280864791590107 -0.02567199207747874 -0.11692706036745373
v -7.7111544765803606 28.483625381331688 5.4631808364094354
vn 0.95481720621460597 -0.29401187432098574 0.043371885764807272
v -8.3931201709828471 -87.514584660059555 5.3171649647863077
vn 0.14339590821912043 -0.46512612906445583 -0.87355325972005204
v 10.688258273414149 -16.386557200968895 5.4140939859772885
vn 0.13390836101243858 0.40267631248181329 -0.90549452688407306
v -7.4067091331219261 30.92450758637311 5.735501927092109
vn 0.9264275972378917 0.37592473538027887 0.020310105989233503
v -8.7197325599284774 32.057424333836998 5.4491637668111128
vn -0.41711409736144811 0.88498017501739867 -0.2069442427527734
v 9.5786742160885137 -17.007101852047672 5.5454021259916049
vn -0.45427731716557734 0.88946612191879537 0.049821050446413565
v -8.4662237735802321 -89.138731809602376 5.6606974021767975
vn -0.80481582005725427 -0.031898650988289576 -0.59266683039520329
v -13.192811122806742 -120.14808342466858 5.4129694375713555
vn -0.70395442986210932 0.32650302926087427 -0.6307487079344557
v 13.281367305552308 83.210171599022232 -3.0170621681444558
vn -0.10645754028413783 0.20463834730981587 0.97303131446370128
v -7.9384810699998951 -85.507431674589924 5.4122596661059035
vn 0.42777480656516054 0.09637455827699884 0.89873280756020735
v -13.918676084308572 -122.10948432541737 5.3285365439811372
vn -0.97040328387576269 0.22881501401375348 0.077208522878125116
v -13.635457912108567 -123.56232945464399 5.314704108153042
vn -0.53766544824255291 -0.80718534129775121 0.24365485950452001
v -7.6723611940895466 -85.250202497815394 5.0736219746340794
vn 0.98613077396685778 -0.097164990362509071 -0.13455504926750009
v -6.7590954529632761 34.256488103192424 5.1222773818895799
vn 0.3467178538947906 -0.48092617335607862 0.80529295636536491
v 8.6679540288578156 -17.176560501618635 5.3645852794648823
vn 0.072275073645833257 0.72264814928334675 0.68742706236141382
v -8.1384236242314003 31.278131444972701 5.2605516051609618
vn 0.66873748591315385 -0.50379285469986945 -0.54679331971770706
v -14.764933158674317 20.945960140826656 -2.8915958419825114
vn -0.47102483606799966 -0.39385362202833146 0.78931294694961029
v -13.642510927807646 20.041085284276264 -3.1017055842793999
vn -0.22278391272500431 -0.92045632258457855 0.32113468583292554
v -5.6581851785430928 23.629280374907687 -3.180804288392677
vn -0.60688998116775505 -0.77403383070006626 -0.18043331092119141
v -7.5902456728073275 32.616743380223852 5.4892927380304783
vn 0.12753547212201649 0.059255536709154712 0.99006236405588333
v 10.456182949825539 74.987681692258676 -2.8050025685452553
vn 0.78157557203648331 -0.22335864457434834 0.58245217922998094
v -13.30037638538013 -123.3044547611525 5.4026330413648358
vn 0.6685333639823211 -0.063749072087881817 0.74094480027220355
v -13.429769406752019 -122.33561978005915 5.2653855829727725
vn 0.99244818386244715 0.11793169262977039 -0.033744899193919375
v -9.3603354353377028 -92.651491594272855 5.5922836447214763
vn 0.36716172746919495 -0.63571302449087308 0.67901488671052201
v -8.578189176312808 26.304791740338906 5.2077614502584559
vn -0.38539558357097281 -0.49241210320266121 0.78038488246731252
v -8.2275577116736578 26.419720952490856 5.2444521765794363
vn 0.37764418574624598 -0.097800557555985809 0.92077137222754335
v -25.058713650369494 27.1813186011263 -2.7752070204412478
vn 0.30354112645808912 0.95233402404485856 0.030375832417912606
v 8.5752402490600961 -17.606020573311433 5.5167503265901159
vn -0.4488833748998321 -0.041374900742150798 0.89263196969810232
v -7.9223137287676195 32.865102293131883 5.2881243713570747
vn -0.64270684582476623 0.60557725178704125 0.46925909948346739
v -43.634230160123352 38.214699392051557 -2.9457141888585632
vn 0.37171434023839189 0.74049799754834578 -0.5599028173603231
v -3.6481471036269255 -36.92985213901791 -3.0133820319935616
vn 0.053679360240136101 -0.87088839372773097 -0.4885406144370622
v 10.15038665279957 -17.914161828908682 5.4540651186195834
vn 0.57128898604580103 -0.79687649587699549 -0.19651143666861079
v -8.6339606907290101 28.548375101426895 5.3617629262070388
vn -0.96705547830489846 0.20662033910678326 -0.14870015920597437
v -8.1391450783741881 27.436367329635047 4.9942662740840955
vn 0.98092240131389496 0.032437421138879048 -0.19167434964136645
v -34.233028296598306 32.55940907106632 -2.8158471779896361
vn 0.07307454589516342 -0.1410551952125155 0.98730114081053044
v -21.045538953773402 25.277147609209543 -2.880201136120045
vn 0.57289718479663443 0.79239944934945239 -0.20950400550532555
v -19.487985457433432 24.381871468816435 -3.0428082414291282
vn 0.61055276721042873 0.75805413917446318 0.22930163656666677
v -8.2054161005986703 30.662824840461056 5.4023060635608324
vn -0.65387189473279894 -0.10672925184371629 -0.74903965988418808
v -13.712195563945293 -122.51604821017195 4.9977091084545613
vn -0.17574664708595986 -0.28112854843041535 -0.94344043547828216
v 41.95728635132491 143.70473829576349 -2.9758767397864858
vn 0.6692320220893736 -0.4603821042807576 -0.58324679053398143
v -8.5383755753099564 -91.672167463390124 5.3979555707381088
vn 0.53328804605978275 -0.24771960482600142 -0.8088503306017677
v -9.6610050784157178 -92.292682594863763 5.3202376619511069
vn -0.41277217445722864 0.83920451774019389 -0.35405495251203589
v 3.532744152392667 -0.58399377392446139 4.6227858217348423
vn 0.62452176746173815 -0.15855135761628755 0.76474442068216408
v -6.9072112317530241 25.448163859319095 5.0721535591397497
vn 0.29791445663086003 0.093277797052244468 0.95002433079759574
v -24.195404188947769 26.171474884830673 -2.7981808526416652
vn -0.1328033670793837 -0.97962677033266665 -0.15064745779457236
v -6.8676352731830264 34.783591371249081 5.1289431011651594
vn -0.30283768874962935 0.39813124017911017 0.86589886815160255
v -7.7855916519756141 30.696889024223591 5.28018661909001
vn 0.27378187214344496 0.041568629647839736 -0.9608930926564262
v 9.8772607965638546 -17.176058874665735 5.0989332677307111
vn 0.068881853617845615 0.63258942773081617 -0.77141811371354796
v 9.0295138376081052 68.755051385082922 -2.9661188367425702
vn -0.97624749902288643 0.18363361065277461 0.11497616139958959
v 42.750237036068391 145.46272158531428 -2.8169342115486824
vn 0.68524128328329903 -0.38304671390725731 -0.61945104620874536
v 9.7465334179154759 68.553652748573654 -3.1814499326618386
vn 0.86793846943075437 -0.096728448729086064 -0.48716159586800756
v -29.980695276067681 31.271067096455411 -2.9924170963356564
vn 0.7362507836829375 0.66957100630261945 0.0980278075096956
v -9.0755580600542558 27.420860680270643 5.2720007118151431
vn -0.92079527160479846 -0.049350784150066856 0.38691157632464168
v -37.116940833586114 35.321171161933364 -2.909728318566323
vn 0.53001550331608605 0.72909213198816358 -0.43302220418536302
v -51.70639986070708 39.276919959388209 -2.7467384787285929
vn -0.24852891504325858 -0.96024425653354217 -0.12713908203918151
v 9.2863229392979108 69.439801888082513 -2.7635121958633841
vn -0.90814992682766638 0.19417288214014269 0.37089163140234682
v -8.2627435675768091 31.582546235231838 4.8461767355282923
vn -0.14123214718695201 -0.32528694046672219 -0.93500903041776129
v -8.6024554069458556 31.811423312133901 4.9576724367327492
vn -0.72235936530312905 0.010330955917266682 -0.69144068343473686
v -21.704249674390116 24.411702923011163 -2.6735809696378627
vn -0.55096654273221202 -0.80818676020526037 0.20801449328986329
v -7.4555770259691734 -83.344536611806021 4.8741208829547986
vn 0.20520093348088103 0.32635870395676331 0.92270394669700895
v -11.163224587377233 -93.862960887094786 4.9572035821573159
vn -0.71324835417565968 -0.063136412703457698 0.69806201633998932
v -10.530639996864878 -93.597525344756249 5.0187494222596687
vn 0.69939609358781196 -0.52965975122924169 0.47990171098036988
v -7.8953159294085964 28.685356146522793 5.0801926037182419
vn 0.58053839171523591 0.026456567369530549 -0.81380294039018375
v 3.4439669002229905 -40.812595174887036 4.8298622064495014
vn -0.28875289336221061 -0.45596923101865916 -0.84185142806744973
v -7.2560097170257585 32.492711236351425 5.2297813359190073
vn 0.84444490108440862 -0.28234819628338836 0.45518381461565682
v -28.034367556103838 28.59205515442531 -2.8197444276836645
vn -0.58644272304205802 -0.69587092002464435 0.4145462522506641
v -40.710954487231774 37.156635652258807 -2.585173512643002
vn 0.19164888016706413 0.97413179043617804 0.11974122762155208
v 3.8286631220611342 -40.067443280933148 4.9048608286969042
vn 0.98708982274413615 0.16006829227343791 -0.005641244863949289
v -9.3870415536941891 -92.663937798421102 5.14215736176169
vn 0.44164720723102757 -0.35757558013995994 -0.82285323650855569
v -8.1591193619713156 -85.143657702890295 5.3034913928247231
vn -0.60933528557014105 0.35587954576971709 0.70856210642532569
v -8.2596322918894884 28.779054069311258 5.0371274203074456
vn -0.34640411489625839 0.35850476938016312 -0.86687860713863274
v -43.907499143930309 37.570903082450968 -2.9071583367828131
vn -0.31635908696508019 -0.82740045081975122 -0.46403170374220504
v -5.5416349174080892 34.892876644931221 5.20928004524567
vn 0.035829680826169365 -0.027799908254562793 0.99897117029118154
v 7.2164787433374133 -15.706680587450073 4.543431172282439
vn -0.64992096612788586 0.084217527109622159 0.7553212203525963
v -22.838522290626678 26.803104831299578 -2.9147394564586158
vn 0.42503321803092203 0.81012976576852014 -0.40377781784803579
v 9.1271164342100537 -17.41726879558626 4.6857215776245713
vn 0.63423464345730918 0.24351765786633797 -0.73378850314370081
v 3.1630172976925541 -40.5284526846905 5.0405833081434199
vn -0.9742413814147608 -0.018515735031994485 -0.22474629762308251
v 7.7914332444523744 -17.252860891280786 4.9028408114058841
vn -0.81938232651167631 -0.47176772441276682 0.3256498383274779
v -4.8257074750861193 35.814073382939014 4.8471761769376158
vn 0.15830179691140661 0.36360310931298118 0.91800507623463168
v -5.3820838335748817 34.50410903430938 4.7066025192618319
vn 0.4525042730713944 -0.89119477563330407 -0.031808092304218175
v 7.7689380596419824 -15.581934133716382 4.6584526906468202
vn 0.24906023588664147 0.52959692309084239 0.81086133090239476
v 10.308341079683267 -17.468314695151555 5.2021312612115871
vn 0.7286261606488178 -0.39411512753438332 -0.56015817789863587
v 9.0081517679132226 -17.953291913526158 4.7283364636731893
vn 0.2190078723584461 -0.64620091908928146 -0.73106766035244275
v -8.9759775548068426 27.554745877867038 4.8039022610591884
vn -0.73345093091582436 0.24486376044050961 -0.63410682913973038
v -6.8346815660256084 24.853331177286762 4.8485624079348
vn -0.28194545027952778 -0.61326358398867642 0.7378445226604573
v -8.7725981454778914 26.118662698296617 4.7737790632448096
vn -0.82417348463665963 -0.5611234056395098 -0.076671969228551795
v -7.9779045305501128 26.785986265791884 4.991629161312261
vn 0.75829474080803327 0.57160304314938393 0.31346299163576075
v -7.5535210025243273 32.434630072900489 4.6685743508643451
vn 0.33484248501501523 -0.28138530194977546 -0.89927905684253706
v -10.879140064797069 -95.257139681784935 4.447116112000626
vn 0.85498143829491713 0.040172298829066443 -0.51710049949496573
v -7.5368593508250985 -83.837771132484079 4.4728088281713285
vn 0.083795270319054344 -0.40955645236929084 -0.90842823877004042
v -25.375078792571983 26.045591746439296 -2.8763137946002382
vn -0.23176186785423733 -0.9635776851152601 -0.13343343417836298
v -11.333438277300033 -94.959498475381821 4.4862079561869894
vn -0.94402581440753874 0.038425647403327996 -0.32762590153072202
v 10.263622483629923 75.422367079665946 -2.6828495189636641
vn -0.038520182842004633 0.12812101088534084 0.99101019272434165
v -11.639040986669121 20.269453776064744 -2.9267094572240353
vn -0.13354753707964087 -0.5440569491144861 0.82835203353417286
v -8.5594211926127812 27.500313652879399 4.6845027935035972
vn 0.23786176191283626 0.2317768582817987 -0.94323977343236554
v -4.2836833203419076 36.30791020681977 4.38440105716613
vn 0.88437982341661248 -0.063102984404613843 0.4624828010778696
v -7.6465997296032739 33.902405375103541 4.757072191107973
vn -0.89354685049043014 0.38873142344062656 -0.22463727742397793
v -7.5793935386880023 25.235862446761747 4.5486007180735069
vn -0.73267978046242799 -0.62757475498396531 -0.26330641125567833
v 3.4412882033824239 -38.75037167181101 4.3649185077204322
vn 0.71335645742165932 0.67471010609325344 0.18944349392484008
v -11.203861275262639 20.517996934686074 -2.8739160840375018
vn 0.1641526239135204 0.11729098096174591 0.97943695144064158
v -11.250435389081913 -97.556052934938037 4.4507327183241143
vn -0.89119909173642475 -0.44621150201070392 0.081605602513083575
v -10.936013148850368 -95.306155972505437 4.7598526049540339
vn 0.63234136007788888 -0.16016725210631327 0.75795175023714967
v -7.3665869829238915 15.640756696034543 4.6051910286018938
vn -0.11491563412256162 0.055556002688284485 0.99182051178603325
v -6.754989369345946 34.301162144230375 4.3918853942134994
vn 0.26353509981553924 -0.49071220693848805 -0.83051236061046818
v -8.8421406609393287 15.138126073877544 4.3770951209847393
vn 0.15581417886566012 -0.78293361647788584 0.6022764264465934
v 1.700913735590019 2.8314924049896493 4.8741100592713931
vn 0.29064770727174127 0.52392395325364283 0.80064199331833374
v -12.365182934937529 21.059722263632615 -2.873070795231139
vn 0.11893504761121655 0.60870322199020388 0.78443281547144772
v -2.0947911526985941 -3.1719350726116389 4.4802045831835748
vn -0.33142134894954023 -0.57361283891196913 0.74908490873586453
v -8.4519903442837894 15.821414050858037 4.4143984955925939
vn -0.39097556556052931 0.7206611718075423 0.57252561740380159
v -8.0718059983012758 26.663070796684455 4.5492455180494931
vn 0.62883329251489117 0.38416863367244841 -0.67600528927451853
v -5.3710572979002347 35.515397654182422 4.7804685790461754
vn -0.6514719854900155 0.72571049412457622 0.22119794492526454
v -5.0331746201629812 35.069978479176896 4.2743924814147043
vn 0.12769949600939801 -0.33302175352010843 -0.93423195749307242
v -8.4668281715779017 26.387000186680375 4.3558784685453666
vn -0.27307017172091214 -0.014017558228218934 -0.96189198425687594
v -30.853485092783977 33.093625263615792 -2.9430830647699673
vn 0.56957817096620933 0.66361597448272769 0.48496860266426239
v -7.1578588350447738 15.225314629086789 4.2285736922732271
vn 0.21520097575727681 -0.96031023977727448 0.17746206189501373
v 3.2089111384542335 -38.853044098393013 4.6318272884557672
vn 0.049788530498944092 0.50784308728342042 0.8600095935099793
v -4.5791753254333933 35.218244137592713 4.3209421612627743
vn 0.66186608193087271 -0.54079352756582444 -0.51911044117065042
v -5.4796179809347549 23.69557269722949 4.3680912645853578
vn -0.22546639019407075 -0.26021712342850928 0.9388567279236204
v -9.5196128307349355 -99.936207909973845 4.1061661698005736
vn -0.98526586942384642 -0.050174679326613923 -0.16350433664873693
v 10.864403244831605 78.285896262335271 -2.9239408904656425
vn 0.18019378175404077 0.0027805363813748628 0.98362720053616293
v -4.0911422342367576 37.493813549072549 4.2435950873389707
vn 0.47132998743524013 0.1493672037232403 0.86921659061260237
v -5.9528160166691606 11.875087672987132 -2.8031322449918594
vn -0.56266515795252436 0.015941030788881021 0.82653118729038211
v -5.0663992054064693 36.613738315349735 3.9874525665472582
vn -0.90064634147445743 0.19608109727396558 -0.38779939515232925
v -3.5367082681090132 9.5039828272990103 -2.6946463472932933
vn 0.81714991218283728 0.52733603160413445 -0.23277184278083277
v 3.5419491590732122 -39.113006089209136 4.1112525622804554
vn 0.5580421250340234 -0.063285882548274303 -0.82739584465816451
v 7.9412008935127529 -15.391068911184609 4.1288071395226256
vn 0.68718630657501856 0.72629251769905823 -0.01655774109436129
v -4.803229871706888 9.3468755191042128 -3.3822060818889588
vn -0.34311691581007719 -0.48662287027600276 -0.80341083152352699
v -9.307665367929836 15.193464218944499 4.4654942160561379
vn -0.43195561785369679 0.17325767786314927 0.8850966734013298
v -8.6812624740491362 15.199197186346662 4.0283866426081953
vn 0.58289813814614411 -0.49663818717989822 -0.64310206933302805
v -7.3813054742808859 -81.028418756404534 3.7834193263141209
vn -0.15900727160882891 0.9010095048326503 0.40360693722573476
v -9.2784188789786128 -100.05705110041075 4.452054901797327
vn -0.0039929884152425429 -0.30515661112587206 0.95229380903673266
v 3.0163365909234834 -39.224352785655675 4.0321815394855456
vn -0.44508333921897103 -0.58926408556016585 -0.67429122685871568
v -6.1693728435026127 16.341470858702536 4.3119487144464435
vn 0.057910259505006681 0.77008818171158178 0.63530354495486063
v -6.2693039730777134 15.941843883611794 4.4603128960923124
vn 0.070338571550789653 -0.14231164947653746 0.98731954289149038
v -3.9383783991191308 -36.251174269932804 -2.9872989317377119
vn -0.32527893595346835 0.78003401015075668 0.53454705764142851
v -7.1921282709784347 16.077285094465214 4.1888754400319543
vn -0.060061318907831202 0.99729009880115571 0.042486430824826553
v 7.1959143201054347 -16.245238685919624 4.2254904560072735
vn -0.37822412251780213 -0.90175871365979721 -0.20923129661756307
v -4.3232757824234191 36.372763992068997 4.018513886435553
vn 0.64384203365701154 -0.4557459515339683 -0.61462432701350289
v -9.5157246015816099 -101.08116166192463 4.249752825902064
vn 0.42146855207998696 -0.12607269524048462 0.89803671145582864
v -9.5328701611066577 15.127647079808833 4.0975885773216731
vn -0.72701427017347897 0.6340018070849166 -0.2636132765571263
v -6.9626166864849726 20.393426600848795 4.0952463792695291
vn -0.0090780634134618298 -0.10366254751552151 0.99457109600432947
v -7.3601399376956183 20.461762228774692 3.9021028686579808
vn -0.76800173594573495 0.030119788231713206 0.63973911240537296
v 7.9478009591986094 -17.185720629914474 4.3111656536760954
vn -0.42158032435886217 -0.62383715268523132 -0.65810123616588045
v -9.0015823498691852 -100.10071513463402 4.1227112743551579
vn 0.99522623690842682 -0.082991431703032553 -0.051353282591989721
v -7.8846644381686843 -82.268805071586996 4.1509687015826273
vn -0.98719290007289073 0.14059352831918265 0.07538990542797451
v -7.2470798253674644 -82.117087098606419 4.0999477535055036
vn 0.9278556604597249 0.11652819921548609 0.35426692216525596
v -9.8467289430651874 -100.87321288110911 4.0799776719362768
vn -0.74982163877941332 0.53041976537195168 0.39550269597174542
v -50.023727627794273 39.120683030685612 -2.8179794046065822
vn -0.37401751015861273 -0.71275780136786127 -0.59336937794598432
v 8.9398975669754073 65.628874858864506 -2.6976375338761609
vn 0.94341782725116508 -0.11378429002966459 0.31147381682436176
v -3.5876955299554893 38.221411228276608 3.6402255127286836
vn 0.78071561031807446 -0.098096126958649693 0.61713878964248292
v 6.455063531669504 -15.790428637991068 3.8420078941634492
vn -0.37090814237313291 -0.92039310926500451 -0.12370802051123918
v -5.2954947786202506 35.252029039574573 4.3096720765419025
vn -0.60899316955387495 0.299487314063903 -0.73446216250499541
v 8.1852013010634472 65.779087213114039 -2.9705348355853074
vn -0.91452735381978112 0.22026190369921014 -0.33929988637514857
v 9.8547487280462711 73.364181958036056 -2.7254141676785255
vn 0.58754112176134321 -0.018513791540707324 0.80898249039284509
v 6.3406575357401858 -14.954808340463966 3.9591704762892235
vn -0.46008000553583583 0.55701903990080381 0.69141606699159952
v -10.850578380871042 -102.06051615320121 3.8238995037000336
vn -0.2917178522645385 -0.27651603580823586 0.91566346252925435
v -7.6422882759803485 15.750163949411096 3.8696432715537723
vn 0.18979010168039831 -0.067271077175137819 -0.97951739110637592
v -4.2324367220502381 38.091568643030499 4.0440103108942793
vn -0.17980910336768016 0.33977934304289548 0.92315691211594653
v -6.5870525736828416 18.027336207129 4.0103291165953179
vn -0.48028485507752994 -0.21333258484918097 0.85077356930309189
v -6.175275088830313 18.24099713307664 3.960674030824741
vn 0.59185628969543891 0.21347428577192964 0.77726112836170647
v 2.207603565154832 -38.171554697014976 3.8844098292559401
vn -0.77586858702431349 0.1146957577757436 0.62038118831662137
v -5.0655082565720875 16.020443977294512 3.6510904466069016
vn 0.45092699023110766 0.34948062594952067 0.82129662215733346
v -24.060002145365438 27.281718796626794 -2.819674724464087
vn 0.14398900971499745 0.97998995239224929 -0.13742946660571492
v -6.7279866144395273 17.620837051331872 3.7196718945883958
vn -0.82790780569023703 -0.34497511480200915 0.4422226084728339
v 9.210573720289716 67.273706988345651 -2.5194725626209964
vn -0.60546177747183405 -0.059922146880400609 0.79361538060567538
v -6.24309996120531 24.159148742709903 3.8609601535172455
vn -0.84625348198205863 -0.31041246307037546 -0.43301171693595575
v 2.6459457504665451 -37.983576695004018 3.8925586441010331
vn 0.33869354572364613 0.61861589601736511 0.70894361925316529
v 7.8133045673740096 -16.272876935878053 3.822417170232919
vn 0.54419880837751478 -0.38656167615646359 -0.74459232301145728
v -5.0824685774803058 15.222227950429724 4.0516065828080965
vn 0.30138363635716386 -0.60009033786867882 0.74098548577741241
v -5.395336841362667 15.015306382463024 3.4284553001809766
vn -0.34421224425083269 -0.93857380222120912 0.024436626031999274
v -6.2355530998257125 15.53972797489911 4.178613486905741
vn -0.0060185206391143815 -0.93806183505499507 0.34641560447325681
v -6.4586215718440343 16.195182823823252 3.6378216775128047
vn -0.39227472752454318 0.44585763115960303 -0.80456914611628805
v -10.320610462747823 -101.91102788608801 3.7787927703258859
vn 0.83996004180530004 -0.46210633533931278 0.28447295655247989
v -10.946390155246704 -101.80835945244414 3.6505623591950496
vn -0.68437470663910993 0.61353059035881263 0.39396887644406531
v -3.2812389984950197 2.8161634906485462 3.7663926742271112
vn -0.56908027036757947 0.56332873479016921 0.59900616227053105
v 2.9039226466538324 -38.280375167499358 3.3577207746678255
vn 0.84703941873581501 -0.093601827197813334 -0.5232235861015091
v -5.9718307476927288 16.452314778061389 3.7242395547235869
vn -0.52567184677695211 0.78811311557008168 0.32022933434107453
v -6.0662416692350831 23.108504515756628 4.0629252446582518
vn -0.871911547396096 -0.037837253263123198 0.48819934021140154
v -6.8306824730897233 -81.113353337480731 3.132955600668538
vn 0.61577728356074235 -0.1975144118115707 -0.76276234449354019
v -47.705891594446257 38.208334873159117 -2.8490470215110504
vn -0.13499978426453857 0.31715391498512052 -0.93871638552767311
v -4.6208396618353618 37.653120675280007 3.8114909575426452
vn -0.91604442603072311 0.37421835952040078 -0.14430256039274983
v 7.8221902276036381 -15.688371852810143 3.6770929414349176
vn 0.59966173582146398 0.17515783738035953 -0.78084923935150519
v 4.0627439412097699 -9.9933907531697184 3.4984464089871308
vn 0.20056310250183026 -0.079367918326188516 0.97646053450992476
v 2.2378537468845892 -38.450905398194834 3.3900859584219845
vn -0.6370697850955569 -0.53057329977601986 -0.55913689064761818
v -4.2566085942110874 38.60406682177819 3.4596057439564234
vn -0.76326730896286699 0.63563703423290852 0.11570901339211087
v 9.7472851986672975 68.576849526528065 -2.776638739054976
vn 0.83096363760359149 -0.033911268934445932 0.55529222830853919
v -5.8203150438748574 17.853686072668488 3.470372641141291
vn 0.93050639858564221 0.36492082379272028 -0.031474347548761501
v -5.8993065812887977 23.225641007808747 3.510537841113095
vn -0.67348307809803498 0.22934689786565435 -0.7027236611606279
v 6.6233635382955907 -15.809935255910572 3.3799576219798757
vn 0.014259721247371123 -0.99857289111821301 0.051466896873241845
v -6.4849460785951658 20.43350853245326 3.4181246510290184
vn 0.89389940737168427 -0.088484679939151281 -0.43944773399872877
v -4.3650651444165049 37.339327107727058 3.4552082350982545
vn -0.089168940481173922 -0.32207531310568011 -0.94250538074927881
v -10.934354928445075 -102.97112617611042 3.5237403946241486
vn 0.93123928497465069 -0.30344406302703297 0.2017798174584052
v 3.8589896260484835 -14.218643455917531 3.3627952648743413
vn -0.44053185033842035 -0.34101756568901093 0.83044488602733213
v -2.7080089024437797 15.054250776140996 3.1879937421430551
vn 0.31585773586972948 -0.016889320956554224 0.9486562293733567
v -7.2494268411843361 20.374408643327861 3.1527665489189158
vn -0.53994389239929275 -0.0018945032189787046 -0.84169887959902523
v 2.8324058013352413 -37.429577501229701 3.3495565196870629
vn 0.57071496989394088 0.073148414708600423 0.81788369134283201
v -3.6238336635018848 38.050340617563364 3.3131672960668084
vn 0.73130013980986552 -0.61068783885097355 -0.30374408470552722
v 8.4470797630902847 62.530068065431472 -2.8921625833753009
vn 0.31478457304810514 -0.12690210387723722 -0.94064155160318808
v -5.1611065717464468 16.614716813898859 3.0635632092066425
vn 0.52090753487676578 0.82727032029710468 -0.21042613255994819
v -9.6111787714799561 -101.28663416926793 3.7291309448679471
vn 0.65726214518605575 -0.35750039262270578 -0.66347565274095432
v -5.4635611372400987 -79.952314411110137 3.0120338029369478
vn 0.88038755653624967 -0.2534907687764284 0.40082437605673016
v -11.635076074624266 -104.43256379070687 3.2932525919502638
vn 0.10686696929577723 -0.20162218605360913 0.97361591244417289
v -10.868605703739149 -101.88068103150952 3.3848419539940053
vn -0.33834788703921581 0.29279976280878001 -0.89430923412163199
v 4.2960801485702245 -8.003753323943867 3.2457044509524415
vn 0.7340856121587237 0.11355873952920963 0.66949438137902928
v -5.7801512697130875 13.120620703126574 -2.9238256071578044
vn 0.068042244405352323 0.24389718788520798 0.96741119216079452
v 3.7108237943000018 -6.2288438029088606 3.344705793894807
vn 0.15682937478252551 0.09402695237703429 0.98313960322632166
v 3.587375692946245 -9.6054856605096468 3.455916622220458
vn -0.44118391549700398 0.071267534225818815 0.89458241167155994
v 3.2387672771797913 -11.969776017725295 3.402659386140201
vn -0.35064823976812348 0.0046862607798405457 0.93649551568996836
v -2.4743713134874952 39.993248164967497 2.9374957331222902
vn 0.44551823080279029 0.27330608520473421 0.85253579972480587
v -3.8451114754492153 38.233804243903947 2.9992615723923421
vn 0.11206432036061589 -0.42689216106324096 -0.89733197364457551
v 5.6033225835686267 -15.918998016629169 3.2627704847011105
vn -0.19014470044437123 -0.6610028398743617 0.72589271836198299
v 6.6523084792900793 -14.754210794859732 3.6555351300861778
vn 0.15237569890666458 0.98435272460456802 0.088494971304978728
v -10.776829309604352 -102.18007336593621 3.2944927100449632
vn 0.40399503218647143 -0.35260140556444008 -0.84407361217054588
v 39.378205137261453 140.21451645388933 -2.9028338212977172
vn -0.28088164658320103 0.12263304082093464 0.95187532687412413
v 40.680620690487274 142.18668240355561 -2.7488619012709421
vn 0.67254058915617432 -0.27356456835870208 0.68764204559944042
v -10.267263513638625 -52.808400115746906 -2.8617955684485352
vn -0.56466069811734787 0.38638313774260541 0.72929168846889258
v -4.5217466697682624 15.085303970702238 3.3508301544846284
vn 0.30901022129106287 -0.65309874707418636 0.69135715061592906
v 6.9193010582441694 -15.016109711670891 3.2575298048531902
vn 0.54609321108144582 0.52984279857638827 -0.64888274257179646
v 3.9606315242462378 -13.275789190608046 3.3655631060195401
vn 0.44052388098004641 0.077855484157818539 0.89435856001540548
v -6.7563036550298863 17.643701284139201 3.3228674912704506
vn -0.72475808370853467 -0.22794038181543505 -0.65020681512651513
v -5.8250764111761981 15.778184019454335 3.3145421424060597
vn -0.9209939308885472 0.035293554303542522 -0.38797492740006384
v -12.139987181420111 -104.72003941249363 2.9079807528815635
vn -0.99720839763567171 0.047838046959306657 0.057331779564348852
v 4.5439904579494348 -9.8180665291303022 3.2617771673596416
vn 0.79449723598011612 0.030785604921472556 0.60648692364269041
v 5.9731676333027348 -17.338908876422131 3.0743345246221101
vn -0.50998899732648073 -0.24236646086929101 0.82533006806466536
v 6.4833544795969154 -17.352637675023367 3.1202708474032304
vn 0.25902464004217451 -0.025285225308234464 0.96553969013818053
v 8.5698008934430039 -19.862635455844057 3.1187201314447375
vn 0.19540937297786889 0.049494518493786166 0.97947203614573108
v -3.7348555080208783 14.830532794057781 3.0726428593560886
vn -0.28094539537822077 -0.78302205754898024 0.55492895239619344
v -6.0741424751407678 17.807510069282142 3.0985906276544002
vn 0.43645003856603609 0.28865892709574975 -0.8521662910744805
v -6.2458425061748244 -80.897191815462875 3.1069862033367102
vn 0.61028282676664491 -0.74496921284634576 -0.26939885535170588
v -6.5168915958577953 17.765916588893315 3.0669740581488716
vn -0.35060874007673026 0.043948099053177314 -0.93549028641211451
v -1.2176933222525541 13.787895840595407 2.9725765510141442
vn 0.3097637380548483 0.11574306352320751 0.94374253365658478
v -23.437483020194524 25.932489802489954 -2.4756542685523666
vn -0.65904635291430425 -0.668360253559527 0.34489487698746579
v 3.5256936785430462 -37.040227052165058 2.8738900237317142
vn 0.13572168973206147 -0.19890930050868466 0.97057442430110408
v 7.4425405484899398 -19.160449050409621 3.066968446441706
vn -0.20043006549610679 -0.035420350990528392 0.97906750920502617
v -47.968516232425785 38.041297767673989 -2.8168751717761431
vn -0.38993907341085238 -0.69900843066409624 -0.59944535438019975
v 8.134839001329782 -20.142979547237442 2.9747572125547066
vn -0.81193682921531607 -0.062543730871124192 0.58038510240399777
v 3.2506950431502402 -6.0309204135966068 3.2167555260363403
vn -0.36028250633605302 0.095468147553140578 0.92794522921936706
v -3.0822520704616494 40.034697785197338 2.4582802843279055
vn -0.87424644514100325 0.4116770031930756 -0.25732313965185338
v -20.435778470322518 23.601524046713678 -2.9191368025126501
vn -0.31456379762918252 -0.92045177902440467 0.23198736972498171
v 3.2385313662744015 -10.251898158579408 3.1484431367944867
vn -0.86008272242882222 -0.036421917602417045 0.50885278273542778
v -38.439678636241048 36.504110412269597 -2.5961877294422901
vn 0.45867762187086863 0.8838720259938484 0.09157008714866488
v -4.2342734876154182 38.301481769859961 3.1260718840948556
vn -0.72835676785002301 -0.0083772847090943167 -0.68514687463927781
v 2.4772919983151542 4.3843698571225982 2.9638150977326587
vn 0.3797198226133206 0.78399824781948857 0.49108003800855127
v 5.2771145620170001 0.12181478770569631 2.6896826610551421
vn 0.89347423718011254 -0.024819916899851687 0.44842809816123314
v 5.1221619003658478 -0.92799363429104487 2.6794709775305847
vn 0.86323623502460234 -0.22994166554365578 0.44938851007514541
v -52.930777782079275 39.92293985182544 -2.6958433159443365
vn -0.053267951740563327 -0.98572375281176328 -0.15972228542084788
v -2.8184287856754633 3.6076717750031602 3.330777893580454
vn -0.49930639606642874 0.7220191564995756 0.47893784617087426
v 1.9358376707024192 -3.9769110092886333 2.6897125241779518
vn -0.74200964275438464 -0.35046852568009973 0.57148359781110758
v 4.5704181507803021 -8.6907168767348324 2.6542244838111042
vn 0.99920573214754216 0.028830553368410096 0.027508253960687779
v 2.9713703023581424 -6.3109424889073251 3.0118834828289627
vn -0.76286317518309499 -0.22278711936079729 0.60696431146854457
v -51.716436975231019 39.948038984628909 -2.5842009997766859
vn 0.42993278658365691 0.90258107307546342 0.022476777935379822
v -2.7496585692658826 14.510421079420439 3.0075814894116473
vn -0.27646256329869762 -0.60178072495463697 0.74928526621533476
v 8.0816252486351061 -21.024704555081442 2.9947792260120529
vn 0.15543984041827075 -0.26563033318257789 0.95146149796198021
v 2.2144371730248515 -37.180573636540693 3.0635610932193558
vn -0.81279500158817075 0.52078207502016327 0.26105615436334534
v -0.74411696062741639 11.77556637737886 2.780363336645105
vn 0.53334398483910062 0.003233192015333463 0.84589227464573835
v 6.2875881672867004 -15.2900862240395 2.6172914048912075
vn 0.68072357570584718 0.53389647711709087 -0.50156750811850381
v -1.1536786451882228 10.952257406221664 2.761310499502962
vn -0.15799948294787397 -0.16516715773226753 0.97352759251849086
v 7.2037037195878089 -21.831185168523675 2.790219488010611
vn -0.17145937991396965 -0.16250549065568343 0.9716962727860351
v 8.9598367512558639 -19.830869007752419 2.8626024540001764
vn 0.89867697131059754 0.13256276219630597 0.41809904964601041
v -2.0105601580122983 14.954203677422106 2.8444142992708072
vn 0.61943035171444805 0.6124022223137171 0.49119197619681843
v -3.3657901982317124 15.713280200974502 2.9769215761373626
vn 0.34350495310820345 0.88781575364926735 0.30624750572423337
v -52.872060701691026 40.532961744551642 -2.9198496304843529
vn 0.013578708243936631 0.74226617568394304 -0.66996756870609764
v 2.8755715357431448 -37.703935110050516 2.8223327085726426
vn 0.73620052036004535 -0.5758467874787615 -0.35554081505783364
v 3.729036281025579 -14.390317029157362 2.8199978402127805
vn -0.7738920282561943 -0.63222864782248578 -0.037122304266639358
v -19.164134588187327 23.240056508976672 -3.2565904488956505
vn -0.23594368900027768 -0.62574755129997017 0.74348542531984552
v 40.134924939894745 142.24670831192913 -2.787865254765336
vn -0.67092935155869693 0.17774952813804792 0.71990201448789382
v 2.5013978904991081 -3.7436048259862194 2.6559232290339603
vn 0.51721294719751199 -0.22310214471921549 0.82626642208972156
v 3.3687061734389285 -5.1005335746980478 3.0528314637433582
vn 0.19624791992594115 0.39002789079431521 0.89964715212536472
v 2.7672335392031373 -12.035124907791424 2.9533157121413698
vn -0.95575996114366879 0.033845129075240475 0.29219412025660779
v -35.232282208667485 33.325196648822399 -2.7539515240907839
vn 0.12088037618404021 0.25392077795834078 0.95964168999404975
v 43.490732192350109 149.04056043270023 -2.6926001312316252
vn 0.24492898219884021 -0.18427271801868675 -0.9518683517551394
v 42.014654554669697 143.75988128097561 -2.625443880700784
vn 0.80429192199220612 -0.38607931418646185 0.45172698322703081
v 4.1636884584044811 -11.998208907332705 2.9443137924637424
vn 0.94825841077083484 -0.10359711763482787 0.30012268094918515
v 2.9950297851312202 -13.251811347852263 3.0157829553736515
vn -0.8731334015073261 -0.28244123667096593 0.39732230116118805
v 5.1147944376897367 -14.296127677422513 2.7476407139470238
vn 0.73588445000916214 0.63288873378698063 -0.24067805649918614
v 7.3861046868101603 -17.809291283275105 2.835491126833686
vn 0.74413258050796616 0.52395983767872123 0.41440655294799994
v 2.4576325455397701 -37.520173975307017 2.5796654464511164
vn -0.45246592187473067 -0.25596001890307168 -0.85425936241002898
v 7.2161349032826738 -19.518014319550783 2.803972952036033
vn -0.67555604711546324 -0.62026104429175111 0.39862295987541463
v 8.4592091569651409 -21.170791209707499 2.5392454569683349
vn 0.85032474205522679 -0.52360089070825344 0.052819885443228839
v -5.9931359711736008 -79.677718351201008 2.7756846195657729
vn -0.96469625507111523 0.23728980022256177 -0.11425710552128698
v -31.313735716000352 32.668283394166323 -2.7215286619805359
vn -0.20188556243913289 -0.17731091551301262 0.96322534171323182
v -30.316613554970424 30.916393654749545 -2.568466663119116
vn 0.029524995475983661 0.062009596185748306 0.99763875457152507
v 3.1207663979343518 -13.278950736165349 2.348729962527794
vn -0.72024279758259158 -0.33686457838695438 -0.60644255157317373
v -2.3628505545298113 15.323271528342339 2.5622689111549461
vn 0.54100645475851339 0.83821845764764835 -0.068569914455411066
v 9.4900651942127574 73.634615986474643 -2.6705961448228974
vn -0.52463893604442335 0.065632628164533149 0.84879110793315438
v 7.5282026540805838 -20.684453775321039 2.3933769852691391
vn -0.92625042891204734 0.37676537742067323 -0.010391983319172241
v -2.3167166338205192 39.700859917836915 2.6690357325430831
vn 0.87199882307648346 -0.43644871995928136 0.22165416170045718
v 5.7655156362972058 -17.596324398501469 2.5853645011257766
vn -0.88982562803121112 -0.45527981997384254 -0.030506347264892344
v 5.4373812666822472 -15.601628645809701 2.4441056868280997
vn -0.53996104724142546 -0.33563982846450985 -0.77187302907295408
v -1.5272363682312626 11.386045110701291 2.5624809587340609
vn -0.83814697408419936 0.093320871853716209 0.53740195823048764
v 5.3215725626127854 -15.796611394979942 2.8523119365782406
vn -0.73301778705719267 -0.68020940900605831 -0.00028940871603991497
v -2.9026954681994552 14.387136014959378 2.5180934822052889
vn -0.55269349252486122 -0.80936757310288099 -0.19863039780009456
v -12.955310194221536 -106.09481415108721 2.5530236958616648
vn -0.50729578007555232 -0.10923671220265495 0.85482064330752516
v -5.5102622552572633 -79.769845331644504 2.5670818124532779
vn 0.77529902797433181 -0.23745820229284792 -0.58525637064956881
v 4.2766620814039076 -5.8909892391868048 2.9256172325201844
vn 0.75391074555229287 0.40709347744478225 0.515648609386955
v 10.005774323819754 71.772066007307302 -2.6517800057033449
vn -0.39378142847925829 -0.1688150432771354 0.90356940394646701
v 1.5438261782301246 -4.4133811567906491 2.4519320678990426
vn -0.89786386398151041 0.25297160150421832 0.3603412973676246
v 41.343635104415583 143.93098798660122 -2.7961050208548173
vn -0.90871719914779392 0.40668244887632443 -0.094034237110449795
v 2.8553531247354829 -6.7327360046067284 2.6104902949433595
vn -0.95392085844063013 -0.26110359875642175 0.1478509605932164
v 43.810838911528286 149.17675653606005 -2.6138411002116104
vn 0.73335270279067666 0.083615355151340762 -0.67468680563097183
v 4.4855141723026648 -6.2411297742784111 2.2390643801533932
vn 0.97236455063877336 0.069359141102869143 -0.2229270961694173
v 4.0931080153409756 -11.97666821411168 2.5144662288477511
vn 0.90815935506939993 -0.075487493180717555 -0.41176233943043261
v 7.4613305750946601 -23.016394927867083 2.5830218351093954
vn 0.0021733623930459867 -0.17174887329757083 0.98513836643231156
v -5.0613511426645452 15.820567426921359 2.6200125556273175
vn 0.067147871772634773 0.081218296625331074 -0.99443187379009812
v -4.8661853997301456 15.178063386292646 2.5643754184538983
vn -0.28470875674195989 -0.49311925441428778 -0.82205494023230863
v 6.9782595809474319 -22.793819325226757 2.418730756620302
vn -0.82763584896140596 -0.22708803428804433 0.5132737341780943
v -12.700249412437753 -115.67123113838589 -2.3536927820153366
vn 0.63554976501632721 -0.55439330959158428 0.53733095431752387
v 4.1654957060546849 -13.059147583810148 2.420074601100672
vn 0.81242583295813409 0.18183895810046666 -0.55398452980134616
v 42.761006454404935 145.55644455982011 -2.418834317549293
vn 0.93514479998673561 -0.26078792493166159 0.23977877568209868
v 8.9699161466760522 -19.717046545342022 2.456569679481496
vn 0.88997734962845287 0.33046652962739598 -0.31421678813255655
v -0.79676808554792955 13.738048653207075 2.5726169659377343
vn 0.92528080503633237 0.22063345473487925 0.30850658093964323
v -2.9220367509247254 40.013327734607934 2.8837199308192707
vn -0.52543007021531296 0.48539499718603679 0.69879534773801877
v 7.7672465346496811 -21.918209625542652 2.4849847946736752
vn 0.8472616450831979 -0.30147645312939203 0.43733242845624282
v 6.393934222886501 -15.845726392227977 2.6974079501119812
vn 0.98315268092027486 -0.051726988515126152 -0.17531435953290367
v 4.6248990747503003 -36.741775663719096 2.6018098320912815
vn 0.38195454623728481 0.24028479077513037 0.89239786190399506
v -4.4805016746635218 10.361083085698658 -2.4770680129329148
vn 0.5370464210354633 0.59804724651146579 0.59491228983191624
v 5.2364721395155698 -14.850380168005159 2.3212822781562426
vn 0.40263941630207439 0.18564325293407716 -0.8963359208912578
v -3.7079726343579331 14.857760297117267 2.480364979580532
vn -0.1957152865562857 -0.64502179435800633 -0.73867612078052769
v 7.7959605363093702 -22.721704683003821 2.4523095363463439
vn 0.72561245260814544 0.2483094382519041 0.64173903691065548
v 4.7371923675908754 -33.571763465840647 2.4283594023964996
vn -0.39147651130036865 0.16407729500733811 0.9054417608897698
v -5.5907697065208151 -78.762294209936584 2.6699337362648627
vn 0.23925969756794241 0.87613814359673026 0.41849342940430001
v 7.9604919966878693 -18.90814615445387 2.3549682225525297
vn 0.71541019591187482 0.54051283536961525 -0.44275741257039636
v 6.7923556909024354 -21.597342731063446 2.3551099798984958
vn -0.95345905784990093 0.2210003883652035 0.20512106997187915
v -1.1039986948519716 14.184146358529357 2.2345063220850161
vn 0.31031256865592283 0.91305545946804789 -0.2646428492700213
v -12.591130612457402 -106.22466835412185 2.4457126215964387
vn 0.80480261603255476 -0.43420027500318586 0.40467625383053279
v 2.9192244595533188 -3.5917130718951551 2.2548830467620404
vn 0.86645025143442911 -0.16954680637915115 0.46959327320123018
v 3.8035020207894492 -12.000963711671584 2.1486893543064376
vn 0.49986395851141369 -0.073478852246197282 -0.86298139102409444
v -38.670365874251239 35.671826088626545 -2.77821067555361
vn -0.44703347264331017 -0.78084156366536506 -0.43640294085751824
v 4.4821839691595571 -9.8341813234569102 2.222831907748327
vn 0.70185865600445096 -0.0083661575487125762 -0.71226710888506983
v 3.1316885553668472 -10.076062590691059 2.683999336505785
vn -0.98990846131290899 0.041895154591791529 -0.13537368371599678
v 8.2706125756469788 65.797075323908487 -2.5670053708822902
vn -0.67519910803620087 0.26017279254543763 0.69022915218514758
v 2.9680113524431366 -6.8024301210848037 2.0885826492425692
vn -0.80210020130238235 -0.34190136471992671 -0.48963121211104349
v 2.8779691330054926 -12.121242851998755 2.4219356553285167
vn -0.85872412347175497 -0.071418949546239535 -0.50743690584483281
v 8.6550302754951858 65.531674264994109 -2.4660368249086155
vn 0.31183211063652516 -0.1565977026800239 0.93714347583030677
v -12.404135230999319 -107.99165003697219 2.1829996037820258
vn 0.89489541966108155 0.017532653047283936 0.44593137806924982
v -51.97803548810144 39.381322757149086 -2.4246026173638788
vn -0.33971144203579728 -0.78914377718205597 0.5117110855598076
v 5.9500833124588297 -31.17887526767592 2.3821209138019594
vn 0.044302992885039055 -0.12853160105701908 0.99071533366106102
v 4.3648716797121274 -35.369467044420581 2.4117797745637786
vn 0.11574766827261232 -0.013816703090391255 0.99318254918477367
v 41.705681000256277 143.77549512154485 -2.4630435792354035
vn -0.077525789340067819 -0.016346539663844199 0.99685632998352269
v 5.9459461809116085 -15.521709526666266 2.3465714464805547
vn 0.13270267028390295 0.10310823986653703 -0.98577821652293895
v 7.3986527397714053 -18.024821538294987 2.222418211136493
vn 0.63237713455040989 0.40599498088291969 -0.65974785728768415
v 43.254687554577231 149.1651171923061 -2.5802934282281527
vn -0.87720178428300377 -0.032614860810400194 -0.47901283960352531
v 5.254242670275687 -33.585708271880549 2.3214951619508355
vn 0.71529823163888029 -0.25994182737962557 0.64867456108038624
v -26.427414522182488 26.980032042299701 -2.7458624863256391
vn -0.7171353111283596 -0.62629940202352996 0.30572210348255757
v 3.9333007733974164 -35.134596345445523 2.1942064513310582
vn -0.79777799893175483 0.51015253193626753 0.32139486395936767
v 6.6111052102807975 -18.431335651136489 2.4102140478067464
vn -0.74640278965861562 -0.42769633354150177 -0.50986147321109987
v 7.767044095293949 -20.051448279865351 2.5761494639017841
vn -0.97086758688239494 -0.23224543218297419 -0.058976164433598384
v 8.7465633688939803 62.445123606314127 -2.6033734480878685
vn 0.98544312319410543 -0.051577952094991483 -0.16199248688483608
v 4.6630672156749373 -9.9519955986991882 2.6171689166056749
vn 0.98261074131188386 -0.12846680005928618 -0.13406122609105689
v 4.6252043132739589 -35.367739692010879 2.2252019799004792
vn 0.90119204102656514 -0.098457028323498494 0.42208899389119309
v -38.199687863945798 36.255887658301049 -2.3290720098662092
vn 0.46849910833862779 0.63087960302526458 0.6184654492957512
v -5.7286084791105054 10.84649840600331 -2.5426514211963722
vn -0.29671642770241785 0.12660599657221053 0.94653593865392838
v 6.7771726913304802 -17.032094695488055 2.5956069590979429
vn 0.8187438776935555 0.57382835420206035 0.019480314501435492
v 3.3546010490573792 -36.547214162415713 2.5896110462603072
vn -0.13494910223458326 0.9700054663508022 0.20218341933908132
v 4.689535846168404 -15.280213555272205 2.419713617370197
vn -0.44120367386989323 -0.58330781032087953 -0.68197603812917784
v -0.59122181907589577 10.119942114566683 2.1848660149981538
vn 0.95550894564846356 -0.17017252938339147 0.24092315170821663
v 8.8012793627296233 -24.797540317107089 2.3682782071392712
vn 0.7451898670251883 0.16808951795021917 0.64532005705560169
v -12.874865100031998 -108.63323686002791 1.9467237503128665
vn -0.93002591628203302 0.31828548751578917 0.18370123429253651
v -5.2961334134337985 11.075478335132194 -2.5968504240069903
vn 0.18845134097263017 0.3558418562002133 0.91534838474845415
v 57.017200556098487 169.42805348259139 2.3535116572734189
vn -0.27420738351456897 0.24562898525845547 0.92977239818516633
v 62.861594276436698 177.79953611141286 2.228362064463191
vn 0.36114044737202838 0.14593716253088243 0.92102112997713903
v 60.8666374607227 173.35026464510196 2.2516568199340377
vn -0.45394855222196573 0.19299137830143479 0.86987645090374399
v -28.037221262962014 28.995983296630669 -2.5396276351110769
vn -0.20980377206224915 -0.098907472178715275 0.9727279625751839
v 6.8250871436981981 -29.896905799407733 2.3173533303051101
vn -0.27703729917848868 0.41393595616374007 0.86712591880228029
v -29.03492418267772 30.508659166040232 -2.5489993569462222
vn 0.279636249636317 0.26870279414684295 0.92173877878009181
v 4.1783926680643226 -36.571802193938773 2.4739285210394266
vn -0.6088379031562039 0.74702760488172648 0.26695723482428413
v -1.6259178222801429 11.062789795938489 2.0696008641806198
vn -0.94550099891312411 0.28031852612496161 -0.16567855916024091
v 3.6267836039192165 -37.382901618812276 2.3889687791928238
vn 0.32960695309527616 -0.91263807478216274 -0.24176641811706562
v 7.9248627205337421 -25.023959995994247 2.1403477644376085
vn -0.88159378020781587 -0.38273113364760691 0.27624135468048761
v 10.37699646995071 71.87323066153175 -2.6534504745054504
vn 0.52863810268733846 0.20000242380063604 0.82494896015511265
v -25.43561980080581 26.263806923534922 -2.2975580196758481
vn -0.22840316017653539 -0.38687683814358742 0.89339706095855953
v 7.1547379559849063 -19.299670067561422 2.2273595489025473
vn -0.64334199989186103 -0.44615397770207432 -0.62213961403832629
v -25.942677995826102 27.693176067027728 -2.5154861947309226
vn 0.28429573962669069 0.59445248193149247 0.75219823128986518
v -11.614926736995699 -104.09604480048199 2.8495512187808458
vn 0.39181536336190953 0.51829956798911325 -0.76016200829551672
v -1.045534804899956 9.6692073764593616 2.4980894663253652
vn 0.39647591606245736 -0.33217030959248856 0.85584445631648842
v -27.497958764033768 29.154692656664775 -2.6565072616215182
vn 0.51523002738275514 0.46604025776791158 0.71926663833573146
v 3.2845210243656289 -11.893842319905925 2.0830836213526074
vn -0.29660647640730797 0.052239057409369037 -0.95356996546358452
v 4.4024968633981585 -8.4982108084204384 2.1972699751671163
vn 0.79045970155939083 -0.020410679249681558 -0.6121738841074531
v 3.1937726570334517 -3.7747549268013851 1.57794661103806
vn 0.96374120949065756 -0.2656438921130706 0.025223078965578946
v 3.8896242310650653 -4.9042676787895365 2.2507210290741071
vn 0.8549508911126974 0.51069011848548573 0.090854700851883879
v 2.3398811149123855 -5.8396922509640143 2.2480645400307235
vn -0.85387972018873304 -0.50748532365564625 0.11553384666207184
v -12.496091544121713 -117.80877099653868 -2.6536078018659843
vn 0.059860893915327104 -0.3021437856669722 0.95138099947523058
v 57.105768981431652 169.83690819274932 1.937375274314141
vn -0.55515743367232384 0.72995226708736927 -0.39871031039135313
v 62.632322996683598 176.50320853618521 2.1850238329225391
vn 0.80492588479683302 -0.49681976183641285 0.32444482463563135
v 6.4806569167200356 -17.215104194011005 2.1517022797474139
vn 0.63233657678356625 0.17578741700933528 -0.75448607520803679
v 3.318738025335108 -36.858191629791648 2.149212684981503
vn -0.27813648500418614 0.20968063678928336 -0.93737619249965853
v 3.7201319219200872 -13.376141607928258 2.1267060635641819
vn 0.083879948969823814 -0.12592772574829386 -0.98848690535013273
v -2.9530473448471497 14.870521411308331 2.1212728910551952
vn -0.42044723320961058 -0.14030033189158109 -0.89640389387680341
v -42.620418582300459 37.452373569881459 -2.4859475629132941
vn 0.42586655801817935 0.78762284106623404 0.44529533457302511
v -5.4190427949701352 -76.73380046074567 2.1064123313835417
vn 0.069834885150718756 0.21498683751079622 0.97411690700505382
v -1.8905748384827827 9.6328946511820828 2.2042305335036843
vn -0.82494649007750287 0.17396315061344184 0.53777328934919544
v -2.590436119192681 15.187839373203214 2.1851189531690878
vn 0.12032150117396437 0.60095703353374441 -0.79017300650020039
v 5.3037001674150019 -33.661932296311008 1.9773375632904617
vn 0.86987406499807762 -0.41066640791107151 -0.27326216799465219
v 58.900405318412574 170.7386936056715 2.3314931593159889
vn -0.07749875087970709 -0.13501629779212151 0.98780794841031427
v 42.666147174088692 146.35465014395874 -2.2471531526097372
vn -0.13162508171619455 0.047743428362351362 0.99014918214954573
v -21.541695289165098 24.591159074344361 -2.294693014062978
vn -0.22328676174121298 -0.43322615465164949 0.87318847962903634
v 57.327118529502215 169.21829969440495 2.16588614975799
vn 0.74536041891721483 -0.59246064147519073 0.30566032489408784
v -1.7408662897133182 13.446206658358884 2.1321971175634395
vn -0.7523138842005116 -0.33998302751582088 -0.56430077143338708
v -0.821727543649871 13.25233758399108 2.0914774617944278
vn 0.76239031112952016 -0.4753903196725951 -0.43905017646895589
v 56.051467488504727 167.9215364427792 2.2394838435923248
vn 0.37721284122206561 -0.46272542007447326 0.80224413867231137
v -52.750207028952879 40.470665006199233 -2.3982150003315614
vn 0.34396813173230217 0.57726629253562733 0.74057379906040488
v -12.5856393460974 -108.74332856416478 2.1786933710964398
vn 0.20316232716383559 -0.38776247926269025 0.89909139051457176
v 59.680997292874594 171.92215196469868 2.1602283891615137
vn -0.64023920182892202 0.51668570122427504 0.56844494068629392
v -13.048166594810809 -105.97649649074761 2.2304753396928554
vn -0.81898427292671183 0.35279234109514407 -0.45255090847695006
v -47.551362547469921 38.42948545893536 -2.6344812235001309
vn 0.27050553227885876 0.96171076958994928 -0.044035811122754703
v 60.767695521886708 172.70704097318719 2.2495271512550801
vn 0.59923785387277462 -0.38203252942525739 0.70353759028703722
v 6.0804637856731958 -17.414420210119278 2.1018186601188087
vn -0.37987898613182958 -0.15662472655230572 -0.91168012533336962
v 4.2344290195420884 -36.98563971759075 1.9201205270570405
vn -0.5781376030482126 0.052133779996619771 -0.81427205584186135
v 3.8476305272741018 -10.043576779368053 2.0288945331602517
vn -0.048138681702449171 -0.12083323864939051 -0.99150491464311452
v 8.139634210275716 -19.936049415805037 2.1484653981966879
vn -0.54142695088924742 -0.082626824749008509 -0.83667775438496572
v 54.754570194645567 167.15238653725646 2.0330472501359509
vn -0.35261806663087164 0.046314024776522016 0.93462051667749402
v 6.5287375392270626 -29.907858504685418 2.0159331609499258
vn -0.69264967284392898 0.70515407343115521 0.15163826506738715
v 8.4955988513264344 -28.981616806845352 2.2193584911035984
vn 0.2476695721117709 -0.060657906217806173 0.96694384607548134
v -42.950691930649981 36.906486583137522 -2.3521327524739846
vn -0.41902200355368141 -0.50829283707022499 0.75236889377549376
v -2.395867803723311 42.178837046796019 1.6051918097568354
vn -0.87622920749768218 0.41179414513916995 -0.25029574098870327
v 58.150185176368026 170.59496131423839 2.0445529518846826
vn -0.66869796632462974 0.71829232588026648 -0.192091552169327
v 7.0550704521502681 -30.511888446640953 2.0829481500580682
vn 0.5999306732665507 -0.76060275966625635 0.24812623654506652
v -12.66356381754521 -106.04282878204977 2.1464261894925301
vn 0.56425072043427116 0.21399153752520128 -0.79738870468361067
v 3.4107763623575424 -9.8945300983218338 2.2037436139879336
vn -0.66630429238033939 0.078997807024059161 -0.74148360497109089
v -8.6224235314890478 -52.244121652543569 -2.1362461889122635
vn 0.083582176619822895 -0.70482791949899637 0.70443709701165591
v 4.0104977831187592 -8.4274220805370597 1.9304872453968664
vn 0.23891196674211287 -0.079758653980244718 -0.9677601093570013
v -2.2541737154651322 42.328055510849588 1.9087949725931281
vn -0.51012158356048476 0.73001830138283197 0.45480682672082695
v 8.3122834070723428 -28.529033351731051 1.9742353373248704
vn -0.3775766349858643 0.32251023749053875 0.86799944206580437
v 8.1646448637269717 -28.022803215379739 1.8764046923011997
vn 0.61711218105023802 0.093676010134948251 0.78127931056992383
v 61.490226091935249 173.60914711210148 2.0833708610386843
vn 0.85605303524542697 -0.40964510883245692 0.31522069357314769
v -0.51480262449865055 11.587381349374979 1.9805654464955909
vn 0.87916680776438572 0.16246163118786608 -0.44796422013053394
v -2.9353535315324333 -37.510987178669914 -2.2715596244575451
vn 0.56533006138211717 -0.36216406746248009 -0.74110667918776985
v 4.6058980032197567 -35.302256722976232 1.7871456658836538
vn 0.77522425127989814 0.19036216550859314 -0.60232018575704427
v 5.5147266523894238 -31.075559581983214 2.1092258679426918
vn -0.85083596313612952 0.38650029455873014 0.35594337490706279
v 59.91973574444129 171.41626786968624 2.018642571694051
vn 0.70639950288732944 -0.70686615005134124 -0.036605849698218507
v 61.987738473404079 176.15683927320501 2.1026139498402143
vn -0.86497047252381309 0.38418925012459526 0.32283850723021323
v -5.8260854599303684 -71.292783005416879 1.8854976160662531
vn 0.81936285677038456 0.21509827717967844 0.53139179528800462
v 62.391828554792788 177.97797642866806 1.9420890757678073
vn -0.91734779728169613 0.39771811835454246 -0.017126504457785127
v 9.7652060204811626 67.576509984128606 -2.584480127041374
vn 0.63099541561686689 0.072427820790745084 0.77239821092879357
v -5.3121842382234927 -77.775329891544899 1.8497679410155996
vn 0.45081178110107195 -0.25809339758488753 -0.854491975470553
v -12.676044831972337 -108.59586256967332 1.6865528372149967
vn -0.16440511539401242 0.48236263786489803 -0.86040527870550565
v -1.3678431955313499 42.755558005085959 1.9452199533526198
vn 0.13180782399699303 0.45310671017645149 0.88165810081133555
v -43.585583135196295 38.242255944535223 -2.6278538934452347
vn 0.42803820670924064 0.83495530736336687 0.34587993336255146
v 0.15373570588867125 42.893056355127179 1.8730795340465844
vn 0.43095514883834457 -0.32530468609474011 0.84169740459058262
v -0.86803706750862053 11.311359403438999 1.6208898725182688
vn 0.27960821160416383 0.046627990807449206 -0.95898127118144572
v -4.7510879118799494 -72.647202763307305 1.9405281277254964
vn -0.1757791524009959 -0.2323200333767946 0.95662379840404999
v 8.1470863510274079 63.355325612663293 -2.2692298024628226
vn -0.57814788928480754 0.17096560348268058 0.79781939092837584
v -26.559904942659216 28.325912090848423 -2.4597689341872373
vn 0.16881463555856779 0.14714111716335115 0.97460305276617565
v -2.8172785633213095 39.758406424603379 2.2034618653541997
vn -0.3902030800104358 -0.22325850130006891 -0.8932509154473991
v 8.8016469803203901 -24.749608791974978 1.8084223984908299
vn 0.86205177634944852 0.29350833114438662 -0.41318227750182779
v 6.2697240744058593 -31.408209254179312 2.0442836473620063
vn 0.83645448972280612 -0.50720697934617032 0.20756918539391542
v -4.5485680363782599 -73.518971377273516 1.9259167927301117
vn 0.37185322510553243 0.042192364409968319 0.92733218609304768
v 4.1013171639965327 -6.2160996499001584 1.7546140415838611
vn 0.59912376879565654 0.0202373601640576 -0.8004006240113003
v -2.6787544139140707 7.0962231108458269 1.7629485727954446
vn 0.30285040506853123 -0.4352372620037071 0.84785031574762226
v 3.4442201021960717 -6.8732198987835567 1.7350975949904925
vn -0.23487470147828615 -0.33105413792474297 -0.91391303326322648
v -1.2006708640931691 13.115621140619865 1.7896112434991012
vn 0.070193294476756499 -0.56328842888744157 -0.82327337336513995
v 42.351794604396126 146.00270134166999 -2.5243463935471908
vn -0.93847814675723584 0.33266059851277413 0.092712967033887886
v -49.039738564552493 39.464186492039595 -2.7418999755960156
vn 0.45015290867892233 0.82400369626504566 -0.34406433606151077
v 7.2513729799846169 -22.489889087872569 1.6626621184301298
vn -0.15852264796072979 0.00048112708146492327 -0.98735522412161769
v -1.3899292028460772 11.511148257035128 1.74368447050903
vn -0.5936360327234681 0.26858711922033784 -0.75858896646422536
v -6.4790176641340906 -71.146471061353964 1.9273407053980023
vn -0.4451449904043876 -0.39385804430262517 0.80419013824840524
v -3.7166914562554387 8.7056091575055401 -3.0872857591173486
vn 0.35727478359481235 -0.098880146384887679 -0.92875047545515854
v -6.1383744608522841 10.407454642826735 -3.3105070338625135
vn -0.87857699110121557 -0.43561842010410362 -0.1958036331980067
v 6.9585761509239266 -21.556944536439389 1.9259571762801473
vn -0.62237903878428347 0.31489015673117504 -0.71658113377046651
v 55.89317554999775 168.24641997014618 1.7862915816191816
vn -0.22661314509155642 0.52851370456437363 -0.81811964073682719
v 7.5272802395668066 -28.149179478098304 1.7973175541667246
vn -0.75253198819294509 -0.19866114200072896 0.6278768648432107
v 58.89303110641044 170.87699813037551 1.7769124006695762
vn -0.018670688490362925 0.16552462935823115 -0.98602890549269206
v -1.099328558291468 8.8115392628997782 1.961597778942751
vn 0.70880254390583375 -0.59612435846845224 0.37714016359066682
v 42.82800146404999 151.24921419116606 -2.4970107825331667
vn -0.95323688078359481 0.038274106278646039 -0.29979083025091602
v 5.0234932604914331 -32.552197043494424 1.7511029115606298
vn -0.60391001599750038 0.24124055420107141 -0.75966814306423225
v -1.0378585914083658 42.431460932860304 1.8494932751337956
vn 0.32709866929048342 -0.54626249573456409 0.77110553512618507
v 7.0097582781195644 -22.928607772067828 1.9215759441958646
vn -0.8346161160786032 -0.33129077485389402 -0.44007085938354756
v 5.7993985087293325 -30.738712460819109 1.6361194175966602
vn -0.57731752867783726 0.44154131246804978 -0.68683749203527489
v 8.088412970515316 -24.850502712478722 1.6385569925750236
vn -0.60908832111938982 0.030688935175667575 -0.79250842666418819
v 4.453062120256754 -35.699168539734792 1.702979742783697
vn 0.36969829755306655 -0.64990373279399982 -0.66403938654780825
v -1.6490943359879564 14.008564983910214 1.9109789068201293
vn -0.51064161814765618 0.52290438580932297 -0.68250724620103342
v 54.183706125343264 166.42453043226374 1.6886318003457177
vn 0.40488310666685728 -0.78539334303493991 0.46821679450036363
v 61.850484632008495 175.5561648587269 1.7821890642113059
vn -0.638710875667439 0.080636446764994027 -0.76520989326932365
v -5.6086615006385081 -77.059077091130632 2.0249688769185799
vn -0.91103335106548411 0.096537647726743114 0.40087244332553174
v -25.214085293306038 26.840569381165654 -2.3491683901306928
vn 0.082474554472037262 0.53774028136763452 0.83906694468278054
v 61.356660073846598 173.66208269125787 1.7326199845366668
vn 0.4952221087391861 -0.07575835571799984 -0.86545695130076727
v 5.0928237376799927 -33.529698235697197 1.7214257762439082
vn 0.27067182467397805 -0.1168594713635094 -0.95555252460568607
v 4.2321640183589935 -35.038434737303177 1.7109814901562466
vn -0.10537528075426882 0.71950175450128007 -0.68644976180019091
v -5.4984239297659006 -74.483841962896236 1.6553324988517855
vn -0.88628646656924026 0.36970336537342902 0.27895469310942217
v 8.1035965043861466 -26.118795690800379 2.0102906170339878
vn -0.90770155716701084 -0.074567676234353258 0.41293770084310849
v -2.9150850981448677 21.696061216509175 -2.6056393330728991
vn 0.63180375224007979 0.25655757591174733 -0.73143846555786496
v 56.03683969603685 167.81803778795188 1.8081266918312053
vn 0.58726656634632401 -0.50734689096238905 -0.63064816838122706
v -21.041736300025491 25.072034804318918 -2.4080344874088331
vn 0.51297774655776129 0.47218258903532523 0.71686639909289807
v 62.715046301846954 178.93569187299042 1.6992678808377342
vn -0.33546419769199409 0.83941005249014122 0.42761493875374024
v -3.3556029917301582 7.4521228081841464 1.7069154536824656
vn -0.63194914050051465 0.076028617072538912 0.77127163386623909
v -45.859841911005049 38.245829924576995 -2.3117296342987057
vn 0.071534057702841922 0.64011396227984174 0.76494247749943134
v 2.8886925005576352 -4.2155024428776855 1.0055447722470703
vn 0.81602998520109615 -0.46263116617579336 -0.34650752854090228
v -2.3465300773085751 7.0744064605447772 1.4729433967854673
vn 0.81825532766504427 -0.45961560976762489 0.34527048817659667
v 2.6241355228097198 -5.8880678102418651 1.6530605704076198
vn -0.52496153483269181 -0.58217269632883994 -0.62087868267102941
v -3.5116037009850336 6.1868140577027422 1.570120023412314
vn -0.32534836315246385 -0.1996941219044796 0.92426765618559392
v -4.4409738954488223 -73.687404924703969 1.6090326437492486
vn 0.94844599983968381 -0.30372954704286825 -0.090545831716520572
v -49.965473730707785 39.730839061522595 -2.4327267746590815
vn 0.1886870745742979 0.84984468060122553 0.49209877742420199
v -5.0678068929346693 -72.666217585689878 1.6068274393080415
vn -0.95533110673930832 -0.21307265363657441 -0.20479873234108878
v 7.9795123510501824 -28.68648090188843 1.7443279220153087
vn -0.92917107038573332 0.22191934053306067 0.29562294947382206
v -2.2220740718735232 9.4214665722355644 1.6416184808233036
vn -0.91765383065180783 0.37066135962652991 -0.14325363370565994
v 6.0408480390184138 -31.32288405054851 1.5326014189487687
vn 0.32190058668343269 -0.2965722156669412 -0.89912453708441487
v 53.171658975670596 166.40230410478651 1.4411947071909381
vn -0.65828930174822731 0.74897999712802732 -0.075393362479276055
v -3.2581171301778724 21.377710780549066 -2.6372184061508452
vn -0.19883129556078091 -0.44012294945242042 -0.87564713513545145
v 8.8202293329409578 -25.529582808720431 1.5344965451585897
vn 0.41556556697356117 0.079998109770481593 -0.90603838879988552
v -1.6173006816592306 9.8293280826946194 1.3261469804609298
vn -0.51987198590349049 0.31408874846466062 -0.7944063043308911
v -43.916357634704994 37.594082127009763 -2.5507745906326864
vn -0.34655056839913628 -0.77656113341608746 0.5261706088425665
v -7.802708556981635 -68.250538891682993 1.6033065976304215
vn -0.33273398526899201 -0.070488173957720432 0.9403826414705454
v -40.96621453804309 36.388799638598464 -2.5396773367224936
vn -0.1778489222964959 -0.91621396721495652 0.35905671852536825
v -51.872925393564245 39.7234937711927 -2.2765241371417657
vn -0.016541516432256591 0.26407035192644907 0.9643615646984085
v 3.7959024378447399 -35.709443775021775 1.3190141037652765
vn -0.51788658251708597 -0.37938908812235977 0.76671859731094161
v -0.38886874267689464 43.476997627227092 1.5239497121976306
vn -0.64405883383517259 0.74503940800163126 0.17350648138745831
v -20.293901820520468 24.14261386398335 -2.4519305675540508
vn 0.1127974006376665 -0.228286847729606 0.96703767329048018
v -5.0490280814093325 -73.529501010963585 1.6864293035139095
vn -0.96573189004077042 0.21619919793645423 0.14359604231981848
v 8.2411283270971047 -25.979503795329165 1.4774672465242826
vn -0.62313845774569532 0.26539034296323066 -0.73570811354787646
v -0.94277752043301177 42.304407424141296 1.4251460620740648
vn 0.50678000672567669 -0.79313472552323594 -0.33780368848238512
v -6.172830446003843 -70.915541816065655 1.5085481265352478
vn 0.42417201842965735 0.59466182107310706 -0.68297541488645575
v -0.011726030288386369 44.36475238312493 1.584579360109462
vn -0.46810090881719074 0.47399694534589953 0.74579382872699895
v -38.850540005204294 35.807235667533647 -2.435071327247023
vn -0.56163965910610636 -0.62503691948325157 0.54211598630003888
v -5.1630893640841116 -74.97778535435279 1.2936333084198512
vn 0.52652519782955076 -0.38747214204278319 -0.75672753035113605
v -8.0110138567011902 -68.170520963089729 1.3538904494021029
vn -0.96716850987600556 -0.23310608960805237 0.10122561183746619
v 3.6922414247296045 -6.1722030866354354 1.5855363567726743
vn 0.15611022240891609 -0.24981909567905897 -0.95562545900239382
v 2.8753530998245953 -5.4666601859017163 1.3064729260746604
vn -0.15784630620165321 -0.34570787649521217 -0.92497059831524653
v 3.8718017093674897 -5.1056316416752239 1.7549363296644225
vn 0.82806673720947754 0.28483793146505554 -0.48287972780596039
v -0.88028183210412081 9.1858550567662007 1.5209802625210607
vn 0.86752102868055969 -0.29493066282174396 -0.40052861186755484
v -3.5386542582259679 7.7145004788070457 1.2829535107098691
vn -0.88878656606612749 0.43654942953394466 0.13958164476022197
v -1.7204952474711392 41.73188498814082 1.5290812440300146
vn 0.68754783997892599 -0.58202279464519924 -0.43419745998071579
v -6.0766510027835352 -71.651366639795185 1.5242314598715545
vn -0.37580808464337284 -0.6086181903361978 -0.69882199586773974
v -0.0048178371929736841 43.54069732036605 1.7626907256026669
vn 0.29349622417114873 0.36812190673110512 0.88223932590988852
v 8.0709189002553554 -28.870301577829427 1.4264582523640568
vn -0.78369688768211876 -0.23081653569032662 -0.57666534063464991
v 7.3683243730213421 -28.16732769876533 1.3137097085088483
vn -0.92370690727828353 -0.20147338579033769 -0.32584355796082037
v 0.31932789485640711 42.758984117929394 1.5052465389920879
vn 0.78831667039713005 -0.61506272363984471 0.015958482469163669
v 52.414607634292153 165.32482876065617 1.4520773575262904
vn -0.50141285301589622 0.031750775122303655 0.86462537500907999
v -4.5047586109063928 -72.680781304415461 1.3651146317536127
vn 0.46159013662647069 -0.12847950005277153 -0.87774003203417006
v 63.12390738480471 178.75874916475078 1.454369411656554
vn 0.8646163390390621 0.43338238326897111 -0.25420129059231028
v 52.821086484882962 164.10089481078464 1.421281250944574
vn 0.61399179164518081 -0.37633824017358192 0.69381813811357829
v 54.510999157780134 167.03240930659831 1.43382178064968
vn -0.14946186659368363 0.69613384910280485 -0.70218146840232476
v -13.086575557968411 -116.08949525890182 -2.3446335138212646
vn -0.49586538648152673 -0.57929067995174133 0.64694654076714497
v 51.831322054931491 163.5015789810023 1.2638930685811118
vn -0.5179257065625964 0.1960653733331395 0.83265318822506884
v -8.1386572212965262 -66.733292401728136 1.0789708561013214
vn -0.9966487135434775 0.0012630769222979001 0.081790870082298767
v -5.4228767411354823 -74.737030082257149 1.307947872589672
vn -0.76772197790003349 0.13714144994356428 -0.62593544983219884
v -7.8610428069542735 -68.112974060672911 1.0723439924353713
vn -0.35580307736705546 -0.12570543889020042 -0.92606820092774766
v 1.9803050707343317 -4.682325203613571 0.93211384034109557
vn 0.13901408475751026 -0.93292392584039652 -0.33215663900270603
v 1.4082798769964562 -4.7654229642094412 1.6352655275745414
vn -0.73994999730094135 -0.39294753015940592 0.54595443036572167
v 52.837578034818954 165.23340231687922 1.3641353701321499
vn 0.64172449675879717 -0.63797078658227513 0.42565590061370179
v 51.665037060747352 163.05644686344556 1.1509507468602536
vn 0.4790943342928517 -0.76290500763654567 0.43410202507195378
v 8.1820224003770363 -27.971336179465723 1.1653564646173
vn 0.6450302055374717 0.17735027715418575 -0.74329194340960025
v 7.9365994569005736 61.614053815298028 -2.2194692405865304
vn -0.88976572119266428 0.22295755281088564 0.39825480666914648
v 43.880680443186037 149.08431989710371 -2.2738489151410137
vn 0.90906757620758227 -0.13185101862161888 0.39523594317383776
v -0.25402072962001654 44.287146980662683 1.0654876303418916
vn -0.87695428035286815 0.25162045075547718 -0.40943661161698003
v 9.1849811382975126 -29.024665653370356 1.1076392880325274
vn 0.74447789386273422 -0.32683074825262204 -0.58218066572700489
v 9.0124456721470008 -26.086083219872567 1.6637767265925625
vn 0.93042605338933226 0.0048036874562945994 -0.36644820065211631
v -45.713185134568121 37.966815510477694 -2.3536762845280705
vn 0.14288733108366294 -0.5091680625561138 0.84872321441600795
v -1.3998444238504604 42.902602047553991 1.2443029103786287
vn -0.4532854787815182 0.65397737675773948 -0.60567802124138159
v -7.7851122187809025 -66.813750503944789 1.3584037202897861
vn 0.078071121749471714 0.17784338748125222 0.98095699675264691
v -7.5105339963241846 -66.775334807309264 1.0371105800036204
vn 0.97507296514706809 0.20847925772068651 -0.075954668977857881
v 53.302394835624099 165.84737373632686 1.1990018596724852
vn 0.43504379845610647 -0.90040610992793035 0.0023938732912503293
v 0.094273235482699391 42.863586416874632 1.1268565344072261
vn 0.34592876209452372 -0.46416202817612706 -0.81540597444167318
v -0.38213142074548045 43.139504791293398 1.1044217038003818
vn -0.49028747141243967 -0.12198617062595589 -0.86298178981483231
v 7.7599246903540156 -28.122893591693973 1.0504114649556717
vn -0.33412922562162556 -0.19731287071104278 -0.92164271365712014
v -1.2423194901746051 9.313262861648699 1.1780334121904161
vn 0.31500932773024626 0.011142185667296358 -0.94902316891712069
v 53.063242477412722 166.36365968398968 1.126412569288064
vn -0.48596515367357096 0.64148479788091883 -0.59357823705279089
v -2.666888081376698 5.7426734048054922 0.88040896139619029
vn 0.82093596385105427 0.0033216286557288511 0.57101060413884963
v -2.2521986355091927 4.63534028814931 1.0189402741628748
vn 0.084160049648057719 0.64140273509925128 0.7625743356882897
v -54.857706629620395 39.984225412803475 -2.431428618980803
vn -0.14737918773484965 -0.92361220860501536 -0.35386418741995002
v -2.817742714510393 4.2160938892158066 1.1614723568808007
vn -0.2756610570442351 0.61312229776972382 0.74033237779177874
v 43.732462176777716 152.14421136805765 -2.2582940544988901
vn 0.87375930443086613 -0.48097739144088519 -0.072148644084350053
v -3.0878494570537769 5.3339987118855445 1.1483054140521087
vn 0.15787993862986499 -0.3494815217807235 0.92354566260259141
v 52.267712473316891 165.45829796910488 0.99846783187209809
vn -0.77585771671266412 0.37344238939517416 -0.50851311214189399
v -2.2642368095525356 7.2603233066959802 0.85960827877838231
vn 0.86340624552442569 -0.2474232866826333 -0.43967189175176835
v -0.4703870355919868 14.141794233007815 1.1059439272560478
vn 0.65302763931550978 0.60609442189249962 0.45409740589526509
v 52.210780985811652 163.22404850752264 0.89795358399125647
vn 0.63496615809526169 -0.67537270664520854 -0.37508623700752891
v -55.653559702274322 40.432336756338053 -2.3949368087037772
vn 0.27242962720509756 0.28442154244362999 -0.91917706913025099
v 50.291507479378225 162.056516296469 0.86767008258491707
vn 0.53817554311934501 -0.80758300601759536 0.24119861769873943
v 0.39771767907861388 43.866506906004304 1.0205675892824697
vn 0.52224515443269826 -0.47186836163937451 -0.71035219993700283
v -0.8832225781916021 14.320910163709923 1.1381611923426302
vn -0.087556979660767739 0.88914017925738231 0.44918094009300302
v -43.738056678349679 37.970957771665695 -2.3309162138759341
vn 0.052595670295134379 0.13222380499695641 0.98982349985153029
v -53.129043809245104 40.069115787020934 -2.3883128966418443
vn -0.010246547403467622 -0.73018997802919339 0.68316733254162143
v 50.179128294424345 162.26735830031475 1.0400598819698814
vn 0.070413370136240647 -0.088011019451056577 0.99362770581402504
v -13.810420639009784 -110.15188067108676 0.76547091910114062
vn -0.63656921412466405 0.027888673825053095 0.77071515977109684
v -13.083822751688501 -109.56533089723047 1.2039807219002512
vn 0.29576630722810227 -0.73726481498423069 0.60742315077293529
v -3.7818985392191289 5.5535895334535006 0.85500897741820769
vn -0.66201308410891002 -0.28094298152101166 0.69484510331633886
v -1.9310291572693865 4.9552564256946123 0.58976350898451579
vn 0.31680753149300145 0.85152897189182375 0.41776955132963489
v -6.027569828780063 -49.19235670335631 0.75630444832143384
vn -0.45063154333348271 0.8041773376796516 0.38759517762138229
v -1.2058562877197687 -41.476263791159944 0.93430235447102206
vn -0.45387125997027672 0.072936507718674867 0.88807721804739326
v 2.377181696018269 46.645972057152363 1.0137226903432435
vn -0.14946014178827405 0.42222457045660933 0.89408505083093781
v 2.9134742105381974 -35.985962151304477 0.94062981642323962
vn -0.10965453045085992 -0.018421106132249402 0.99379904749424364
v -42.37407106553988 37.046197664861623 -2.2726026380771658
vn 0.11488230257822721 -0.096466482881839913 0.98868411246197951
v 1.450151467694468 46.001969778054672 1.2485631678782454
vn -0.13610512247621215 0.46910724683388993 0.87259027418580781
v 4.4136755406778878 -35.648371554068959 0.73816455060614006
vn 0.7785861553289174 -0.27044642901141641 -0.56627054290781176
v 52.866790020231861 164.22825844388052 0.91326928936365093
vn 0.54033838903292619 0.071098378710931345 -0.83843869536298177
v -5.404173813276671 -49.198787099001834 0.97447744597933816
vn 0.32732846445758818 -0.16727244414596851 0.92998709979508387
v 51.927791822964394 163.74910707710853 1.0012800709061924
vn -0.51765617437602918 0.72815276232211223 -0.44925008609131251
v -37.317135535435483 34.799684509246461 -2.340343146421783
vn -0.12879436987402648 -0.33179091943287042 0.93451955360529659
v 48.630189903832616 160.4345444504952 0.94868098153106928
vn -0.45899948766669929 0.29474267423240258 0.83812065140291081
v 48.605657070972136 159.4914921534984 0.76706784086987589
vn 0.78641014823385913 -0.44499777872278035 0.42841108259076505
v 50.225314124538656 162.81330837825732 0.90845275201760778
vn -0.68581503224629992 0.60225010213066121 0.40859828196972947
v -5.7561150667573813 -49.693407269089953 0.75190717576492194
vn 0.53153348644800014 -0.75955639242945583 0.3748949712972745
v 51.861314282309642 163.36638144626869 0.7377481504769593
vn -0.057395227193378653 0.12996726539440001 -0.98985569545329277
v -50.655430206644439 39.465613810922093 -2.2861412958339784
vn 0.053684949513651062 -0.4079052084779094 0.91144460451105314
v -3.0793945535890757 7.6100525325048523 0.53817180925165786
vn -0.2528267936530465 0.36541997831871637 -0.89584979313312829
v -49.580876732719183 38.970880676178169 -2.4183071272081844
vn -0.59071731172202857 -0.72739224661936563 0.34921852354926947
v -8.1892374836009552 -64.828559446740059 0.63635796364343378
vn 0.48401157254266158 0.69501293647645834 0.53168582431277067
v 2.10411551285857 46.771968462935945 0.7498154013114906
vn -0.71916857669076872 0.65093605305420443 0.24306133615774408
v 4.2142961760630833 -35.199529618743775 0.72171810553661686
vn 0.22394323711813827 0.81077641883206297 -0.54082439406419569
v -4.0106232709761844 7.751277394877703 -2.6075322045429816
vn -0.53668828446991124 -0.41142163150349342 -0.73668034210486943
v -4.5767083504219546 8.5286560923158898 -2.2618048956059686
vn -0.90333284214532139 -0.38409276121875885 0.19095163544993607
v -1.1200947027849288 13.375026305446855 0.59540789058203014
vn -0.53597250555624099 -0.72880936058832191 -0.42611077105208961
v 3.7457662361397013 -35.291709086938489 1.0320808466632343
vn -0.74562892487850307 0.65319654737108934 0.13180203673318508
v 4.1109680079786095 -35.918917568814926 0.92158337768186949
vn 0.092452779443309874 -0.99527235031666439 0.029756213945153223
v 0.87029990540303004 45.78808034473812 0.89123635721460559
vn -0.7613696957275804 0.64463752508651062 -0.068982952082596305
v -2.1080202925017293 -4.8665180253522413 -2.7143088412971239
vn -0.33619715801336714 -0.83265873910933252 -0.44005783157284167
v -11.78428199442507 -113.84768716764479 -1.5556414201893354
vn 0.63554976501632721 -0.55439330959158428 0.53733095431752387
v 1.5668037800940442 5.384546497583159 0.89078958897234228
vn 0.1731111436921404 0.97787570175743543 0.11743782968874308
v -0.54456277052877589 -5.6950258352165593 0.32414584022045673
vn 0.0091558203044856384 -0.9953647232622056 0.095735252857579445
v -3.5768227846975904 21.285149374855266 -2.3290648228063153
vn -0.7353266252026186 -0.63451038496313361 -0.23809940285952752
v -2.5499833079064871 7.563788054717449 0.61626778851845998
vn 0.42514166685486859 0.043168871394058381 -0.9040967932950692
v -0.86910375868162859 -41.543871669303968 0.94293246713855261
vn 0.47979838813102726 -0.40829109959404442 0.77658990769849323
v -3.2244122145648433 -45.614241926658536 0.65279417532504169
vn 0.66927011197985742 -0.0092140970806287165 0.74296205665259774
v 47.273021480532122 158.67536432950294 0.62437548750304117
vn -0.77565116412122648 0.459014051339726 0.43321054034969825
v 7.7585575983120734 60.03966955069604 -2.292911070068179
vn -0.96350594019294855 -0.057700447006762169 -0.26139426471925892
v -54.844113601827289 40.501470094594829 -2.3980391794196851
vn -0.044600782923798397 0.71210290230439355 -0.70065699646277957
v -1.4102747495822827 14.066720317358705 0.88627222541219552
vn -0.90277899047839849 0.30592866987342171 0.30232059688397472
v 2.8339546485207876 46.600669923613424 0.9579042084097722
vn 0.60646723472337194 -0.066582988744720073 0.79231571915291887
v -3.083156562104449 -42.295187963404473 0.37328939255317373
vn -0.72726171856480093 0.65970949435333504 0.18940373747695569
v -13.006754477878303 -109.3098799830392 0.79406735606903567
vn 0.58976143310485796 0.15495731343976749 -0.7925715633516216
v 43.509069635518088 152.33005232602298 -2.564999662895012
vn 0.094532159981679423 0.16351535395429148 -0.98200122186807937
v 50.372415160143703 162.78849686747918 0.52602230232854197
vn -0.15458960509771949 0.40138884960473969 -0.90276743705603102
v -7.9346304584443743 -50.454329180581567 0.62297020710100881
vn -0.126281418142037 -0.35989328762065043 0.92440782393791754
v 47.755372243539099 158.39402983731864 0.44613537172930506
vn 0.45587356003083834 -0.8851065709155852 -0.093625078835020026
v -48.887879597091086 39.061004949059509 -2.2085870311290599
vn 0.20222189377427469 0.15176443730462039 0.96750910137732438
v 3.5592219455372884 48.514936045003964 0.3857603214941463
vn 0.47755802067812098 0.059695620037858187 0.87656988873351738
v -2.5951619507926744 6.028536803852095 0.56561345832019683
vn 0.95340551784094041 0.28588182876902823 -0.096382044645899487
v 2.7362964482102825 -35.834102863968198 0.33590344001633277
vn -0.33669488571264977 0.7070158937941774 -0.62190439768292871
v 1.1518472392094736 45.639120801937452 0.52650299524756861
vn -0.35282659788459786 0.08052092809378314 -0.93221766340490253
v 43.255911985604129 149.49726948408693 -2.2418991474810346
vn -0.82722032338465712 0.21634386233744982 0.51855748939562885
v -37.983123357278366 35.770895100878164 -2.2282190104300437
vn 0.18046403396341129 -0.23363200440772183 0.95543122147127013
v -0.2842198552359223 13.699449480374948 0.9248898845041893
vn 0.9637185698578663 -0.22344227569218267 0.1460139292828164
v -0.55571003828444132 13.370732555976977 0.60386335839210747
vn 0.46350081310593255 -0.78387950338979218 -0.4131584688899792
v -1.3332648671419811 -41.25586518278913 0.6952066633707501
vn -0.93323737907914517 0.35893776215591744 0.015220945699600516
v 48.977485471430363 160.40414769634023 0.81169613756289216
vn 0.79127566099833313 -0.34699569068424374 0.50346481402200849
v 47.798541888924802 158.67204696344402 0.8180212151721804
vn 0.21956591792491595 -0.36659469894426117 0.90410128547179691
v -1.1154177291110035 -39.371512005645265 0.53510282955485255
vn -0.39593036347897659 0.55085677952116407 0.73470807517746606
v -13.371687249107673 -110.27004350277065 0.68980672467218795
vn 0.82670140232054667 -0.44573928626496068 0.34333843373739098
v -0.73205350217301124 -39.71046148624459 0.48532128600467206
vn 0.67247922863458032 -0.21077392389276642 0.70946884361604357
v -7.8653843477614664 -67.182289415051045 0.88572665738509215
vn -0.38466558857906202 -0.379759243831227 -0.84131759858442179
v -3.8488866249350968 6.4549305058992985 0.4378312533191569
vn -0.68652439154998224 0.69523011760574149 -0.21293037214271102
v -2.7880183756195009 -42.632406385542787 0.56978952979827469
vn 0.23245242376615607 -0.18396221845901267 0.95505171214174467
v -56.85085769185612 41.43420179214111 -2.1511165296047565
vn 0.1074294781329008 -0.12892156127491158 -0.98581851182990665
v -24.199902259087771 26.403377789116888 -2.3058251932513372
vn -0.1512962851159505 -0.61017637226907329 0.77768517334115761
v -4.5778129784133625 -48.440120976742421 0.66473586010857133
vn 0.82134323202254755 -0.56268584007183842 0.093701337201798449
v -8.7641344814806388 -52.571169991489128 0.40967461170942521
vn -0.043432410628718783 -0.2707051578272654 0.96168203853076795
v -1.1939178130261658 15.003492391156641 0.39687452755257802
vn -0.51948290204576575 0.6232433451003071 0.5845555981002053
v 2.2252694597957117 46.796162012111743 0.41379868542123432
vn -0.82937089030010203 0.4737194517442711 -0.29619893207424508
v -3.2825894459546703 -45.848409444002783 0.33360843862405742
vn 0.89094058497916395 -0.44059806822249503 -0.10999189204478069
v -22.322021374121924 25.753506616063994 -2.1372663983111426
vn 0.046814119790479329 -0.23095077705423508 0.9718385548877384
v -7.8265167376514242 -50.062559970196176 0.10483051519346631
vn -0.22441574654385571 0.57116001304550079 -0.78956558448366243
v -47.741954392954746 38.443334960815633 -2.2419199214819461
vn 0.1024789049273304 0.74265151353175274 0.66179060396313583
v 50.477695154733965 162.41324822550553 0.56997081846723852
vn 0.41571289981937165 -0.71384235321250755 -0.56357065190071653
v -47.459022057882535 37.781480297361753 -2.1667896094793697
vn 0.092468937462433731 -0.61057711724088259 0.7865399414564922
v 2.8647047563723049 -36.42737424113551 0.69486907908467543
vn 0.30532605943759172 -0.77164712302828531 0.55797555049525471
v 2.8260267427499031 -36.459690749218467 0.37931423387615837
vn 0.49603321303186226 -0.75907182517041027 -0.42161714362884883
v -22.814730204968271 26.718120268417451 -2.3373556988576598
vn 0.45582882213158643 0.64050604132639832 0.61803891134662137
v -0.25164767108691333 15.02303162816262 0.11196056640343333
vn 0.86062273876023143 0.50409911491081894 0.072198226259150927
v -8.8621495222786564 -51.821686698011128 -2.1897566106183497
vn -0.89081190963710999 0.40769488394382231 0.20059666810472904
v 48.616554006869549 160.80021494196467 0.62472017926574797
vn -0.83058565703312404 0.54598524457492259 -0.10967031976480952
v -2.7018661765597578 -42.850979219879882 0.24408940926252409
vn 0.52809274538704754 -0.83549647032670982 -0.15186737747515261
v -3.0304702360803049 -44.49040294965085 0.40075434980281849
vn 0.9478084700709688 0.12101137989637009 0.29498364360978718
v -13.742479002741581 -110.1376078020195 0.35075373433119711
vn -0.65672458820313018 0.10874490796530555 -0.74624885945711605
v 49.052949108468397 161.04133215223555 0.39500694647236401
vn 0.0060840469596730598 0.19186480032347356 -0.98140250803094353
v -1.0135767011678638 -41.333311931962783 0.3434581643012633
vn -0.07512960705713212 0.15835389243210221 -0.98451997790549839
v -3.979154739836531 23.249728729572539 -2.0634073629716561
vn -0.088486519117680282 0.31054978181350407 0.94642959006469218
v -4.9059236350266247 -48.101490119870434 0.41768222343794648
vn -0.57878759559422321 0.19270478121474136 -0.79238234866965351
v 2.5360212910862003 46.48313992899412 0.19631730692644567
vn 4.076231697430607e-05 -0.29841643219004949 -0.9544357659567223
v -0.75709356982296239 15.237713522279506 0.39643737828827952
vn 0.1511115311807355 0.86929224172940456 0.47063393801688386
v 2.6580409828664529 -36.169034705723561 0.12938078791137286
vn 0.063098942732382979 0.10424144175766883 -0.99254835914747142
v -5.978241017757127 -49.337067769278683 0.39897648409236219
vn -0.3722682454558876 0.46178565487717627 -0.80509028212670186
v -3.8035400456511113 -45.633974639431685 0.2981384136315075
vn -0.98162683101011083 -0.11991605324294516 -0.14842137587181459
v -0.3057248083927393 14.645728146927478 -0.22902004718702784
vn 0.81200457030085427 -0.16843200028747388 -0.55881950492953036
v -3.7538159870088794 -43.436418494412116 0.41779539941416544
vn -0.71416988380922708 0.1506718376726042 0.68356373103923196
v -56.418817974332242 40.337122231734682 -2.0853264543075767
vn -0.69673717765450172 -0.68841844192105472 -0.20158708812080897
v -8.0833627816680149 -65.557054441296657 0.38307924798938586
vn 0.14862426729180772 -0.51940421081476207 -0.84150466009396974
v 48.159169207642506 159.79840521160966 0.48842560856112094
vn -0.65897397332636543 0.52859352572802609 -0.53510950938744994
v 43.65664327157149 149.04159846079622 -2.1331131511966221
vn 0.16100475585687476 -0.21655933904075861 0.96290161556915976
v -8.5155499930468466 -65.330270445284867 0.42268381053652959
vn -0.72558424320355785 -0.62524768421648091 -0.28738969953122523
v -7.5840680000081031 -50.487730557978495 0.48703776387740971
vn 0.51586621154791146 -0.74395470235859773 0.42475104781711376
v -54.848897559853867 40.569675314682605 -2.1199552680412239
vn 0.12312724209024724 0.88378377336686542 0.45140439097185864
v -13.436367049420063 -109.81917333488681 0.44147292269873617
vn 0.49810307044588864 0.69531877063285752 -0.5180976147580586
v 8.5091051690032131 62.348391872318672 -2.1575492799038525
vn 0.50397095615449805 0.034281165405252716 0.86304002053854878
v 0.74031777249933839 -37.834190090215216 0.52271379837763732
vn 0.5161998380411984 0.37178288869655396 0.77156672483893862
v 48.100286816631126 158.91083190828834 0.28146776386222072
vn 0.33770608271492697 -0.30356544903347871 -0.8909560145430534
v 2.4910477936006643 -4.4729941687705228 0.85968286606248678
vn 0.51874706978983398 -0.75361771944992706 -0.40368528647394636
v -3.5136179491042312 6.6640843763338049 0.26799133185320834
vn -0.29303195750832711 0.86634018863116158 -0.40445883528656079
v 0.27522206461153687 -37.628388323256623 0.55795329348074318
vn -0.36346397181894369 0.063899967415908074 0.92941418934393516
v -0.75520352396300794 -39.744509969659717 0.2066273002898491
vn 0.74432439972368547 -0.44215235816576903 -0.50048224758169457
v 43.490229213698314 151.08575212136074 -2.287673520143187
vn 0.90528519935386176 -0.062026906148601402 0.4202515565045194
v -5.8434761786286629 -49.603705879080692 0.37136949831836485
vn 0.21217092278003333 -0.58217423769421117 -0.78489276751148196
v -9.3537957417489395 -55.8590228846017 0.42685561081447787
vn -0.034346914257155796 0.086867861683779968 0.9956275729847478
v -4.4479212831956829 -47.897562024638034 0.36408918916794875
vn 0.37130909665994405 -0.19044587869704357 -0.90876835443631465
v -8.7456981163887999 -54.793411629238072 0.42695795169928374
vn 0.2975774576146506 -0.15050544693174878 0.94275965503593506
v -58.247222118319684 42.397638034312479 -2.1195492999923555
vn -0.39363309338922581 -0.25485130237025994 -0.88323485068752305
v -9.9133158601953539 -56.198570086744112 0.13774490456425426
vn -0.84459390791380329 0.49862454449319354 0.19502485570779246
v 46.598890017037434 157.83357218989659 0.11347959571190813
vn 0.45484042313351553 -0.8905643973076427 0.003904322194667523
v -4.450662876260699 8.7473531304819829 -1.8851343324718202
vn -0.70077513926620139 -0.054974967055535694 0.7112608221909027
v -22.850693742419594 -72.867243274134069 0.29638503245430314
vn -0.57476876660167331 0.48296571441628883 0.66059441689856491
v 43.026197422923239 151.6313781796544 -2.0969181975822915
vn -0.34431725445244105 0.25498644798652581 0.90356379942400744
v 44.046688475152266 153.24936641831428 -2.1055632011155403
vn -0.34112400879109295 0.73613584547648847 -0.58458397825368924
v -13.50334189169692 -111.33873039309532 0.0085555058134332285
vn -0.81339646178839564 -0.051475538240140742 -0.57942770464744509
v 0.1772289653960844 -38.045864883865868 0.17125575003407434
vn -0.92538691511363957 -0.29277302290078411 -0.24071355258480712
v -3.158934781972377 -45.144743926271474 0.05434471946551378
vn 0.50453290346423196 -0.015972913954345819 -0.86324470189034974
v -4.1320007309430551 22.562387356415101 -2.2389490635460465
vn -0.64691408267307915 -0.56035679285780771 0.5172063749968292
v 0.8149242168484534 -38.167741936361551 0.44723869078086409
vn 0.39255314815755288 -0.37288243896407897 0.84075008925589423
v 3.6555446084487002 48.241866618456676 0.17669267768897257
vn 0.79357679904054201 -0.50242232981872648 0.34323121437901039
v -3.2691768409767032 -43.506139111075733 -0.067710499208940345
vn 0.70115665221788004 -0.039372049851152724 -0.7119193709551197
v -25.746203154756898 -75.65159714623843 0.22680207898722493
vn 0.52513980683780959 -0.52716074663740753 0.66807913489274551
v -24.30305893659289 -73.68574218991256 0.31183534812543101
vn -0.45053351053637053 -0.23810604267774621 0.86042144808466825
v -8.5712251917868549 -54.789432607475902 0.043721881764922976
vn 0.91682155713976587 -0.14069295709507479 -0.37368934181704788
v -13.67244656370821 -112.59831149305654 -0.091623199504495823
vn -0.17052643603758899 -0.94438968858814254 0.28115627451776537
v -22.436528736928494 -73.024945033150033 0.27218407421311852
vn 0.54836756530962683 -0.45888090991615615 0.69908606325037903
v -13.036550108127898 -111.40157647773137 0.3710522430380081
vn 0.73712109553157812 -0.33598419904431387 0.58631655998690413
v -2.6285251600079644 6.0808501661918903 0.13245696280169206
vn 0.89473899119781319 0.25144762977736629 -0.36907482589532437
v 0.038399699846500823 -36.580096459511708 0.085897215714044961
vn 0.22964118526143962 0.58163012107574419 0.78036615014308286
v 46.431891549132899 158.53474998475141 0.24048500015081231
vn -0.53709679410310784 0.81787186432519587 0.20642831033894604
v -2.6963056968223782 -42.427429577759824 -0.0025886315757333023
vn 0.24723119383820039 0.23173457852904089 -0.94083782975989338
v -1.9198184809343815 19.920511940869329 -2.1034805486676298
vn -0.49921879345140968 -0.56107534810005655 -0.66028406767036207
v 0.12029005650290969 -39.049856797256311 0.00069041868694968977
vn 0.52953057696103012 -0.76869140657987212 -0.35876299908655057
v -8.4586140619859052 -52.446504366348471 0.13674805516016697
vn 0.99302393930137556 -0.10923473912853666 0.044398510581982645
v -9.0353208785471466 -52.327229694985775 0.076093783473205612
vn -0.96596041609947203 0.17880142963448328 0.18695059050347915
v -7.5561562198560459 -50.46318218883998 0.24994757497986786
vn 0.65465773168609909 -0.50702558931322894 -0.56066773237380485
v -57.622249217915041 41.944135409176091 -1.9932933144938025
vn -0.48380103967899901 -0.59224779535896988 -0.64434393214956209
v -3.6117997951783591 -44.692048866094133 0.39693772890765855
vn -0.96177954841648827 -0.15436259439375921 0.22616871954318482
v -20.642068754995723 -71.178701137312629 -0.056318938862464307
vn 0.67425467986725518 -0.65072479808431383 0.34919602494191476
v -1.2825216311868584 -39.514133381203713 0.095008885212468197
vn -0.85442926034344879 0.14673321334466358 -0.49841749886064063
v -8.127104458211349 -65.061924311091758 0.29059205704790969
vn 0.8187542406477164 0.11378202330799375 -0.56275673660412151
v 3.1170019614115461 48.536229019915169 0.4091874051447526
vn -0.60919352813482552 0.54155476785363421 0.57931138319011122
v 4.7801963614797387 49.19139865569673 0.049234953900764822
vn 0.21425875427660199 -0.09190469825511681 0.97244368096793887
v -3.719769948794891 -43.443260298133907 -0.036091735714493645
vn -0.70404648823348459 0.14964354983854677 -0.69420843440411772
v -3.1985144958577969 -37.690113647103637 -2.0098584261660246
vn -0.30023102468700535 -0.94617525278065739 0.12088723191822205
v 3.515529912317735 48.117025565982203 -0.19221352002294639
vn 0.42589729013604061 -0.72342038479245097 -0.54339161303936145
v -2.930136314617473 -37.029900442393142 -2.0258204776547379
vn 0.39806128060732954 0.91560258269275385 0.056737354957836272
v -11.927172985869063 -58.606420741949137 -0.10275055432639479
vn -0.76530114275246164 0.12756451672203703 0.63090526624466348
v -60.155713540358057 42.608589216794698 -1.9759024611534315
vn 0.0036748588559355577 0.51256489847085085 -0.85864062346709136
v -9.0565865645264001 -54.312504572248692 0.2469375861923645
vn -0.8436177970498081 0.45669487512580931 0.28238060049275715
v -9.0293923594540502 -64.489375846211374 -0.21999229292066502
vn 0.072547511660273276 -0.37166916068254452 -0.92552627923221908
v -27.058785983404618 -76.173910317089735 0.17288067963971465
vn 0.022532331655651047 -0.73030157137403895 0.68275318298691912
v -8.5604000222659735 -51.609991192274968 -2.3629371872790328
vn 0.13738741915025263 0.94476787118040817 -0.29755397265785677
v 0.56989246087823631 -38.289889628583154 -0.12843203817507032
vn 0.095159101898655896 -0.0032342321786935305 -0.99545682230223098
v 45.898495695200481 157.3225383666869 -0.029733919997790181
vn 0.54315417970722057 -0.68013450390873487 0.492341947897389
v 8.5886170684902421 59.870734936717966 -2.0548179256104069
vn 0.96671710216697848 0.067950413917523017 0.24665925003193606
v -28.091653752409897 -75.721439721431238 -0.19321082942144763
vn -0.68290791495461278 0.63518228983955494 -0.36080498661537808
v -9.1688217220623187 -63.912555022206448 -0.19573985971928209
vn 0.64159050476334911 0.65505119393762923 -0.39908590243003739
v 8.8707464801186369 56.392567895892881 -1.8654310286253306
vn 0.51484856682184066 -0.13755892325513383 -0.84617285224378636
v -26.422754806778279 -75.686935022863608 0.1574126699088175
vn -0.64152748768841383 0.60429737221973057 0.47251155379368276
v -13.009889126972517 -111.16913435484307 0.11117088610598813
vn 0.74340309564252394 0.46527364064180782 -0.48049170306367445
v -23.798799545445394 -73.794983381110711 0.011156491348103481
vn 0.7688821521941025 -0.63223112586164798 -0.095415090677932204
v -5.6336204740326172 -2.0877899667719846 0.40981363741488797
vn -0.93617584336930793 -0.34547278342955112 0.064987277225650356
v 8.2644877611772074 60.451800032080193 -1.8720270581092944
vn 0.11775207627211844 0.19520356193915611 0.973668330562246
v 8.3580413622302636 57.278956040664156 -2.1208159834055387
vn -0.32217189950785424 -0.2039988185604806 -0.92444023559851018
v 0.60520413772843185 -5.4977441885908167 0.5528673041467318
vn 0.25229638864900583 -0.95017736638251549 0.18305601516764411
v -1.7547646923440468 4.8451060344006889 1.0166559141836284
vn -0.011611498064960689 0.92820618410272981 0.37188499957128773
v -2.9991080973612587 7.1207819144263889 -2.2034287085502307
vn 0.66839447224760618 -0.24698909503790201 -0.70160189309978505
v -3.4393266519978947 6.85213821665893 -2.294818973053613
vn 0.036247951612902146 -0.49770615341425334 -0.86658794756069424
v -4.1412547024750257 7.104327783928845 -1.8217703391413185
vn -0.94254177319425148 -0.28171108637725734 -0.17959362348363481
v -2.8132376402614483 7.8148053845626828 -2.0658208663582811
vn 0.9613133418487938 0.16004250189213903 -0.22419423804283822
v -4.1613504170544413 9.1405405968696289 -1.8125992668905502
vn -0.2416223164085293 0.39986946464428358 0.8841510433508919
v -3.6714962049791344 3.7489160266591721 -0.0020566368921784151
vn -0.94578086924672544 0.28812631910154751 0.14993922638156276
v -12.597601843755967 -114.17963490243676 -1.9997338407958978
vn -0.86055135442183961 0.48944753932562829 0.14104067729142875
v -12.052221338193348 -113.77038120240486 -1.6414016922690458
vn -0.75600091244111067 -0.39933544552113054 0.51864614366507
v -8.8270628868563374 -52.120490679716262 -0.081252008561094158
vn -0.063923493657981084 0.94263443003217928 -0.32764938314678166
v -55.676675176584048 40.179642854641543 -1.7367877765149942
vn 0.26294755740996745 -0.45843677342430833 0.84893716306004718
v -8.6622183921105496 -52.225216562776296 -0.16945255700152106
vn 0.7871823019696077 -0.40619767267747758 -0.46405546454839885
v -3.4498000895897811 -44.530386280085722 0.054326420431336064
vn -0.60283374787159316 0.071077263356283366 -0.7946945923188794
v -10.776024164144701 -62.455509298006746 -0.16095540539066633
vn -0.45059800013521151 -0.067269013985868653 0.89018892490949175
v -11.607678098129149 -58.657213021728232 -0.042551844659369564
vn 0.43390689348568073 -0.2014240108977359 0.87815327569819768
v -1.3227711080098548 14.415720602337304 0.12694617466672753
vn -0.83739951568543181 -0.54293378373142698 0.063126520677764572
v -8.5115025164238354 -52.562057213599402 -0.20697415607017433
vn 0.58799142057259601 -0.44888038792867924 -0.67288370961557609
v 47.589293043839689 158.84255255238151 0.17611576430026332
vn 0.35532642260015807 0.53279334141157531 -0.7680328044749537
v 0.55264038552958539 -37.727986682329984 0.096316636093781938
vn -0.32381802392500292 0.39126756103191462 -0.86142415978740872
v -9.5967520859768456 -64.15981655115786 0.11511296309350882
vn -0.68109263126521236 -0.30211466198043324 0.66696293649098526
v 45.419519866967534 157.54585855283304 0.027952365296158632
vn -0.76183761138280326 -0.20447990521002357 0.61464739668190627
v -22.652306990621071 -72.746959084515794 -0.075198737086040524
vn -0.11031366438079117 0.57445625394968347 -0.81106775780385887
v -13.552365552046815 -111.89418525932342 -0.28459712396517345
vn 0.50304276516273094 0.8325683967229317 -0.23190049848079358
v -8.207740990196271 -51.917167368239255 -2.4289443380174252
vn 0.9325278048099569 0.060906103475561926 -0.35592462659353463
v 45.075393992729943 153.24350533406979 -1.6022199022875583
vn 0.69978459036129759 -0.67823887717897324 -0.22426224063777747
v -26.309422346127889 -75.97178026944917 -0.2135425738657748
vn 0.41805740023910615 -0.53215693642796091 -0.73623162463787628
v -55.998032253852358 40.838963308288541 -1.8894878061518368
vn 0.51738792611372575 0.84746820629942787 0.1187744636837751
v -9.0036511637527674 -54.816993859676636 -0.11900935234346099
vn -0.50793709379229846 -0.09255112963503713 -0.856407728335699
v -2.5598609592040766 16.232710757724274 -0.49146305222754094
vn -0.75995401387072969 -0.10353366101898834 0.6416780172623745
v -0.80490277713324154 14.56879031373481 -0.51013073381830765
vn 0.043052221343424471 -0.34057736781688103 -0.93923030336990387
v 7.1575800577317921 50.96077726254893 -0.30735234161181779
vn 0.47268822341316757 -0.085717048313776648 0.87705098544775439
v -9.9258270742133803 -63.858427779654818 -0.28601188345050943
vn -0.68984411249039335 -0.70607771641313077 -0.15990421772786292
v -3.0470704900745318 22.136858519955481 -1.9861404911875438
vn 0.50143036640066929 0.65373365352296831 0.56674500253888616
v -57.396077056054509 42.427315670329264 -1.9823675902835065
vn 0.37943048100086174 0.81885135013796151 -0.43071449530366668
v -9.7583510443909063 -56.69904776637668 -0.21342493844005617
vn 0.38666790457248307 -0.3051839810266308 -0.87025896680141268
v -1.1901464929637005 19.396034786271027 -2.0242405884550698
vn 0.27054378239791621 0.039161501245870263 -0.96191082675370632
v 2.9682263324183822 48.674407098378737 0.056035416032699459
vn -0.77053149222338013 0.63622197596684038 -0.038766180994010024
v -26.556794712425273 -75.672778384975857 -0.094523355187622116
vn -0.49363963152447571 0.74200393629211459 -0.45359681735588459
v -23.569137716339696 -73.270634548105761 -0.22925103161392002
vn 0.13260499115849739 0.080771445428622468 -0.98787240568973578
v -25.103262013266544 -74.616378967514606 -0.18632439050406191
vn -0.20870719433962312 0.51761214197789773 -0.82977043663168393
v -20.522216071150581 -70.9088384487751 -0.37441005190999022
vn 0.3609146738469719 -0.52501576289717156 -0.77077820863814961
v -0.21267814171608634 -36.844626925456289 0.056843237034499783
vn -0.68672986575414408 -0.15540679460162157 0.71010620309425876
v -10.441657506949298 -62.366080097144959 -0.29190282112151067
vn 0.72922190706141432 0.57569891030333342 0.36987318764310112
v 5.1549098308345265 49.922449909743193 -0.15808761726448495
vn -0.28511437247081278 0.60479473423047736 0.74359473105829699
v 5.4055468337505701 49.250245626232413 -0.30351246056393144
vn 0.56270324101691893 -0.75800442615067487 0.32983988916600332
v -62.554250546717995 43.411720320214904 -1.8955584164885497
vn 0.19946673692356903 0.27132073661273182 -0.94159337229240747
v -12.187229161229908 -112.56477510289284 -1.6235028592611513
vn -0.4341112856748644 -0.13601433387771045 -0.89053214014403714
v -3.4099854568485455 -37.328842032876381 -1.9372443973983167
vn -0.84654996357442824 -0.50676769133555666 0.16290999413959897
v -20.517201899009251 -70.546769487424626 0.046435777523868182
vn -0.13218781148379913 0.32395418701095052 0.93679243550169522
v -2.1314797327813295 -36.26411142205643 -0.70615569512978027
vn -0.57652204030837317 0.11089550826185078 0.80952116914013816
v 45.928604066064096 157.50778373576037 -0.37053499429045189
vn 0.73142856418715385 -0.10635096839458183 -0.673573846740395
v 43.176633103491724 152.45130452080193 -2.1910041784976926
vn -0.85268636831309441 0.46405332918367498 0.23995929856243034
v -3.8353146699993932 9.4503291135910743 -2.0027995233274929
vn 0.43889363296146316 0.57998252868587696 0.68628903922838824
v -3.2430770298287683 21.671563148967806 -1.7105772917292654
vn -0.1095326739635223 0.13266860158802421 0.9850896586032557
v 9.060435998629675 56.167316517032667 -1.5399091931585485
vn 0.99449492628152658 -0.071410889651876738 -0.076683286571640752
v -0.13992011520800318 -37.105386848182107 -0.24101052244299748
vn -0.29411310906898808 -0.88738723317308543 -0.35502306611710421
v -1.5958169610669692 16.357879387523965 -1.0200365122442747
vn 0.75721491424093457 0.53015930328867289 -0.38151892061543025
v -8.8687000849216879 -52.615183361400561 -0.19517466487022972
vn -0.47242368291746689 -0.60731799825224586 -0.63873367910075163
v -18.976724664094831 -69.331005160946404 -0.41830372763739376
vn 0.32734534359352213 -0.05568182822493619 0.94326272057850769
v -19.294508467946308 -69.811972169817835 -0.56251408436965455
vn 0.5473666545120921 -0.81401346244251716 0.19434975814388
v -19.739264448450044 -69.497611845563668 -0.48990558857919453
vn -0.64678754218034562 0.70995401784580348 0.27862370291292171
v -2.1679672087348152 19.951135445513984 -1.6825730762381057
vn -0.85823727459250732 -0.51119482269289129 0.045919862282118536
v -1.791249457343985 4.9194506497120374 -0.1209074781106072
vn 0.28794934920226112 0.95754458871970094 0.013911610532689843
v -2.4789594615362467 17.234784704618338 -1.623076415203152
vn -0.43990676971416465 -0.1560413783477895 -0.8843829047437376
v -2.7327813072556113 5.7079721694210637 -0.37432734047597194
vn 0.61827807985951766 -0.10199997617299676 -0.77931265922345683
v -2.0498996432295229 20.905338998865332 -1.4478489995239201
vn 0.33521473114161593 0.56920295520796671 0.75075900248226912
v -3.9837825240849405 6.8068880221337 -1.124992076038235
vn -0.87381053679928022 0.37560551224930344 0.30882947551438794
v 7.9101186114456183 59.61681416840878 -1.8238975341535735
vn -0.70307705650639551 0.052711833915214938 0.70915732752302396
v -3.3890027119351807 3.9478870783181552 -0.86052020119021577
vn -0.82167879087780749 0.42499483898923662 -0.37976749657401865
v 3.2643530041172966 48.622638519942186 -0.41499713599402099
vn -0.37847103742074889 0.13425446794136048 -0.91582498965219561
v -11.475264829809916 -58.766269337937707 -0.39020965957988352
vn 0.80648034968518623 -0.52200670264359927 -0.27766607276874244
v -11.936566514993306 -60.751382619411984 -0.40845290350383379
vn 0.66982132907364855 -0.17132137730383878 0.72248762812710288
v -18.25614833755245 -68.599781667286379 -0.59685628469620255
vn -0.96884556223608431 0.1788923982709677 0.17127692890844096
v -3.6778991222815196 5.8334550503236251 -1.5429329170901256
vn -0.43934474008658386 -0.72556149439238227 -0.52965716951000008
v -19.620233788276664 -69.608106141168037 -0.73572999154743002
vn -0.22160137759316828 0.15297821939513484 -0.9630630788476443
v -11.634276460793885 -58.419940129792707 -0.57265271838139853
vn 0.081115979383978534 0.16597097776550471 -0.98278880357284304
v -2.0972188054454541 16.537331123732894 -0.39300993022817732
vn -0.023427109160777872 0.44036381684760989 0.89751372099136939
v 4.2100452376430439 49.060543025725337 -0.64352688422439996
vn -0.37951521618476397 0.056898696470625412 -0.92343420936424891
v -11.855061549574923 -60.49283915317362 -0.66533839933990713
vn 0.88112648768286295 0.44471046789343655 -0.1607753477671951
v -11.819736221292864 -58.265368110919894 -0.36797724674533683
vn -0.75725878828808801 0.61533156408719059 -0.21892051936369147
v -16.829406512615829 -67.645759172486763 -0.62418576091871447
vn 0.72497738053892746 0.050700365831446728 0.68690412039197468
v -17.463088071549471 -68.620298943842215 -0.72932883584717434
vn 0.67722005566948562 -0.72755705317100272 0.10969836179335379
v -60.213498575151021 42.766626150074821 -1.612801410084078
vn 0.093203291572225233 0.7925622773318034 0.60262607227926035
v 45.643992057863869 157.82370542595723 -0.35104938311439327
vn -0.32717513696952372 0.7245265438610794 -0.6066446381446825
v -13.932559195730018 -112.19773587247614 -0.15477434104536059
vn -0.93536305482582083 0.30900889624736849 0.17207398904800164
v -3.1690200939843463 5.4201319732923086 -0.57071041785353493
vn 0.070494092851858398 -0.41560329082193154 -0.90681006144118992
v 45.211549591924893 155.78704570897366 -0.55657031628145148
vn -0.40533107235471855 -0.49062933244683909 0.77135567666708915
v -1.7016443940395085 15.055368493289762 -0.69808834753095361
vn -0.46414484926749983 -0.68510033060930509 -0.56143307339118409
v -57.587316031036906 41.909285820362427 -1.5276588843314005
vn -0.33290075305514821 -0.62103179086264759 0.70957494555067802
v -1.2724860209000184 20.353444426825796 -2.0302373431001746
vn 0.77353464868096178 0.29771612032725026 -0.55947230403953974
v -9.2257936000967948 -52.223808936041223 -1.0044132720896499
vn -0.94831788083005319 -0.317003167041712 -0.01421931726636134
v -58.324016720816275 42.614027143995685 -1.5244350238546955
vn 0.27728948211444027 0.42230305409724489 0.86300096964536765
v -2.7002853491445808 17.485774994521055 -0.8834592620305286
vn -0.79580663857708711 0.28119988760889836 0.53630067798333114
v -9.0736681481042183 -51.888880773680057 -1.0217980494427081
vn -0.52318144481776407 0.85064338016267427 0.051836431048221124
v -8.8539067474315694 -52.144602096310521 -2.1032123260557847
vn -0.687352686360446 -0.62645938174712512 0.36755261878279161
v -0.84714978790245876 19.309667502330647 -1.7317870223066159
vn 0.90594917228734129 -0.035840447925310062 -0.42186675565205928
v -12.358722656383646 -60.601084286901745 -0.37831883966645563
vn -0.45369653446596048 -0.16946588423779255 0.87489471863366541
v -1.7141265231758323 18.986292975659424 -1.7364798981265972
vn -0.82195575361297257 -0.13236932686300282 -0.55395586503652594
v -14.202442238466318 -111.35571925700241 -0.9475246870625611
vn -0.70388973250536879 0.68171698857039709 -0.19950236080815986
v 8.4606293794316514 55.189862697884479 -0.72277370616346204
vn 0.10372611496002976 0.033407113303257685 0.99404469610578483
v 45.573216959315694 154.6197867426373 -0.73385735381866368
vn -0.25045739875070133 -0.02115180731541776 0.96789652983070651
v -13.585476192131409 -112.00731817318751 -0.76856427474863587
vn 0.68428787429835569 -0.71136854333139965 0.16032747938765946
v 3.8298728701627667 4.3975499928836221 -0.66439575652045579
vn 0.61632599977997737 0.78132315822822163 -0.098368614971893212
v -0.41311623307199596 5.4223279177044645 -0.24537990393366921
vn -0.2283147278647307 0.97343443160784926 -0.017256662491842486
v -4.0771517581054066 6.2242822553727146 -1.3533021184548
vn -0.95817206312855607 -0.21697513811238012 -0.18662284662141457
v -1.6923855429052299 17.274021519062128 -0.95088018827237752
vn 0.88538875984345811 -0.07715333462370523 0.45840386876563977
v 45.032221009228863 153.69368360972686 -1.7475292236387361
vn 0.14507470461398955 0.47405059575343911 -0.86846379472432422
v -14.477697881495933 -61.753854928202685 -0.9193447193420492
vn -0.096174651027824187 -0.12709939561409644 0.98721637959173247
v 6.7508064825833216 53.627476350572437 -0.73161890234267157
vn 0.36853671654205034 -0.085010662487816052 0.92571803256919816
v 6.5409059423213876 51.205296242292548 -0.85625822928614781
vn -0.74026714415387562 0.52873817301923653 -0.41525955699844525
v 45.677936098614602 156.1229506207946 -0.66523099694656196
vn 0.93720829455770183 -0.078660048104929492 0.33978406296407487
v -14.444079454715357 -64.108158199163597 -0.85172432979231893
vn 0.77914498404076959 -0.3667562759711388 0.50835315271953496
v -3.2110135342040333 7.0268412891154082 -0.79442063614105307
vn 0.2554862005838035 0.7219296739035943 0.643074138221016
v 6.9772209932411897 50.977132223597778 -1.0832335364739549
vn 0.16352301160980973 -0.13535902582939205 -0.97720937306217859
v -16.293121658955044 -65.197740399377409 -0.85932949253892765
vn -0.65681600985898569 0.62543548316283348 0.42121631686556715
v 5.4036768171171161 49.355615736155869 -0.77708631969449016
vn 0.32357666554674641 -0.57468803994888773 -0.75168597050454156
v -1.3062751144344702 18.142562700879992 -0.86512305527797384
vn 0.59305986676324363 -0.17864845461688997 0.78508899119638709
v 6.6683997778498991 52.687730904946108 -0.67864341988949661
vn -0.74893800201131733 -0.15401261811738765 0.64449358616197561
v 6.9265537334154992 51.93404896631511 -0.80480164086096195
vn -0.99794071439210263 -0.014614149655375112 -0.062456042049029686
v 8.1001490873431976 55.440232964864641 -0.99671288263870428
vn -0.82505026570176965 0.46452869073052272 0.3217221698199017
v -61.739713212788956 42.373473474995279 -1.3802211358364413
vn -0.18919807745290762 -0.5150279876315097 0.8360324511909577
v 6.4159682873251729 53.963181802733303 -0.88524742080864449
vn -0.74420972881088421 0.31290793878792678 0.59011905695945888
v 45.440206869474821 156.22441568441374 -1.0178894628203281
vn 0.36091072806115532 0.21926560798387057 -0.90645796346318797
v 5.0491903075700399 49.940961876167151 -0.59704696832084192
vn -0.58961513614188121 0.71189421857888735 -0.38152406580233744
v 8.2935597681688371 55.535830892765262 -1.4172631032312166
vn -0.928636418782533 0.26914554109913313 -0.25533327126954469
v -16.337113341790129 -65.968521512676404 -1.1290656552848954
vn 0.96199984331642707 -0.17215747930730535 -0.21193891520370756
v -18.464231731237419 -69.043186619969333 -0.99662983020427021
vn 0.28553988341266306 -0.4181345158240401 -0.86234013107200258
v -17.047547249204712 -67.672744783744292 -1.102973288108803
vn 0.4868130488888881 0.73660630884116962 -0.46949355821660893
v 8.8911190484245406 56.21946778623731 -1.0998849513663664
vn 0.58115281553908582 0.12293828320735301 0.80445483621706326
v -1.9334092214183318 16.217305066765682 -1.3306324804957388
vn 0.40180994169599649 -0.1725482041833219 -0.89931968064052203
v -2.0216535211141107 20.131872091663524 -1.3233989200840917
vn -0.52721584591150883 -0.12905537457946678 0.83987389655350397
v 7.1477311997830242 50.631336911915213 -0.66900437861695172
vn 0.66355402712247935 -0.7430642241887484 -0.08690001047360961
v -1.9357738683911903 17.155121205241798 -1.6040608072447804
vn 0.60188947773251156 -0.32870273496858926 -0.72779363051558355
v -1.9056932218057652 -35.997778236063041 -1.217005446770218
vn 0.059540691606505818 0.8373639275958894 -0.54339355793403077
v -57.352096625597575 42.210736976215912 -1.5440663718309524
vn 0.44213055341260232 0.24790313347429563 0.86201195476205061
v -2.089378900663716 18.508219704060256 -1.2587711655095739
vn -0.84656110375441196 0.50420211677545002 0.17062978359380068
v 8.7379394947310658 55.011297292591166 -0.97452318149540107
vn 0.79585290132826281 -0.45171723365245786 0.40319933068986752
v 7.1260492348423217 53.601928387291615 -1.1507294691082819
vn 0.9874592136241277 -0.15636935759142312 0.021746848858283149
v 6.5325934865558786 52.805538416834821 -1.2371429563945124
vn -0.78248190762622882 -0.35031371156675245 -0.51478380678294844
v -14.899133320518022 -63.839408133825557 -0.98184354384268069
vn -0.91867503567713349 0.3517543998867968 0.17973597576416561
v 8.5308867083188957 55.298267221520078 -1.5529915088917239
vn -0.24569379094458932 -0.19371772693067363 -0.94979366357335182
v -17.285554679384123 -67.422020153261371 -1.0033383399348565
vn -0.74434378916841415 0.44005516551040519 -0.50229849176960228
v -2.5949897601083638 -36.831338517158983 -1.5529494825503329
vn -0.47597519583092879 0.83768780860360981 -0.26781849874605562
v -63.134819588455017 44.45125315322548 -1.1174063767956852
vn 0.63151639231368817 0.75760281567546284 -0.16500006036276066
v -62.93570694743282 43.221736933146644 -1.6187353635976152
vn -0.82913939671652959 -0.54738642055850961 -0.11356041299983015
v -61.887068000944041 42.441027686682979 -1.8106939532990047
vn -0.40088179424566484 -0.56017550297439611 -0.72491185182045337
v -12.499888233043251 -112.56602675871441 -1.3189844393805323
vn -0.90707551178408752 -0.35676145011201787 0.22346204070402165
v -2.8407790092609089 4.2884435529385749 -1.1242539334536938
vn -0.34982527134194691 0.71315390281516688 -0.60748151447597876
v -3.6852640264440075 6.9990454267442779 -0.83604979222162545
vn -0.48868535684121767 0.65301814517052759 0.57857922887623237
v -3.8248329302288893 5.4717590474787885 -0.11280838184722519
vn -0.58922900304633885 -0.45316692701611833 -0.66891622661420436
v -2.1129027532491111 4.6815176750590108 -0.89322183211818196
vn 0.11759448906338736 0.8873271274969754 -0.44589472406599212
v 5.5090847479464831 1.6978797390342599 -1.4758825166751737
vn 0.93034666901282226 0.27554057381723923 -0.24193484171820479
v -2.8018181042166459 6.0694518328235176 -1.4672290552848937
vn 0.78390358547000238 -0.44705402196544453 -0.43085713424729832
v -1.3615197415125193 19.574301050925488 -1.0421347274471078
vn -0.10032293557458276 0.30366470222479192 0.94748248385942557
v -61.620731171912048 42.84682171014714 -1.7547606287591659
vn 0.40503694924205458 0.77671087381087589 -0.48235390353207996
v -12.16646778386912 -112.252898854167 -1.5192075751411478
vn 0.36460443706953544 0.81526781342915944 -0.44989109443913683
v -2.7477563217485184 -37.280363683707961 -1.320928441817486
vn -0.76578186322801867 -0.20558239082942178 0.60935541232673307
v -12.161573810416826 -60.962327927494002 -1.2112758656457885
vn 0.59893511468229377 -0.36669591561743281 -0.71190647831720144
v 6.3044106797034516 53.928160943435216 -1.2760611124415817
vn -0.92823463389841177 0.23883455684697938 -0.28519908640665087
v 45.215469121126638 154.64262648771376 -1.1517307625793478
vn -0.94262332779435631 0.24306461531708853 -0.2288686406623878
v -1.7141722876625707 -36.736220719387269 -1.1097501133593966
vn 0.41345856126037356 -0.88722739637524817 -0.20464497365364304
v -1.8183392903810742 19.367030929269475 -1.2821149938968568
vn -0.93067961375540054 0.13824561598325102 0.33870873357725795
v -2.2635096524030587 -37.108941891451067 -1.6630895227115019
vn 0.6085417573312798 0.0941097809037936 -0.78792149274048728
v 7.5618555513527266 51.836426153683668 -1.1930739990982904
vn 0.19053931959169829 -0.19101138110611765 -0.96291714076418133
v -2.59338645145833 16.076384083377988 -1.0091001283734133
vn -0.87230186455978986 -0.41744677642097461 -0.25461273719366567
v -14.78022025660357 -63.869812118280429 -1.2156115945906301
vn -0.58433931387951932 0.4798247854911793 -0.65445835733311286
v -14.53473019526156 -64.079106744262887 -1.2282658333296173
vn 0.52274289011581987 -0.29501818267133206 -0.79981506782922296
v 45.726003330724026 154.49872233660244 -1.3461501022725599
vn 0.46616271287290639 0.058002100420469382 -0.88279560571730653
v -14.5039407144404 -61.745715395513393 -1.497671516527137
vn 0.052022028327589807 -0.041874782423254465 -0.99776761380879098
v 8.7079574414387508 55.025690242335642 -1.4182019300460293
vn 0.61693353984049459 -0.40854095244358407 -0.67267176066515977
v 44.638946585292615 153.74357432078773 -1.3404148941937137
vn -0.82190378141812603 0.49798720609031949 0.27655544952313493
v -2.3010193129775587 -37.460027022832556 -1.3532939373250183
vn 0.50416821864038197 -0.79497055060109234 0.33739625218721703
v -11.910608621234104 -112.61804495947587 -1.2070838161065893
vn 0.76982609248665013 -0.32116710443639934 0.55156094708987013
v -3.1873858524245278 5.7932495052987871 -1.6158067435755412
vn 0.25329998600697734 -0.75184525235245103 -0.60874283043329913
v -62.614624947666655 43.328510708531788 -1.3273383327800756
vn 0.044247765542376714 -0.16367055877903039 0.98552223893399116
v 6.8001304987271283 53.63642163792862 -1.4996146467991966
vn 0.39215480179221601 -0.21951928901468204 -0.89332295010359852
v -0.84881595610084326 19.44596070663086 -1.2207930697410316
vn 0.8305327926437589 0.20832049794856394 0.51654414184832398
v -1.1030683410457884 18.114633021668084 -1.5475353774031202
vn 0.85739365724937211 -0.3509998831488893 -0.37639766011229703
v -3.0905630404407964 8.2019341760397015 -1.6123277252979831
vn 0.70391217645323667 0.50206603057269394 0.50243143690044534
v -1.4195278973853096 20.592409619304298 -1.4783260916058723
vn 0.58039989936341563 0.66187038618239236 0.47440863052194532
v -2.7509035491229672 17.412958165222872 -1.3318457102383876
vn -0.93205099742417064 0.14919504097883943 -0.33018446048827188
v -61.737997339712464 42.686448553956701 -1.3233788765796302
vn 0.12760471442996882 0.47124988829407694 0.87272021841943492
v 6.5994299017412761 53.811171219033938 -1.5330064967976624
vn -0.2223293072273291 0.030553542397164336 -0.97449277072475027
v -11.53042613891386 -113.7327099369227 -1.6851568112252819
vn 0.91049905844897139 -0.31030552706695447 0.27331656450942809
v 8.486523941385876 56.549906477749524 -1.1843618451757081
vn -0.56938982584266895 0.5199083080343111 0.63678142047625352

# 6666 facets
# ------------------------------------------

f  6 1324 10
f  137 148 127
f  9 14 3
f  2278 2267 2345
f  838 834 212
f  21 9 134
f  1417 1452 2
f  2830 2881 4
f  1775 741 1785
f  925 930 12
f  541 523 587
f  3141 1 5
f  73 127 148
f  3 134 9
f  360 34 3
f  21 540 9
f  310 2419 2409
f  34 134 3
f  3 14 133
f  1335 682 1336
f  133 360 3
f  253 58 302
f  14 13 133
f  14 9 540
f  309 290 261
f  2567 108 2618
f  2163 16 198
f  3113 925 12
f  978 1038 929
f  920 149 15
f  1138 346 649
f  2164 782 17
f  133 13 1065
f  792 36 789
f  34 18 134
f  2420 19 2419
f  3123 3209 3199
f  28 540 21
f  65 384 1054
f  21 1065 13
f  133 1065 18
f  661 1220 664
f  23 1262 1242
f  1235 1251 391
f  1251 1262 1260
f  1260 391 1251
f  1286 1310 1257
f  1285 1257 1310
f  1310 680 1285
f  1373 1364 1379
f  26 1428 1386
f  691 1443 27
f  693 699 703
f  1419 1445 29
f  13 28 21
f  14 28 13
f  1510 1543 1502
f  1511 1521 1549
f  1479 1583 1647
f  1677 188 734
f  1860 1861 1897
f  1925 1894 1928
f  2004 440 2071
f  1994 2127 2104
f  446 2239 2161
f  2258 2246 35
f  2246 2281 35
f  2261 783 2253
f  2258 2272 2277
f  18 34 52
f  52 39 18
f  792 2376 36
f  2342 2352 2400
f  1064 42 360
f  456 2487 837
f  42 52 34
f  837 2543 456
f  215 2598 2718
f  2750 2711 43
f  2920 899 901
f  2989 3077 3088
f  3091 3108 3118
f  49 3093 3134
f  3134 3178 49
f  3274 3260 3228
f  3281 51 3212
f  2287 2611 2198
f  1847 1222 1388
f  1399 2012 1330
f  515 1196 1113
f  929 918 829
f  629 1033 57
f  552 247 496
f  496 247 509
f  46 39 1064
f  435 424 423
f  1063 52 42
f  354 58 338
f  98 2207 2176
f  1471 2 1452
f  1182 1209 1202
f  1505 1610 1665
f  52 1063 64
f  1051 1174 1052
f  539 1064 70
f  2053 2047 762
f  39 52 64
f  3046 3010 110
f  912 112 3069
f  198 2157 2168
f  1426 693 1442
f  2409 19 2408
f  538 67 1063
f  134 1065 21
f  64 70 1064
f  2251 450 2261
f  2253 2251 2261
f  1064 39 64
f  67 68 1063
f  2408 2436 2409
f  1063 68 64
f  1082 853 1074
f  345 1281 1377
f  528 894 870
f  70 1062 538
f  253 338 58
f  1737 1782 1721
f  434 433 2018
f  105 2575 2515
f  902 2971 2972
f  302 252 253
f  1824 1851 1747
f  2004 2006 2003
f  57 670 634
f  65 533 428
f  1209 1182 1189
f  1189 386 1209
f  1262 23 1260
f  67 538 1062
f  24 1266 1274
f  1062 535 67
f  1328 1342 1340
f  77 1386 1378
f  1428 1441 78
f  1396 1405 693
f  1062 70 1061
f  1421 692 1465
f  1465 1460 1421
f  710 1487 1513
f  1491 1511 1549
f  64 1061 70
f  85 68 67
f  64 68 85
f  82 721 1523
f  535 81 67
f  1517 1594 1580
f  1633 1690 1631
f  1706 86 1629
f  1698 1624 1820
f  1801 1758 1785
f  1062 101 535
f  1888 1887 92
f  81 85 67
f  1919 422 2109
f  2028 2033 1966
f  2064 296 93
f  2052 96 2042
f  2135 16 770
f  776 298 2187
f  783 17 782
f  2261 17 783
f  2247 203 2244
f  2274 203 2268
f  2314 304 452
f  2337 2320 2317
f  2390 2362 2364
f  310 2436 2420
f  2567 2614 2566
f  2547 2594 2684
f  139 2589 2599
f  2763 896 2805
f  4 2881 2926
f  3035 2971 3111
f  81 95 85
f  911 3062 113
f  1061 64 85
f  3100 3085 3192
f  3124 113 3062
f  3194 3274 3187
f  1061 85 95
f  3123 3191 3210
f  3268 3269 933
f  3228 3220 3274
f  120 3202 3097
f  2768 2442 3041
f  2770 2174 972
f  2029 2463 2027
f  535 99 81
f  1749 1741 1830
f  2063 1683 1014
f  1533 1446 1313
f  535 101 99
f  829 978 929
f  670 707 882
f  1436 1518 1496
f  1061 103 1062
f  101 1062 103
f  102 2404 136
f  109 2788 2882
f  46 360 133
f  95 81 99
f  2102 295 437
f  2402 2426 209
f  99 107 95
f  2983 110 912
f  731 815 724
f  1602 1649 88
f  135 103 1061
f  792 789 453
f  2363 2372 205
f  311 2470 2477
f  139 2722 2815
f  3310 331 3318
f  3092 3121 955
f  1514 2225 1595
f  2549 2508 2520
f  23 268 1248
f  107 99 101
f  1061 95 132
f  397 1319 1308
f  2356 143 785
f  132 135 1061
f  2436 2408 2405
f  884 2794 2879
f  2943 2896 2842
f  477 2917 2892
f  2924 2894 2960
f  107 132 95
f  3217 3255 927
f  974 2452 969
f  578 823 1074
f  10 1335 6
f  1550 1575 146
f  1715 1734 1718
f  2314 2303 304
f  2398 2431 2460
f  125 101 135
f  2825 2875 2874
f  2943 47 151
f  3007 3212 51
f  107 101 125
f  1002 1085 1127
f  931 1078 521
f  135 145 125
f  1048 154 407
f  1114 1123 1125
f  107 125 141
f  646 645 1126
f  155 8 1144
f  75 388 671
f  1293 1307 1305
f  679 367 1293
f  1302 1308 162
f  1339 396 25
f  1323 1331 164
f  1335 1342 682
f  1357 1353 1356
f  147 127 73
f  692 1421 1416
f  1450 1465 1438
f  1459 175 729
f  73 148 193
f  1524 277 1576
f  1508 1555 1594
f  1612 1562 1609
f  107 141 132
f  1609 1650 1612
f  1649 1720 88
f  1804 1721 1782
f  1918 1862 1922
f  157 135 132
f  145 135 157
f  141 157 132
f  145 156 125
f  1944 1971 1918
f  2034 2037 1993
f  1060 127 147
f  1981 2081 2022
f  33 434 2071
f  2082 2059 2044
f  437 293 2121
f  306 2226 2192
f  2254 2276 2265
f  2313 2303 2314
f  206 2403 2361
f  2479 2400 2353
f  826 819 817
f  2485 2454 313
f  2501 208 2485
f  2510 316 2495
f  2461 2529 2522
f  152 147 193
f  176 150 156
f  2575 105 2563
f  141 150 167
f  2559 214 847
f  845 2600 2571
f  157 172 145
f  2631 2675 2633
f  2653 2737 2714
f  466 2804 2782
f  221 878 2807
f  2875 2862 2874
f  137 193 148
f  152 179 147
f  172 156 145
f  2851 880 2896
f  2903 2950 2945
f  2950 2966 2949
f  912 3069 3064
f  3190 3146 3176
f  950 330 3294
f  2344 233 2939
f  1060 147 179
f  2662 1932 236
f  974 969 2659
f  2472 2190 2560
f  62 2197 2779
f  2084 1004 1886
f  176 156 172
f  347 1012 1316
f  150 168 167
f  244 1198 1018
f  179 166 1060
f  193 210 152
f  914 1104 1205
f  130 348 522
f  814 717 634
f  141 167 172
f  172 157 141
f  186 167 168
f  150 176 168
f  791 353 596
f  342 302 377
f  1065 134 18
f  982 638 980
f  687 165 78
f  1608 1630 1637
f  2042 2078 2052
f  1730 343 1388
f  1600 1560 282
f  1894 1925 1843
f  1877 1867 1896
f  1990 1944 1950
f  176 182 168
f  2376 792 2357
f  831 2513 2564
f  182 201 168
f  256 315 106
f  374 66 316
f  176 177 182
f  2873 2822 22
f  3176 3188 3190
f  344 1849 2049
f  261 278 59
f  39 46 133
f  842 1081 1068
f  576 568 1077
f  3302 612 938
f  1301 1306 1291
f  1531 180 1592
f  1603 1575 1550
f  1861 1905 1897
f  292 2056 2023
f  2168 776 198
f  2204 17 2261
f  2338 2317 2235
f  2461 2474 2529
f  167 186 1059
f  1059 172 167
f  172 1059 176
f  20 2587 850
f  2702 2715 2567
f  2743 2685 2804
f  111 222 913
f  179 152 220
f  166 179 220
f  378 1112 613
f  2958 3018 952
f  1388 1688 1730
f  152 210 220
f  1174 1051 348
f  1063 539 538
f  1192 1153 259
f  671 1258 1250
f  392 268 76
f  201 182 195
f  1305 1339 25
f  400 1349 1326
f  1478 1366 1358
f  1381 165 1383
f  210 193 229
f  166 229 193
f  1413 1387 1398
f  1059 219 176
f  177 176 219
f  79 690 169
f  411 1407 26
f  1407 1408 26
f  171 692 1416
f  1479 368 1349
f  1461 729 175
f  1493 1472 1482
f  182 177 211
f  211 177 219
f  1525 1469 1496
f  178 1490 80
f  242 213 182
f  1534 711 276
f  1490 1557 1532
f  1476 1546 1518
f  1557 7 1532
f  1059 186 201
f  1572 1645 729
f  1586 1590 1622
f  1466 705 1733
f  723 729 1645
f  201 224 1059
f  1703 187 1652
f  224 219 1059
f  182 211 242
f  201 189 224
f  741 1668 1710
f  1702 1751 1710
f  1660 87 1719
f  1833 1781 1813
f  1794 1821 1846
f  1826 1818 1814
f  370 1955 430
f  2024 1978 1956
f  1991 1979 2055
f  211 237 242
f  2024 2032 2023
f  2041 1995 1946
f  2055 1979 2039
f  438 1987 1989
f  225 234 213
f  293 1980 2022
f  297 2092 2067
f  2112 443 768
f  219 224 211
f  2127 765 2104
f  2096 2101 2110
f  2159 2168 2157
f  229 227 210
f  264 229 166
f  227 220 210
f  2134 2231 2193
f  138 2232 2256
f  202 2243 450
f  2245 2226 452
f  166 220 72
f  1057 72 220
f  2270 2245 452
f  2377 2393 2395
f  136 2395 2393
f  2420 2436 41
f  310 2409 2436
f  358 1057 220
f  819 2487 817
f  2410 817 2487
f  574 554 573
f  2478 2552 2471
f  819 826 2542
f  2537 2506 457
f  316 66 2563
f  2563 2495 316
f  227 358 220
f  66 374 317
f  20 317 374
f  2573 2522 2529
f  2529 2581 2573
f  849 2527 215
f  2600 2610 2771
f  2771 139 2815
f  2752 2680 2784
f  2877 320 218
f  2879 2857 884
f  224 237 211
f  2879 2797 2869
f  2897 2892 2764
f  2925 474 2888
f  2819 2834 2903
f  2903 2945 2819
f  264 227 229
f  893 2894 2924
f  2894 2928 2953
f  534 234 225
f  63 2948 2936
f  2902 2978 3052
f  264 358 227
f  916 3170 476
f  223 3105 3058
f  3126 3187 3045
f  189 1055 224
f  3109 482 3111
f  3220 3130 3065
f  225 242 267
f  3192 3206 3100
f  3146 3189 328
f  263 59 1057
f  1057 358 264
f  482 3109 3252
f  3269 3260 230
f  3159 3004 3297
f  534 1055 189
f  3092 955 954
f  966 2940 3075
f  2706 2669 2437
f  237 224 1055
f  963 968 1974
f  2432 334 2381
f  2577 2632 2545
f  2000 1998 984
f  2073 2178 2074
f  2550 2074 2178
f  2228 2257 241
f  2000 1797 1881
f  1908 1005 1316
f  1414 1477 1361
f  273 242 237
f  1329 1330 1451
f  1457 1533 1313
f  264 72 278
f  1519 1297 1160
f  1678 1519 1160
f  1298 1329 1154
f  55 244 1018
f  1288 1269 1058
f  1027 1079 1075
f  1094 940 935
f  637 708 641
f  353 351 581
f  1040 529 471
f  267 242 273
f  274 225 267
f  509 485 496
f  323 309 291
f  1057 264 263
f  267 273 280
f  1056 59 263
f  39 133 18
f  563 254 575
f  1091 1081 363
f  907 15 1088
f  613 627 378
f  1143 657 1021
f  76 268 23
f  274 266 534
f  270 682 1342
f  1359 30 1415
f  300 263 264
f  264 278 300
f  1465 1431 369
f  1575 1593 146
f  1809 1821 1804
f  90 1925 1911
f  290 278 261
f  2011 93 2031
f  2092 297 2070
f  771 2151 2296
f  2290 2330 307
f  2670 461 2705
f  2868 2785 2789
f  2926 2758 2781
f  3057 3061 3074
f  1108 144 599
f  3138 113 3100
f  1056 263 300
f  3266 3130 3220
f  1056 291 261
f  1055 534 266
f  3225 3277 3191
f  2595 2745 965
f  267 280 274
f  379 498 2469
f  1717 507 1731
f  1410 1425 1467
f  1298 1025 1107
f  1055 273 237
f  515 55 1196
f  291 309 261
f  290 300 278
f  700 846 725
f  641 531 604
f  715 537 1036
f  1041 529 587
f  537 526 428
f  274 280 303
f  72 59 278
f  59 72 1057
f  1076 1082 1074
f  607 617 961
f  260 1165 1163
f  1193 75 1226
f  1220 663 664
f  1223 389 1237
f  1224 1229 1267
f  1248 1260 23
f  269 160 1283
f  160 677 1283
f  677 160 394
f  273 299 280
f  1310 1346 680
f  274 305 266
f  1319 397 1311
f  1375 402 405
f  1381 1383 405
f  1386 77 26
f  170 78 1441
f  1421 701 272
f  1408 1439 1428
f  1445 1447 173
f  703 1442 693
f  1431 171 369
f  1481 706 1484
f  355 266 305
f  1532 7 279
f  356 303 280
f  299 356 280
f  291 1056 322
f  279 61 1532
f  1553 281 1541
f  1548 1562 1612
f  183 83 1540
f  1580 1539 1547
f  417 1641 1598
f  266 355 1055
f  185 1636 1628
f  1542 1527 1682
f  1055 299 273
f  1682 1527 1665
f  1659 1650 1643
f  184 1664 1754
f  1684 417 1722
f  300 290 309
f  1662 1801 1727
f  286 1732 1687
f  253 291 322
f  1709 1667 1756
f  355 319 1055
f  274 349 305
f  741 285 1785
f  1765 1818 1739
f  371 303 356
f  322 338 253
f  426 1837 1583
f  743 1880 1820
f  1817 749 1838
f  421 1779 1825
f  1833 1889 1870
f  1858 289 1844
f  322 300 309
f  191 1897 1905
f  1921 756 1900
f  302 58 339
f  319 299 1055
f  355 305 364
f  349 364 305
f  349 274 371
f  274 303 371
f  1930 2016 1935
f  1946 1995 1923
f  1959 1964 2018
f  1964 434 2018
f  1935 2016 2026
f  2010 2033 2007
f  2044 2059 2056
f  2042 438 2078
f  2097 294 2038
f  2087 440 2004
f  2083 2058 2043
f  2091 768 443
f  2109 1986 2152
f  309 323 335
f  444 770 2100
f  197 2112 768
f  2200 2128 2158
f  377 339 257
f  302 339 377
f  252 302 342
f  97 772 2133
f  372 2169 2175
f  450 2189 2194
f  364 1053 355
f  2202 2254 100
f  319 356 299
f  2294 2240 2224
f  2271 2277 2292
f  450 2251 202
f  2236 2303 2258
f  2305 2314 452
f  335 338 322
f  309 335 322
f  58 354 339
f  2290 2331 2330
f  2385 2365 2370
f  2402 2394 794
f  354 252 352
f  349 371 362
f  2377 2395 801
f  2370 143 2430
f  2405 2396 2387
f  2401 2398 2460
f  2400 2445 206
f  456 2457 2410
f  311 2477 2514
f  2498 2516 312
f  342 352 252
f  2575 2563 2585
f  2556 2561 2574
f  837 2542 849
f  2718 2787 2677
f  2714 2784 2705
f  2843 2740 2790
f  2829 881 2853
f  2851 321 880
f  354 335 323
f  2860 2885 2916
f  2932 2911 2832
f  2902 2742 3000
f  2758 2926 2881
f  886 2911 2888
f  2959 2954 2885
f  2942 2938 151
f  2981 3001 3053
f  3042 2983 2989
f  3031 2976 3034
f  2977 3126 2995
f  3071 3122 112
f  3067 2981 3053
f  356 373 371
f  349 362 359
f  364 349 359
f  223 112 3059
f  3117 3103 3036
f  3059 3101 3105
f  328 3110 3107
f  3084 228 3263
f  3189 481 3172
f  257 339 354
f  3146 3190 3189
f  3237 3171 331
f  3235 487 3109
f  3235 3249 487
f  377 387 342
f  486 3215 3303
f  3250 3335 3270
f  947 3319 3308
f  944 3319 3316
f  3316 3290 944
f  3288 3320 3287
f  3305 951 3332
f  3271 954 955
f  3160 3162 3174
f  3148 3140 3080
f  3092 3133 232
f  3240 494 3330
f  3158 3159 957
f  352 257 354
f  494 963 3183
f  11 3158 957
f  357 342 387
f  2878 494 3240
f  319 373 356
f  2629 2793 3047
f  3137 991 3056
f  3027 2739 2849
f  2793 2456 2636
f  2437 2669 2612
f  2263 2447 2706
f  2284 2267 2278
f  342 357 399
f  2414 1945 2415
f  2214 1757 1941
f  2009 53 243
f  1811 2009 1700
f  501 2130 503
f  1830 1597 1996
f  1937 992 993
f  362 404 359
f  319 355 1053
f  991 1451 2012
f  510 1717 1731
f  2049 1760 344
f  503 1717 510
f  387 377 398
f  362 371 1049
f  1558 1574 1504
f  408 409 359
f  1585 1646 1538
f  1566 1852 128
f  364 381 413
f  1337 1018 1361
f  1174 348 1297
f  373 1049 371
f  130 1160 348
f  515 1113 977
f  1135 1094 935
f  1070 932 873
f  1032 828 931
f  246 865 892
f  359 404 408
f  892 131 246
f  373 319 1053
f  245 527 862
f  804 629 720
f  246 245 865
f  678 738 528
f  809 720 530
f  352 342 399
f  629 608 530
f  717 662 608
f  377 257 398
f  257 352 398
f  634 629 57
f  424 413 381
f  602 604 531
f  404 362 1049
f  532 1042 726
f  413 1053 364
f  537 533 1036
f  1036 533 1039
f  587 523 1041
f  407 387 403
f  441 1048 1044
f  357 407 154
f  387 398 403
f  1050 65 428
f  359 409 381
f  354 338 335
f  1050 526 384
f  252 354 323
f  323 253 252
f  1056 300 322
f  59 1056 261
f  373 1053 413
f  404 410 408
f  242 225 213
f  193 137 166
f  137 1060 166
f  1060 137 127
f  42 539 1063
f  373 393 1049
f  393 404 1049
f  398 352 399
f  420 398 399
f  413 393 373
f  540 28 14
f  549 795 542
f  381 409 424
f  550 549 542
f  2374 796 543
f  398 420 403
f  553 798 806
f  399 357 420
f  556 796 805
f  556 805 555
f  420 357 154
f  543 796 556
f  543 546 2375
f  2375 798 543
f  1043 409 408
f  543 556 544
f  2375 547 806
f  543 544 548
f  410 404 393
f  556 558 544
f  807 548 544
f  547 795 560
f  795 549 560
f  795 548 542
f  419 407 403
f  550 2505 808
f  550 808 549
f  803 807 564
f  1043 408 448
f  568 1066 565
f  551 805 2503
f  448 408 410
f  805 551 554
f  553 1072 1069
f  806 104 553
f  806 2440 104
f  436 419 403
f  403 420 436
f  407 419 1048
f  2503 2374 1069
f  805 2374 2503
f  393 435 410
f  423 424 409
f  1043 423 409
f  2440 806 557
f  567 555 554
f  413 424 435
f  435 393 413
f  556 555 567
f  547 823 557
f  455 448 410
f  526 249 384
f  249 1054 384
f  562 558 556
f  559 823 547
f  547 560 559
f  807 558 562
f  420 441 436
f  560 1068 361
f  441 420 1048
f  564 807 562
f  455 410 435
f  549 1068 560
f  1069 822 2503
f  448 248 1043
f  852 573 554
f  2572 563 562
f  1069 1072 1080
f  419 436 1046
f  562 563 564
f  575 564 563
f  570 2505 1066
f  104 1071 1072
f  566 104 2440
f  575 1077 565
f  565 564 575
f  1048 419 1046
f  1077 568 565
f  2440 578 566
f  526 1050 428
f  1073 808 2505
f  2505 843 1073
f  435 1045 455
f  1044 1048 1046
f  570 843 2505
f  559 1076 1074
f  2644 580 2572
f  254 563 580
f  1080 569 1069
f  1083 363 842
f  1069 569 822
f  570 1084 843
f  577 1083 843
f  1083 1073 843
f  1084 577 843
f  1080 1071 572
f  578 2642 566
f  2642 2641 566
f  574 45 2644
f  1081 842 363
f  1081 2645 1076
f  1045 435 423
f  254 589 582
f  1080 1088 15
f  575 254 582
f  149 2640 569
f  1095 851 575
f  569 1080 15
f  851 1077 575
f  1046 436 465
f  1043 248 471
f  571 852 872
f  436 490 465
f  839 576 584
f  576 590 584
f  1044 490 441
f  1088 572 874
f  2641 874 572
f  585 1084 839
f  1087 580 2644
f  149 594 2640
f  488 423 1043
f  594 872 2640
f  872 3005 597
f  571 872 597
f  597 588 571
f  598 582 589
f  2641 875 874
f  248 448 506
f  471 488 1043
f  1097 875 2642
f  2641 2642 875
f  1097 2642 876
f  1096 1097 876
f  577 1084 593
f  1083 577 1089
f  455 506 448
f  1089 577 593
f  1084 585 593
f  1098 598 589
f  1046 465 491
f  598 897 1095
f  520 533 65
f  65 1054 520
f  851 1095 921
f  921 3147 851
f  1089 1099 592
f  3006 592 1099
f  593 1099 1089
f  599 1099 593
f  584 905 585
f  592 3006 3150
f  149 920 594
f  907 920 15
f  3005 872 594
f  1088 898 907
f  898 874 376
f  606 600 1097
f  1096 1093 1100
f  1054 249 520
f  423 488 492
f  1100 606 1096
f  598 1098 1102
f  1102 1111 598
f  598 1111 897
f  3147 923 905
f  597 3005 937
f  937 3254 597
f  612 376 605
f  465 485 491
f  1045 423 492
f  1097 600 875
f  506 1042 248
f  605 875 600
f  612 908 898
f  376 612 898
f  595 920 609
f  907 601 3253
f  603 595 609
f  938 605 600
f  1102 1109 1111
f  1112 897 1111
f  897 1112 921
f  1042 471 248
f  1044 1046 505
f  1112 939 921
f  496 485 465
f  939 622 921
f  922 617 1099
f  617 3006 1099
f  615 616 1106
f  924 922 599
f  922 1099 599
f  607 615 1106
f  3150 607 1106
f  144 1108 923
f  144 924 599
f  617 607 3006
f  3150 3006 607
f  610 609 3253
f  455 1045 492
f  1116 3253 601
f  936 601 908
f  465 490 496
f  936 1116 601
f  490 1044 496
f  1110 609 610
f  491 505 1046
f  603 1110 1117
f  908 612 3302
f  1109 1114 613
f  1111 613 1112
f  606 1100 1119
f  488 471 529
f  1112 1120 939
f  1100 616 74
f  488 1041 492
f  616 615 621
f  488 529 1041
f  621 74 616
f  623 620 923
f  144 923 620
f  620 380 924
f  144 620 924
f  938 949 3302
f  523 492 1041
f  632 949 938
f  496 1044 505
f  632 938 626
f  617 922 638
f  1121 3298 121
f  610 1116 1124
f  506 455 541
f  1122 610 1124
f  491 485 509
f  509 514 491
f  624 1117 625
f  625 959 624
f  960 625 1117
f  121 1123 1121
f  959 1123 121
f  382 975 936
f  523 541 455
f  491 514 505
f  632 626 633
f  536 471 1042
f  627 1114 1125
f  1042 506 561
f  614 628 633
f  1039 520 249
f  635 1120 378
f  428 533 537
f  536 1040 471
f  1128 74 621
f  3003 380 1130
f  983 1130 620
f  620 623 983
f  994 959 625
f  959 994 1123
f  994 1131 1123
f  552 505 514
f  2302 975 382
f  382 949 640
f  640 2302 382
f  1131 997 1125
f  997 627 1125
f  627 997 976
f  1126 69 632
f  514 1035 552
f  636 983 2299
f  1129 982 1000
f  638 3003 980
f  639 625 1132
f  1007 1122 365
f  249 526 545
f  1007 960 1122
f  994 639 644
f  533 520 1039
f  545 1039 249
f  960 1007 1132
f  1626 2302 640
f  496 505 552
f  975 2302 1321
f  2302 1626 1321
f  514 509 596
f  642 997 1131
f  1626 640 69
f  997 642 1008
f  635 976 1008
f  647 635 1008
f  1138 979 648
f  1040 587 529
f  537 545 526
f  647 648 636
f  532 536 1042
f  635 647 636
f  979 636 648
f  1138 649 1623
f  649 1011 982
f  980 649 982
f  1035 619 552
f  509 618 596
f  1138 1623 979
f  365 1134 1007
f  1007 1139 1132
f  1132 650 639
f  1139 650 1132
f  645 1626 69
f  645 1159 1626
f  1134 365 1133
f  506 541 561
f  642 644 650
f  596 581 514
f  509 247 618
f  1035 514 581
f  642 655 1008
f  655 1023 647
f  647 1008 655
f  587 561 541
f  647 1023 1009
f  1011 1143 998
f  383 649 346
f  383 1143 1011
f  346 1138 1009
f  383 1011 649
f  1138 648 1009
f  1159 653 1133
f  1134 1133 653
f  652 1134 653
f  618 247 619
f  552 619 247
f  1139 652 650
f  650 652 1020
f  1159 1140 653
f  1159 1157 1140
f  1020 652 654
f  653 1140 654
f  1142 1020 654
f  1140 656 654
f  1157 645 1021
f  657 1157 1021
f  656 1022 1142
f  1140 657 656
f  1022 1009 1142
f  1023 1142 1009
f  383 346 153
f  155 658 8
f  1148 259 1153
f  1168 1172 1161
f  659 1167 1158
f  1163 1180 260
f  1172 260 1180
f  561 726 1042
f  1166 1168 1177
f  1163 1199 1184
f  1180 1163 1184
f  1164 1181 1192
f  663 262 1191
f  1210 1209 386
f  1216 1219 1231
f  1207 1215 665
f  1231 1218 1216
f  1225 1207 665
f  1230 1233 664
f  661 664 1233
f  1231 1225 666
f  1231 666 1214
f  391 1249 1241
f  1246 1236 390
f  390 142 1246
f  1265 1280 1282
f  1280 1279 679
f  1292 1276 1293
f  1275 394 159
f  394 160 159
f  1290 1283 1295
f  1306 677 394
f  394 1291 1306
f  583 579 602
f  602 591 583
f  1283 677 1296
f  367 1287 1300
f  681 1294 25
f  1323 1307 681
f  1319 1320 1308
f  1312 1318 1327
f  1323 681 396
f  682 1333 1336
f  1331 1357 164
f  860 715 1036
f  1349 1367 683
f  786 1039 545
f  1371 1381 1365
f  271 1378 1371
f  1394 684 1376
f  602 579 630
f  1367 705 1390
f  79 1447 1408
f  275 1393 699
f  583 611 579
f  1392 1423 691
f  545 537 889
f  889 786 545
f  1035 581 351
f  581 596 353
f  1438 692 1401
f  1439 1448 1441
f  1434 1522 1463
f  608 662 611
f  602 586 604
f  1040 1037 704
f  1478 1427 1366
f  586 668 604
f  1415 30 1552
f  1499 1484 706
f  1474 1530 1485
f  1484 1499 1506
f  1521 1511 1536
f  1522 1572 713
f  80 1532 61
f  1530 80 61
f  729 723 1475
f  1573 716 1518
f  83 414 1540
f  1603 1550 722
f  1505 1665 1478
f  1568 1545 1543
f  721 7 1570
f  7 1557 1570
f  618 791 596
f  611 583 774
f  1553 1561 1573
f  1578 1568 1543
f  727 1598 1534
f  1542 1664 184
f  676 641 604
f  1611 1587 1600
f  1037 536 1002
f  1603 1594 1593
f  694 591 602
f  1608 1606 1605
f  536 532 1002
f  1587 1614 1625
f  1608 1607 1630
f  1527 1478 1665
f  1780 1583 1479
f  1609 1591 1628
f  1759 1632 415
f  728 415 1632
f  1599 1554 1654
f  415 723 1759
f  1759 723 1645
f  694 602 531
f  1568 1578 187
f  1578 1586 187
f  727 417 1598
f  1744 732 1676
f  630 579 611
f  1664 1542 1682
f  1610 1754 1747
f  1695 418 1707
f  418 1666 1707
f  530 608 611
f  1725 1707 1666
f  1691 1714 1703
f  1686 1742 1704
f  1710 1751 741
f  1753 1719 1738
f  1794 740 1736
f  631 602 630
f  1807 88 1720
f  741 1751 1790
f  1728 1770 1793
f  190 1834 1796
f  1794 1804 1821
f  288 1821 1809
f  1829 744 1771
f  1788 744 1842
f  746 1035 351
f  353 891 351
f  1816 1810 1809
f  1837 1926 1647
f  1822 750 1835
f  1647 1926 1934
f  583 724 774
f  1912 1825 1698
f  753 1838 1893
f  90 1922 1862
f  1893 1891 1907
f  191 1891 1895
f  1893 1890 289
f  726 561 748
f  1891 1893 1895
f  289 1895 1893
f  1915 191 1905
f  1851 1824 1919
f  1947 1916 1900
f  587 748 561
f  1933 1928 1929
f  1923 1971 1920
f  1957 2076 32
f  1944 1922 1950
f  1975 1966 1999
f  2003 1964 2021
f  1993 1965 2034
f  1979 2004 2003
f  2083 442 2026
f  2056 2024 2023
f  438 2042 1987
f  1969 1935 196
f  2087 2055 2039
f  1885 1970 2080
f  2059 760 2056
f  611 1034 630
f  724 583 591
f  2007 2078 438
f  2062 296 2090
f  94 140 2071
f  94 2071 440
f  2083 2076 2058
f  1931 2152 1986
f  587 1040 704
f  765 2090 296
f  2028 2052 2078
f  765 2103 2104
f  57 1033 678
f  2112 2092 2070
f  2101 2103 2110
f  769 1982 431
f  2100 2088 444
f  689 775 637
f  2088 2086 2111
f  2123 2107 2129
f  2129 2107 2077
f  2131 768 2100
f  2111 2086 767
f  2131 2111 767
f  2128 2200 2099
f  637 641 676
f  770 2148 2132
f  2129 2139 2158
f  2128 2129 2158
f  525 351 891
f  2157 2147 2159
f  618 619 1035
f  2159 372 2162
f  2156 2175 779
f  697 586 631
f  779 447 2156
f  2185 2156 447
f  2176 779 2175
f  748 587 704
f  2187 198 776
f  2203 2192 2179
f  707 57 678
f  2175 2169 298
f  776 2185 773
f  2122 2224 2240
f  2230 2307 2151
f  2207 2220 2266
f  2296 2151 2307
f  2265 202 2251
f  2288 2306 2289
f  2281 2305 306
f  452 306 2305
f  651 678 1033
f  205 2309 2114
f  694 531 725
f  724 591 694
f  2326 2285 2310
f  700 641 708
f  2336 2301 790
f  204 2358 307
f  720 629 530
f  2362 2347 2364
f  731 631 630
f  548 807 803
f  548 803 550
f  676 604 668
f  805 796 2374
f  738 678 777
f  546 543 548
f  707 678 528
f  807 544 558
f  795 547 2375
f  641 700 531
f  2403 827 2379
f  2396 2408 19
f  2410 2407 801
f  611 662 1034
f  2374 553 1069
f  775 696 637
f  804 1033 629
f  689 637 676
f  554 555 805
f  2440 557 823
f  559 560 361
f  530 611 774
f  527 245 246
f  2450 2483 2422
f  209 2455 2402
f  2459 454 2466
f  816 830 2458
f  2454 2455 209
f  2494 313 2454
f  2499 2458 820
f  2510 2481 2492
f  2459 2499 2486
f  454 821 830
f  822 2640 852
f  822 551 2503
f  1072 1071 1080
f  695 662 717
f  1035 746 618
f  566 1071 104
f  842 808 1073
f  823 559 1074
f  2644 2572 567
f  2533 2506 2500
f  2510 2492 2507
f  821 2459 2486
f  212 312 314
f  316 2510 374
f  256 2525 2537
f  374 811 836
f  833 2486 832
f  2558 831 2564
f  2537 315 256
f  746 791 618
f  2554 315 457
f  838 2541 2597
f  66 2585 2563
f  459 2608 2548
f  708 846 700
f  804 651 1033
f  2572 580 563
f  844 708 637
f  568 576 839
f  852 571 573
f  1084 570 839
f  572 1071 566
f  258 574 573
f  637 696 844
f  845 838 2597
f  849 2576 837
f  462 2552 2609
f  717 608 634
f  2635 2582 2709
f  847 2591 2658
f  662 695 731
f  2615 462 2609
f  731 1034 662
f  15 149 569
f  851 590 1077
f  668 797 676
f  1077 590 576
f  876 2642 578
f  853 876 578
f  2644 45 1092
f  1092 1087 2644
f  2617 2627 216
f  2626 2576 2691
f  2676 2656 2650
f  777 678 651
f  809 530 774
f  216 2627 2701
f  463 2658 2681
f  869 2607 2841
f  2607 2639 2841
f  891 353 56
f  464 2687 857
f  215 2718 2677
f  2645 1091 2935
f  2709 2606 868
f  353 791 56
f  2684 877 2606
f  2686 2804 2685
f  131 527 246
f  864 865 245
f  2819 2709 868
f  670 855 634
f  2765 2660 2674
f  2692 2777 2723
f  467 2747 2712
f  2765 467 44
f  2674 2783 2765
f  2801 2755 2690
f  2804 466 2743
f  2742 2717 2826
f  775 689 800
f  468 2832 2691
f  2707 221 2719
f  351 788 746
f  774 815 809
f  2807 466 221
f  2757 2813 2780
f  2807 878 2683
f  2803 22 2822
f  2757 2780 883
f  2747 467 2825
f  2742 2826 2862
f  2851 2856 878
f  2865 2826 2809
f  57 707 670
f  2844 2838 2905
f  668 586 697
f  470 2873 885
f  2908 2829 474
f  2780 2857 883
f  2742 2902 896
f  2922 2858 2877
f  2909 2920 2980
f  914 704 1037
f  1095 582 598
f  1095 897 921
f  1108 585 905
f  1108 599 593
f  1108 593 585
f  2897 477 2892
f  846 841 725
f  2887 2882 473
f  469 2942 151
f  324 2905 2890
f  2932 2876 2905
f  324 2925 2888
f  896 2902 3001
f  2931 2912 2899
f  326 3017 2833
f  2948 893 2936
f  3017 902 2833
f  48 2945 2950
f  2933 3037 325
f  2983 3042 110
f  908 907 898
f  2931 3076 3037
f  3019 2990 2963
f  477 2992 3038
f  3021 3082 2987
f  3077 3120 3088
f  527 522 862
f  651 840 777
f  3120 3048 3088
f  815 774 724
f  3117 3052 3103
f  3088 3090 3042
f  3068 3048 2975
f  3069 3101 3064
f  3134 3093 3089
f  3113 3192 3085
f  3030 2999 3180
f  695 717 814
f  537 715 889
f  3105 3115 3058
f  3118 3077 3043
f  3107 3106 3146
f  3110 3199 3096
f  3178 3134 3119
f  920 3253 609
f  605 938 612
f  622 3147 921
f  3055 3207 3066
f  676 797 689
f  3162 3120 3118
f  3190 3144 481
f  3247 3165 3132
f  3171 3114 3234
f  3226 3230 49
f  933 3181 941
f  3185 3226 49
f  3185 915 3221
f  3234 3201 3273
f  3226 942 928
f  3070 3180 3207
f  3118 3167 3245
f  934 3229 3193
f  116 3261 3251
f  3200 3311 483
f  1117 937 603
f  1002 825 1037
f  825 914 1037
f  1032 738 777
f  532 1085 1002
f  777 828 1032
f  3302 936 908
f  855 814 634
f  626 938 600
f  614 626 600
f  788 351 525
f  697 694 841
f  622 939 1120
f  74 1119 1100
f  621 615 607
f  3260 3264 3228
f  3287 3250 3259
f  3278 3223 3292
f  726 1006 532
f  928 942 117
f  694 725 841
f  948 3265 3316
f  3249 114 3306
f  3255 3224 3300
f  116 231 3175
f  3262 3276 3317
f  3249 3306 3197
f  873 696 775
f  118 948 3316
f  775 812 873
f  950 3295 330
f  3326 3314 3289
f  695 809 731
f  697 731 724
f  694 697 724
f  3289 3309 3333
f  3275 3291 3333
f  3175 231 120
f  3233 3271 3242
f  1129 621 607
f  607 961 1129
f  638 961 617
f  864 245 862
f  3295 3296 3271
f  3318 952 3257
f  3175 952 3318
f  3202 3321 3098
f  3140 3148 493
f  3133 3092 3296
f  3257 3098 3321
f  3063 3102 3204
f  3177 3040 3184
f  2969 2798 3161
f  3257 3018 3098
f  2792 966 3075
f  975 1124 1116
f  1110 610 1122
f  1117 1110 960
f  791 746 788
f  976 378 627
f  378 976 635
f  621 1129 1128
f  1129 961 982
f  233 965 3149
f  2452 2993 2991
f  3155 3152 2854
f  797 858 689
f  697 841 668
f  2745 2546 3080
f  775 800 1010
f  2839 2344 2939
f  528 738 1032
f  2736 2669 2706
f  1085 532 1006
f  2760 967 2840
f  2872 2424 2770
f  494 2878 968
f  844 696 873
f  840 651 804
f  2904 2793 2636
f  233 2595 965
f  2659 969 3013
f  797 668 841
f  1010 812 775
f  2679 2678 2014
f  2964 3013 969
f  2612 2669 2736
f  2659 2648 974
f  704 914 748
f  969 2643 2956
f  2359 974 2648
f  971 2340 2130
f  2767 2154 2229
f  2257 2228 2488
f  812 1070 873
f  2415 1943 2491
f  2424 2560 2190
f  640 949 632
f  69 640 632
f  633 1126 632
f  815 731 809
f  1126 633 628
f  1128 643 628
f  2299 635 636
f  983 636 979
f  1130 1623 3003
f  1953 2451 2108
f  2178 233 2550
f  2005 1003 499
f  972 2040 2201
f  2238 2910 2725
f  2198 1830 2287
f  2195 2304 2197
f  800 689 858
f  2206 1958 2248
f  809 695 814
f  1683 2063 1942
f  2130 2340 1976
f  1444 2532 987
f  988 1998 1881
f  2264 2186 1992
f  2050 235 1789
f  1836 1787 2066
f  1983 989 1749
f  511 990 1974
f  2040 241 502
f  241 1827 1863
f  791 788 1013
f  1828 1901 1939
f  507 1717 993
f  1852 1859 128
f  1797 1937 1726
f  2015 504 1669
f  525 1013 788
f  1700 1685 1556
f  707 870 882
f  987 2428 1354
f  804 720 824
f  2066 1787 1581
f  1124 975 365
f  1122 1124 365
f  994 625 639
f  625 960 1132
f  1321 365 975
f  1131 644 642
f  645 69 1126
f  643 646 1126
f  1011 998 1000
f  846 797 841
f  2662 2636 1467
f  1003 2005 1468
f  1748 2195 1519
f  1314 1688 1388
f  510 1699 1480
f  1581 1504 1784
f  1504 1457 1558
f  1646 1729 1352
f  1480 1332 1455
f  1134 1139 1007
f  650 644 639
f  1159 1133 1321
f  720 809 824
f  1009 648 647
f  1411 1514 1303
f  846 858 797
f  1313 1446 1017
f  1315 1414 1018
f  1222 1221 1314
f  1338 1194 1024
f  873 953 844
f  1134 652 1139
f  1020 655 650
f  1032 894 528
f  652 653 654
f  1020 1142 1023
f  846 859 858
f  655 1020 1023
f  383 153 657
f  1022 153 346
f  1169 1024 1067
f  1118 55 515
f  1075 981 1027
f  715 1103 1178
f  1026 1078 519
f  1019 1026 519
f  777 840 943
f  515 977 940
f  708 859 846
f  809 814 855
f  1101 130 995
f  1027 981 910
f  1107 524 891
f  1052 862 522
f  940 917 935
f  995 131 1052
f  350 800 859
f  708 844 859
f  935 917 909
f  917 978 829
f  707 528 870
f  631 731 697
f  531 700 725
f  995 522 527
f  864 131 892
f  731 630 1034
f  608 629 634
f  860 1039 786
f  892 865 864
f  1105 56 791
f  525 891 524
f  1013 1105 791
f  602 631 586
f  1039 860 1036
f  536 1037 1040
f  523 455 492
f  894 1019 870
f  490 436 441
f  420 154 1048
f  906 1032 931
f  357 387 407
f  882 840 824
f  381 364 359
f  804 824 840
f  670 882 824
f  777 519 828
f  384 65 1050
f  291 253 323
f  225 274 534
f  909 829 871
f  189 195 534
f  909 871 1029
f  918 871 829
f  195 234 534
f  195 213 234
f  72 264 166
f  840 882 943
f  182 213 195
f  195 189 201
f  201 186 168
f  150 125 156
f  125 150 141
f  855 670 824
f  193 147 73
f  101 103 135
f  70 538 539
f  1064 539 42
f  360 46 1064
f  858 859 800
f  829 909 917
f  34 360 42
f  2374 798 553
f  844 350 859
f  806 798 2375
f  543 798 2374
f  547 557 806
f  803 1066 550
f  550 1066 2505
f  909 1030 935
f  803 564 565
f  1066 803 565
f  808 842 1068
f  104 1072 553
f  567 562 556
f  852 551 822
f  823 578 2440
f  567 554 574
f  567 574 2644
f  906 871 918
f  361 1081 1076
f  350 1010 800
f  2640 822 569
f  839 570 568
f  1073 1083 842
f  2641 572 566
f  809 855 824
f  571 258 573
f  862 1052 864
f  2645 2664 1076
f  2640 872 852
f  527 131 995
f  1088 1080 572
f  786 889 1178
f  584 585 839
f  589 254 1087
f  1081 1091 2645
f  588 258 571
f  1096 853 1093
f  592 1091 363
f  258 588 45
f  45 588 3151
f  1092 45 3151
f  2957 1092 3151
f  3147 590 851
f  584 590 3147
f  905 584 3147
f  1091 592 3150
f  3005 594 595
f  943 519 777
f  874 875 376
f  588 3254 3151
f  1087 1092 1102
f  1102 1098 1087
f  597 3254 588
f  904 1102 1092
f  3150 1106 1091
f  1108 905 923
f  603 3005 595
f  875 605 376
f  1093 2884 616
f  3083 2934 1106
f  904 3157 1102
f  616 1100 1093
f  873 932 953
f  2884 3083 616
f  616 3083 1106
f  1029 871 956
f  1030 1135 935
f  906 956 871
f  3253 920 907
f  907 908 601
f  3254 1115 3151
f  610 3253 1116
f  910 906 918
f  609 1110 603
f  906 931 956
f  3254 937 1117
f  613 1111 1109
f  786 1178 1028
f  614 600 606
f  1119 614 606
f  622 623 923
f  1052 131 864
f  3301 3213 1115
f  860 786 518
f  949 382 3302
f  382 936 3302
f  1120 1112 378
f  1120 2299 622
f  3003 638 922
f  931 521 956
f  3003 922 380
f  3298 3301 121
f  1121 1114 1109
f  1121 1123 1114
f  959 121 624
f  1027 918 929
f  891 56 1107
f  1122 960 1110
f  1107 56 1105
f  626 614 633
f  1119 74 1128
f  623 2299 983
f  380 620 1130
f  715 1178 889
f  844 953 999
f  748 914 1205
f  906 910 981
f  999 350 844
f  1131 1125 1123
f  643 1126 628
f  1129 1000 1128
f  1006 726 748
f  3003 1623 980
f  979 1130 983
f  997 1008 976
f  870 1019 519
f  998 646 643
f  1128 1000 998
f  1011 1000 982
f  649 980 1623
f  996 1070 812
f  1626 1159 1321
f  645 646 1021
f  998 1143 646
f  1143 1021 646
f  519 943 870
f  1078 931 828
f  906 981 894
f  1032 906 894
f  940 977 917
f  645 1157 1159
f  918 1027 910
f  656 1142 654
f  1157 657 1140
f  882 870 943
f  656 153 1022
f  1029 1030 909
f  383 657 1143
f  658 1145 8
f  1145 1144 8
f  155 1147 658
f  1145 658 1146
f  1103 715 860
f  658 1147 1146
f  1148 1146 1147
f  1146 1151 1145
f  155 1144 1150
f  1150 1147 155
f  1145 1151 1152
f  1147 1150 1148
f  1152 1150 1145
f  860 518 1103
f  1144 1145 1150
f  1148 1150 1149
f  1152 1149 1150
f  1146 1148 1153
f  1149 1152 1164
f  1151 1146 1155
f  1148 1149 259
f  1155 1146 1162
f  1161 1158 1168
f  1164 1152 1151
f  932 517 953
f  1164 259 1149
f  1155 1164 1151
f  1010 350 999
f  1156 1158 1161
f  519 1078 828
f  1146 1153 1162
f  1158 1156 659
f  812 1010 1058
f  1162 1175 1155
f  1168 1158 1163
f  1002 1090 825
f  1156 1161 1172
f  1165 1168 1163
f  1172 1168 1166
f  1163 1158 1167
f  1172 1176 1156
f  1155 1181 1164
f  1155 1175 1181
f  786 1028 518
f  1156 1171 659
f  1156 1176 1171
f  1168 1165 1177
f  1162 1153 1192
f  1184 1171 1176
f  1180 1176 1172
f  260 1200 1165
f  385 1166 1183
f  1201 1186 659
f  1192 259 1164
f  1172 1166 385
f  1006 1127 1085
f  1166 1182 1190
f  1182 1166 1177
f  1183 1166 1190
f  659 1186 1167
f  1201 659 1171
f  1180 1184 1176
f  1199 1163 1167
f  1165 1189 1177
f  260 1172 385
f  978 917 977
f  1175 1162 1192
f  262 1203 1187
f  522 995 130
f  1197 1187 1185
f  1185 1187 1203
f  1183 1190 1210
f  1165 1200 1189
f  1052 1101 995
f  1190 1182 1185
f  1212 1199 1186
f  1186 1195 1212
f  1171 1184 1206
f  1193 1204 1191
f  1195 1186 1201
f  1187 1197 660
f  1199 1167 1186
f  262 1187 1191
f  981 1019 894
f  1206 1201 1171
f  1210 386 1183
f  996 812 1058
f  660 1191 1187
f  1203 1190 1185
f  1175 1217 1181
f  386 385 1183
f  1212 1195 1207
f  1195 1211 1207
f  1220 660 1197
f  1182 1177 1189
f  1027 929 516
f  1182 1202 1185
f  1193 1191 660
f  385 386 1200
f  1200 260 385
f  663 1191 1204
f  386 1189 1200
f  1201 1216 1195
f  1184 1199 1219
f  1219 1206 1184
f  1210 1190 1203
f  999 953 517
f  1181 389 1192
f  389 1223 1192
f  262 663 1213
f  1203 366 1210
f  1207 1211 1215
f  1216 1218 1195
f  1203 262 366
f  1213 1197 1202
f  1185 1202 1197
f  348 1051 522
f  1218 1211 1195
f  1181 1217 389
f  1206 1216 1201
f  661 1193 660
f  1204 1193 1226
f  914 825 1090
f  1214 1215 1211
f  1213 366 262
f  1202 366 1213
f  1210 366 1209
f  1079 1029 956
f  1219 1199 1212
f  1219 1216 1206
f  661 388 1193
f  1175 1257 1217
f  1220 661 660
f  1213 1220 1197
f  1175 1192 1224
f  663 1204 664
f  521 1079 956
f  1038 516 929
f  1192 1223 1224
f  388 75 1193
f  1220 1213 663
f  1211 1218 1214
f  366 1202 1209
f  1010 999 1058
f  1257 1175 1224
f  1212 1231 1219
f  1212 1207 1231
f  390 1215 1214
f  1226 1230 1204
f  1214 1218 1231
f  389 1217 1247
f  1230 1226 1234
f  1247 1237 389
f  1215 390 1228
f  1228 667 1215
f  1224 1223 1229
f  665 1215 667
f  664 1204 1230
f  522 1051 1052
f  1207 1225 1231
f  1227 1226 75
f  671 1227 75
f  525 524 1025
f  1257 1247 1217
f  1234 1233 1230
f  1214 1232 390
f  940 1094 1118
f  1234 1226 1227
f  665 666 1225
f  1223 1237 1229
f  1240 1234 1227
f  661 1233 388
f  671 388 1233
f  1002 1024 1090
f  1234 1240 1238
f  1240 1243 669
f  1227 671 1240
f  1235 669 1243
f  1047 996 1058
f  1214 666 1245
f  1245 1232 1214
f  1135 1030 516
f  1002 1067 1024
f  390 1236 1228
f  390 1232 1245
f  1242 669 391
f  158 1240 669
f  1242 391 1241
f  1070 996 1222
f  1238 1240 158
f  1118 515 940
f  1242 1241 76
f  666 665 667
f  1245 666 667
f  1236 1253 1228
f  1250 1240 671
f  265 1271 1241
f  1238 672 1234
f  1235 391 669
f  1019 981 1075
f  23 1242 76
f  1234 1244 1233
f  76 1241 1271
f  1244 671 1233
f  1250 1243 1240
f  667 1228 1261
f  1205 1006 748
f  1253 1261 1228
f  1030 1029 1079
f  516 1079 1027
f  1245 142 390
f  673 669 1242
f  525 1025 1154
f  1248 265 1241
f  669 673 158
f  1244 1234 672
f  1245 667 1261
f  1238 158 1258
f  1104 914 1090
f  673 1264 158
f  1258 672 1238
f  1236 1254 1253
f  517 932 1031
f  671 1244 1258
f  1262 673 1242
f  1244 672 1258
f  158 1264 1258
f  76 1271 392
f  1285 1247 1257
f  1254 1270 1253
f  1264 1251 1250
f  1250 1258 1264
f  391 1260 1249
f  978 1086 1038
f  1241 1249 1248
f  1243 1250 1251
f  1264 673 1262
f  1031 932 1070
f  1251 1235 1243
f  1078 1026 521
f  1237 1247 1285
f  1026 1075 521
f  1268 142 1245
f  1268 1246 142
f  1079 516 1030
f  1268 1245 1261
f  24 1270 1254
f  1257 1224 1267
f  1038 1135 516
f  1251 1264 1262
f  1248 1249 1260
f  1086 978 977
f  1031 1070 1222
f  1236 1246 1273
f  1274 1253 1270
f  1265 24 1254
f  1274 1261 1253
f  1246 1268 1273
f  1075 1026 1019
f  1248 268 392
f  265 159 269
f  1079 521 1075
f  1271 265 269
f  1274 1268 1261
f  1274 1273 1268
f  1266 24 674
f  1265 1254 1273
f  1229 1237 1284
f  1271 1272 392
f  1052 1174 1101
f  1284 1267 1229
f  518 1141 1103
f  1254 1236 1273
f  1279 1280 1265
f  674 24 1265
f  1274 1270 24
f  1237 1285 1284
f  1067 1002 1127
f  1273 1279 1265
f  1286 1257 1267
f  1368 1107 1105
f  159 265 1248
f  1272 1271 269
f  1275 159 1248
f  1289 1286 1267
f  1267 1284 1289
f  1269 1047 1058
f  1248 392 1275
f  1272 1275 392
f  1282 1276 1265
f  674 1265 1276
f  1205 1127 1006
f  1094 1198 1118
f  159 160 269
f  675 1279 1273
f  996 1047 1221
f  1290 269 1283
f  999 517 1137
f  269 1290 1291
f  1266 674 675
f  1273 1274 675
f  1274 1266 675
f  1282 1293 1276
f  1031 1137 517
f  674 1287 675
f  1291 1275 1272
f  1291 394 1275
f  1272 269 1291
f  1280 679 1282
f  1287 674 1276
f  1221 1222 996
f  1292 1287 1276
f  675 367 1279
f  1287 367 675
f  977 1113 1086
f  130 1101 129
f  1279 367 679
f  1293 1305 1292
f  1285 680 1284
f  1058 1137 1288
f  244 55 1118
f  1296 1295 1283
f  1105 1013 1368
f  1058 999 1137
f  1013 525 1154
f  1290 1301 1291
f  1301 1290 1295
f  1067 1239 1169
f  1090 1024 1194
f  1293 1282 679
f  1292 1294 1287
f  1295 1296 395
f  1287 1294 1300
f  1300 1293 367
f  25 1292 1305
f  1289 1284 680
f  1198 244 1118
f  1294 1292 25
f  1293 1300 1307
f  395 1302 1295
f  1294 681 1300
f  1304 395 1296
f  1170 1086 1113
f  1304 161 395
f  1306 1304 1296
f  1296 677 1306
f  1301 1295 1302
f  161 397 395
f  1289 680 400
f  1302 395 397
f  1307 1300 681
f  1269 1221 1047
f  1306 1301 162
f  1196 1179 1113
f  162 1301 1302
f  400 1326 1289
f  1289 1334 1286
f  1289 1326 1334
f  162 1304 1306
f  161 1312 397
f  162 1320 1304
f  1305 1307 1323
f  1086 1136 1038
f  1308 1320 162
f  397 1308 1302
f  161 1304 1320
f  1135 1038 1136
f  25 396 681
f  1334 1310 1286
f  400 680 1346
f  397 1312 1311
f  1312 161 1317
f  1312 1327 1311
f  161 1320 1317
f  1305 1323 1322
f  1178 1278 1028
f  1346 1310 1334
f  1327 1318 401
f  1319 1317 1320
f  1325 1324 1333
f  1067 1127 1173
f  1288 1137 1031
f  1107 1025 524
f  1318 1312 1317
f  1277 1239 1067
f  1328 1340 1325
f  1328 401 1318
f  401 1328 1325
f  1325 1333 401
f  1160 1297 348
f  1174 129 1101
f  1327 270 1311
f  1319 163 1318
f  1331 1323 396
f  1317 1319 1318
f  1104 1090 1194
f  1324 6 1333
f  1339 1305 1322
f  1331 396 1339
f  1311 270 1319
f  1179 1170 1113
f  163 1342 1318
f  270 163 1319
f  10 1324 1325
f  1318 1342 1328
f  1344 1339 1322
f  1173 1127 1205
f  1327 401 682
f  1094 1188 1198
f  270 1327 682
f  1333 6 1336
f  682 401 1333
f  1349 1334 1326
f  1325 1335 10
f  1325 1340 1335
f  1335 1336 6
f  1335 1340 1342
f  1277 1067 1173
f  1094 1135 1136
f  1344 1322 1347
f  1009 1022 346
f  657 153 656
f  1349 683 1334
f  1323 1347 1322
f  1342 163 270
f  1323 164 1347
f  1339 1353 1331
f  1353 1339 1344
f  1344 1347 1348
f  1344 1350 1353
f  1356 1353 1350
f  1350 1344 1348
f  1016 1368 1013
f  400 1360 1349
f  1351 1348 1347
f  1346 1334 1355
f  1360 400 1346
f  1334 683 1355
f  164 1351 1347
f  1331 1353 1357
f  1359 1415 1358
f  1355 1360 1346
f  1366 1359 1358
f  1358 1415 1389
f  1363 1356 1350
f  1376 1362 1350
f  1350 1348 1376
f  164 1357 1369
f  1369 1357 1356
f  1351 1376 1348
f  1351 164 1369
f  1355 683 1367
f  1350 1362 1363
f  1355 1390 1360
f  1379 1364 1365
f  1365 402 1371
f  1208 1288 1031
f  1390 406 1360
f  1360 406 1349
f  1356 1363 1370
f  1170 1188 1136
f  1136 1086 1170
f  1094 1136 1188
f  1371 402 1375
f  1387 1363 684
f  1363 1362 684
f  1343 1104 1194
f  1370 1369 1356
f  1239 1259 1169
f  1389 1505 1358
f  402 1365 1364
f  1369 685 1351
f  684 1362 1376
f  1351 685 1376
f  1364 1373 402
f  1379 1365 405
f  1169 1338 1024
f  1371 1378 1380
f  1373 1379 405
f  1370 685 1369
f  684 1382 1384
f  684 1384 1387
f  1349 368 1367
f  1373 405 402
f  405 1365 1381
f  271 77 1378
f  1358 1505 1478
f  684 1394 1382
f  1337 55 1018
f  1390 1355 1367
f  1375 405 1383
f  1381 1371 1380
f  1380 1378 1386
f  1371 1375 271
f  1382 1400 1384
f  1376 685 1394
f  1160 130 1678
f  1375 1383 165
f  1380 165 1381
f  165 687 1375
f  1370 1363 1387
f  686 1385 1391
f  1400 688 1384
f  1392 1391 1385
f  1391 1403 1412
f  1154 1016 1013
f  1375 687 271
f  685 1370 1413
f  1413 1370 1387
f  1413 1394 685
f  1415 1552 1389
f  1401 686 1430
f  1391 691 1403
f  1385 1397 1392
f  691 1391 1392
f  1384 1398 1387
f  1386 78 1380
f  1404 169 1396
f  1404 79 169
f  1396 169 1405
f  1396 1393 1404
f  1385 686 1401
f  1396 1418 1393
f  1418 699 1393
f  165 1380 78
f  686 1391 1412
f  1382 1394 698
f  691 27 1403
f  1366 1427 1359
f  1170 1179 1188
f  1505 1389 1552
f  1430 686 1412
f  1408 1407 690
f  1407 1419 690
f  1103 1141 1374
f  26 77 1402
f  1397 1385 171
f  77 271 1402
f  1332 1196 55
f  1385 1401 171
f  1017 1372 1454
f  271 687 1402
f  1405 169 690
f  78 1386 1428
f  690 79 1408
f  170 1402 687
f  78 170 687
f  1413 698 1394
f  1395 1398 1384
f  1427 30 1359
f  1400 1436 688
f  1428 26 1408
f  1205 1104 1343
f  1014 1031 1256
f  1278 1178 1103
f  170 411 26
f  1154 1025 1298
f  1396 272 1418
f  1400 1382 1437
f  1436 1400 1437
f  1409 1401 1430
f  1277 1173 1252
f  1450 1409 1397
f  1205 1252 1173
f  1416 1421 272
f  1222 1256 1031
f  1169 1259 1255
f  701 1418 272
f  1432 272 1396
f  1434 1417 1429
f  347 1017 1454
f  1402 170 26
f  1420 1403 27
f  1392 1397 1424
f  692 171 1401
f  1432 1416 272
f  1412 1422 1430
f  173 79 1404
f  690 1419 1405
f  1446 1309 1017
f  1418 701 699
f  1396 1426 1432
f  1309 1372 1017
f  1174 1015 129
f  1420 27 1443
f  518 1028 1354
f  130 129 1678
f  1015 1678 129
f  1404 1393 275
f  1412 1403 1420
f  347 1316 1303
f  1413 1398 1395
f  1221 1269 1440
f  1382 698 1437
f  1384 688 1395
f  1417 2 1429
f  1392 1424 1422
f  1397 1409 1424
f  1430 1424 1409
f  1422 1424 1430
f  1405 29 693
f  173 1404 275
f  693 1426 1396
f  171 1431 1397
f  1179 1196 1332
f  1434 1429 1459
f  1031 1014 1208
f  1420 174 1412
f  1179 1263 1188
f  1407 411 1419
f  1450 1397 1431
f  1417 1434 1461
f  693 275 699
f  1414 1361 1018
f  1205 1343 1252
f  1413 1437 698
f  174 1423 1392
f  1436 1469 688
f  1169 1255 1338
f  275 693 29
f  29 1405 1419
f  1445 1419 411
f  1174 1297 1519
f  79 173 1447
f  1401 1409 1438
f  702 1416 1432
f  174 1422 1412
f  1343 1194 1338
f  1441 1428 1439
f  1447 1445 1439
f  1439 1408 1447
f  1445 411 1439
f  29 173 275
f  1337 1332 55
f  1017 347 1313
f  368 1453 1367
f  1443 691 1449
f  411 170 1448
f  170 1441 1448
f  1392 1422 174
f  1018 1198 1315
f  173 29 1445
f  1476 1395 688
f  1469 1476 688
f  1452 1417 1461
f  411 1448 1439
f  701 703 699
f  1281 1259 1239
f  1454 1012 347
f  1298 1107 1330
f  1450 1438 1409
f  1198 1188 1315
f  1221 1440 1314
f  691 1423 1449
f  1442 1432 1426
f  1458 709 1443
f  703 701 1421
f  1434 1463 1461
f  1416 702 171
f  1179 1299 1263
f  1437 1413 1395
f  1461 1471 1452
f  1466 406 1390
f  705 1466 1390
f  705 1367 1453
f  1461 1463 713
f  1462 1522 1434
f  1372 1345 1454
f  1459 1429 2
f  2 1471 1459
f  1330 1107 1399
f  1420 706 174
f  1107 1368 1399
f  1015 1174 1519
f  1269 1288 1440
f  1443 1449 1458
f  1188 1263 1315
f  1465 692 1438
f  1141 1791 1374
f  1432 1442 702
f  1421 1460 703
f  347 1303 1313
f  1154 1329 1016
f  1461 175 1471
f  1436 1496 1469
f  1103 1374 1278
f  1349 406 1466
f  1479 1453 368
f  1472 1458 1482
f  1434 1459 1462
f  987 1354 1028
f  1443 1464 1420
f  1278 987 1028
f  1471 175 1459
f  1442 703 1460
f  1450 1431 1465
f  1443 709 1464
f  702 369 171
f  1460 369 702
f  1481 1449 1423
f  1460 702 1442
f  369 1460 1465
f  412 709 1458
f  1299 1179 1332
f  1482 1458 1449
f  412 1458 1472
f  1500 1476 1469
f  1469 1525 1500
f  1466 1479 1349
f  1423 174 1481
f  713 1463 1522
f  174 706 1481
f  1474 178 1472
f  1464 706 1420
f  1399 1368 1470
f  1472 1493 1474
f  1473 1494 710
f  1475 1462 1459
f  1522 1462 728
f  1449 1481 1482
f  1490 178 1474
f  710 1534 1487
f  729 1475 1459
f  1499 709 412
f  1514 1313 1303
f  1473 710 1513
f  1464 709 1499
f  1473 1483 1494
f  1277 1377 1239
f  412 1472 1515
f  1526 1494 1497
f  1338 1352 1343
f  1483 1497 1494
f  1222 1640 1256
f  1437 1395 1518
f  1492 710 1494
f  1490 1485 82
f  415 728 1462
f  1484 1482 1481
f  1485 1490 1474
f  1472 178 1515
f  82 1507 1490
f  1278 1444 987
f  1464 1499 706
f  1491 1534 710
f  1299 1341 1263
f  1329 1298 1330
f  54 1277 1252
f  710 1492 1491
f  1395 1476 1518
f  1436 1437 1518
f  1482 1506 1493
f  1487 1534 276
f  1454 1512 1012
f  80 1515 178
f  1316 1012 1435
f  412 1506 1499
f  1476 1500 1546
f  1497 1516 1526
f  1281 1239 1377
f  718 1497 1483
f  1518 716 1496
f  716 1525 1496
f  1502 1541 1500
f  181 1516 1501
f  1516 1497 1501
f  1497 712 1501
f  1483 1473 1498
f  1500 1525 1502
f  1462 1475 415
f  1523 1507 82
f  642 650 655
f  365 1321 1133
f  279 82 61
f  82 1485 61
f  1501 712 1503
f  1557 1490 1507
f  1500 1541 281
f  1513 1487 276
f  1494 714 1492
f  1530 1474 1493
f  412 1515 1506
f  729 1461 713
f  1647 1453 1479
f  1478 1527 1427
f  1482 1484 1506
f  1530 61 1485
f  1523 1535 1507
f  714 1494 1526
f  1278 1374 1444
f  1316 1005 1303
f  1411 1303 1005
f  1141 518 1354
f  1503 414 1501
f  1511 1492 714
f  1524 718 1483
f  1515 80 1530
f  414 83 1501
f  1473 1513 1498
f  1532 80 1490
f  1343 1352 1252
f  1530 1493 1506
f  1506 1515 1530
f  1534 1598 711
f  714 1536 1511
f  1513 1549 1521
f  1483 1498 277
f  1372 1309 1406
f  277 1524 1483
f  1551 1440 1288
f  1535 1557 1507
f  30 1427 1542
f  1523 1508 1517
f  1615 1435 1012
f  1527 1542 1427
f  1525 716 1510
f  1555 1508 1523
f  1498 1536 277
f  1491 1492 1511
f  146 1535 1523
f  1510 1502 1525
f  729 713 1572
f  718 712 1497
f  83 181 1501
f  1513 1521 1498
f  1517 1550 1523
f  276 1549 1513
f  1553 1541 1569
f  1281 1571 1259
f  30 184 1552
f  1540 722 1547
f  1368 1016 1470
f  1516 1577 1526
f  1578 1543 1510
f  1288 1208 1551
f  1502 1569 1541
f  414 1503 1544
f  146 1523 1550
f  1352 54 1252
f  1315 1263 1341
f  277 1536 714
f  1435 1509 1316
f  1545 1502 1543
f  1491 727 1534
f  1536 1498 1521
f  1540 414 1544
f  728 1565 1522
f  1526 277 714
f  1277 54 1377
f  1338 1255 1646
f  1309 1446 1406
f  1547 722 1550
f  1337 1361 1455
f  1500 281 1546
f  1455 1332 1337
f  1518 1546 1573
f  1517 1547 1550
f  184 30 1542
f  721 1555 1523
f  276 711 1554
f  1572 1522 1565
f  1345 1433 1454
f  1012 1512 1615
f  1570 1535 146
f  712 718 719
f  1329 1470 1016
f  1015 1520 1678
f  1503 712 719
f  1503 719 1544
f  1549 1567 1491
f  82 279 721
f  1517 1508 1594
f  83 1576 181
f  1540 1544 1559
f  1526 1577 277
f  1674 2012 1399
f  723 415 1475
f  1598 1554 711
f  1560 1548 1612
f  1338 1646 1352
f  1573 1546 281
f  1600 1548 1560
f  1540 1559 722
f  1451 1468 1329
f  1510 1561 1578
f  1388 1222 1314
f  1537 1372 1406
f  1567 727 1491
f  1410 1495 1425
f  1451 1330 2012
f  1562 1548 1631
f  1587 1548 1600
f  146 1593 1570
f  1593 721 1570
f  1587 1631 1548
f  1332 1480 1299
f  1580 1547 1517
f  1540 1539 183
f  1456 1425 1495
f  1570 1557 1535
f  1561 1510 716
f  1544 84 1559
f  718 1576 719
f  1539 1540 1547
f  1516 181 1577
f  279 7 721
f  718 1524 1576
f  1599 276 1554
f  1495 1528 1456
f  1549 276 1599
f  281 1553 1573
f  1584 1560 1612
f  716 1573 1561
f  1560 1584 1618
f  1631 1591 1562
f  1586 1578 1561
f  181 1576 1577
f  719 1576 83
f  1410 1529 1495
f  1593 1555 721
f  1569 1502 1545
f  1470 1674 1399
f  84 1544 719
f  1580 183 1539
f  277 1577 1576
f  1561 1553 1586
f  1604 1603 722
f  1569 1590 1553
f  1638 1565 728
f  1594 1555 1593
f  1345 1372 1537
f  1618 282 1560
f  83 183 719
f  184 1610 1552
f  1425 1456 1589
f  1575 1603 1593
f  1571 1538 1259
f  1604 1559 84
f  1599 1567 1549
f  705 1453 1647
f  1480 1872 1299
f  1559 1604 722
f  1592 1602 1531
f  1314 1440 1806
f  1563 1512 1454
f  185 1600 282
f  719 183 84
f  1014 1551 1208
f  1255 1259 1538
f  1610 1505 1552
f  1553 1590 1586
f  54 1729 1377
f  1733 705 1647
f  1600 185 1611
f  1479 1466 1780
f  1612 1596 1584
f  1572 1565 1638
f  1622 1569 1545
f  1587 1611 1614
f  1592 1649 1602
f  1608 1605 1607
f  1457 1313 1514
f  1580 1594 1604
f  416 1663 1605
f  1619 1545 1568
f  1606 416 1605
f  1594 1603 1604
f  1529 1410 2155
f  1616 1630 1607
f  1345 1904 1433
f  1569 1622 1590
f  416 1606 1621
f  1584 416 1621
f  84 183 1604
f  1581 1533 1457
f  1580 1604 183
f  1644 1638 728
f  1616 1607 283
f  1631 1587 1633
f  1697 1531 1602
f  1633 1587 1625
f  1618 1584 1621
f  283 1607 1605
f  1609 1562 1591
f  1631 1624 1591
f  1545 1619 1622
f  1711 1645 1572
f  1638 1711 1572
f  180 1531 1627
f  1627 1649 180
f  1649 1592 180
f  1644 1653 1638
f  1598 1654 1554
f  1733 1750 1466
f  1606 1608 1620
f  1630 1616 1655
f  2155 1488 1529
f  185 282 1643
f  416 1584 1596
f  1639 730 1619
f  1628 1636 1609
f  1621 733 1618
f  1444 1374 1791
f  1635 1740 1629
f  1791 1141 1354
f  1611 185 1661
f  1598 1641 1725
f  1652 1586 1622
f  1619 1652 1622
f  1651 1635 1655
f  1630 1655 1635
f  1606 1620 1621
f  1629 1630 1635
f  1571 1281 508
f  1531 1697 1627
f  1611 1661 1614
f  1568 187 1634
f  1618 188 1643
f  1568 736 1619
f  1634 736 1568
f  418 727 1567
f  1567 1599 418
f  1361 1477 1455
f  1608 1673 1672
f  513 345 1377
f  1672 1620 1608
f  1612 1659 1596
f  1446 1533 1735
f  1635 1651 1657
f  733 188 1618
f  1609 1636 1650
f  1637 1630 1629
f  344 1589 1456
f  86 1637 1629
f  185 1650 1636
f  185 1628 1661
f  1616 737 1648
f  1456 1489 344
f  1644 728 1632
f  87 1651 1655
f  730 1691 1619
f  1638 1653 1656
f  1650 1659 1612
f  1643 1650 185
f  1638 1658 1711
f  1414 1315 1341
f  1643 282 1618
f  1628 1591 1624
f  1619 736 1639
f  1406 1988 1537
f  736 1642 1639
f  1695 417 727
f  1663 416 1596
f  2155 1410 1467
f  1672 734 1620
f  1589 1467 1425
f  1648 1655 1616
f  1725 1654 1598
f  733 1621 1620
f  1673 1608 1637
f  1639 1642 1694
f  1329 1468 1674
f  283 1605 1663
f  1684 1641 417
f  1691 1652 1619
f  732 1657 1651
f  1729 54 1352
f  1648 87 1655
f  1663 1693 283
f  1740 1706 1629
f  1641 1684 1725
f  283 737 1616
f  1455 510 1480
f  1754 1610 184
f  732 1662 1676
f  1495 1529 1601
f  1657 732 1744
f  1440 1551 1806
f  735 1653 1644
f  1633 1625 1779
f  1614 1779 1625
f  86 1673 1637
f  1489 1456 1588
f  732 1651 1660
f  1657 1740 1635
f  734 733 1620
f  1649 1627 1713
f  1713 1720 1649
f  1624 1681 1628
f  1759 1645 1711
f  1571 1789 1538
f  418 1599 1666
f  1599 1654 1666
f  1643 188 1659
f  1680 1702 1710
f  1710 1667 1680
f  1696 283 1693
f  1710 1668 1667
f  1729 513 1377
f  1715 737 283
f  1646 1255 1538
f  735 1644 1759
f  1663 1677 1693
f  1686 1767 1639
f  1648 1718 87
f  1639 1694 1686
f  1696 1672 86
f  1735 1406 1446
f  1672 1673 86
f  1712 1740 1657
f  1512 1004 1617
f  1281 345 511
f  1659 1677 1663
f  1004 2084 1617
f  1596 1659 1663
f  1586 1652 187
f  1656 1771 1638
f  1668 1676 1671
f  1579 1528 1495
f  1775 1744 1676
f  727 418 1695
f  1648 737 1715
f  1778 1658 1638
f  1456 1528 1564
f  1687 1689 1675
f  1675 1689 1745
f  1725 1666 1654
f  736 1634 187
f  87 1660 1651
f  1628 1681 1661
f  1504 1581 1457
f  1747 1682 1665
f  1316 1509 1908
f  1435 1486 1509
f  1747 1665 1610
f  1595 1457 1514
f  736 1716 1642
f  1454 1433 1563
f  1709 1728 1675
f  1675 1680 1709
f  1759 1644 1632
f  1615 1486 1435
f  188 1677 1659
f  1624 1631 743
f  1693 734 1696
f  1672 1696 734
f  1732 1686 1689
f  1675 1768 1680
f  1734 1715 1696
f  86 1734 1696
f  1775 1676 1668
f  1768 1702 1680
f  1004 1512 1563
f  1696 1715 283
f  1686 1704 1689
f  1411 1005 1613
f  512 1514 1411
f  1667 1709 1680
f  1714 1691 730
f  1904 1345 1537
f  417 1679 1722
f  1519 2195 1015
f  1624 1698 1681
f  1759 1701 735
f  1679 417 1695
f  1698 1661 1681
f  1676 1727 1671
f  1689 1687 1732
f  743 1631 1690
f  1703 736 187
f  1656 1653 735
f  1713 1627 1803
f  1668 1671 1667
f  730 1639 1714
f  736 1703 1716
f  1694 1642 1716
f  1674 1470 1329
f  1718 1648 1715
f  86 1706 1734
f  1466 1750 1780
f  1760 1589 344
f  734 188 733
f  1732 1767 1686
f  1457 1595 1558
f  1738 1706 1740
f  741 1775 1668
f  1662 1727 1676
f  1652 1691 1703
f  510 1455 1864
f  732 1719 1662
f  1614 1661 1698
f  734 1693 1677
f  1468 1451 1003
f  1697 1803 1627
f  1704 1745 1689
f  1657 1744 1712
f  1725 1684 1705
f  1716 739 1694
f  1556 1566 128
f  1771 1778 1638
f  1579 1495 1692
f  1803 1697 1602
f  88 1803 1602
f  1639 1767 1746
f  1706 1738 1734
f  1014 1683 1551
f  1675 1728 1687
f  1718 1738 87
f  1533 1581 1787
f  1714 1716 1703
f  1528 1579 1936
f  1683 1806 1551
f  1495 1601 1692
f  1779 1614 1698
f  1566 1556 1597
f  1736 1796 1721
f  1766 1771 1656
f  732 1660 1719
f  1679 1739 1722
f  1714 1639 1746
f  1714 739 1716
f  1832 1664 1819
f  1800 1755 1684
f  1705 1684 1755
f  1765 1725 1705
f  1768 1675 1745
f  1738 1718 1734
f  1694 1761 1742
f  1686 1694 1742
f  1796 1724 1721
f  1701 1656 735
f  1721 1764 1736
f  1724 1792 1737
f  1721 1724 1737
f  1763 1671 1727
f  1574 1588 1564
f  1831 1690 1633
f  1848 1831 1633
f  345 513 511
f  1504 1574 1564
f  1679 1695 1707
f  1564 1784 1504
f  1739 1679 1707
f  1456 1564 1588
f  1528 1948 1564
f  1015 2195 2197
f  1256 1640 2063
f  1451 991 1003
f  1753 1738 1740
f  1667 1671 1763
f  1014 1256 2063
f  1314 1806 1688
f  1740 1712 1753
f  1832 1754 1664
f  1640 1222 1847
f  1793 286 1687
f  1744 1775 1785
f  1761 1694 739
f  1744 1758 1712
f  2005 1674 1468
f  1658 1778 1798
f  1687 1728 1793
f  1682 1819 1664
f  1684 1722 1800
f  508 1281 511
f  1745 1776 1768
f  1725 1739 1707
f  1796 1736 190
f  1709 1770 1728
f  1777 1801 1662
f  1702 1768 742
f  1662 1719 1777
f  1758 1744 1785
f  1832 1824 1754
f  1753 1758 1777
f  1796 284 1809
f  1682 1856 1819
f  1753 1712 1758
f  1714 1746 1795
f  1849 344 1489
f  743 1820 1624
f  512 2225 1514
f  1467 1589 2662
f  1767 1795 1746
f  1936 1579 1692
f  1776 1745 1704
f  1802 1761 739
f  1701 1766 1656
f  343 1847 1388
f  1727 1801 1763
f  87 1738 1719
f  1898 1750 1733
f  1713 1781 1786
f  1720 1713 1786
f  1488 1866 1529
f  1601 1529 1866
f  1705 1755 89
f  1739 1725 1765
f  1779 421 1848
f  1848 1633 1779
f  1780 426 1583
f  1776 742 1768
f  742 1756 1702
f  1761 1802 1742
f  1756 1770 1709
f  285 1763 1801
f  1736 740 190
f  1597 1741 1566
f  1751 1702 1790
f  1711 1658 1798
f  1795 1802 1714
f  1714 1802 739
f  1764 1794 1736
f  1824 1747 1754
f  1455 1477 1864
f  1805 1776 1704
f  743 1690 1831
f  1564 1948 1784
f  1763 285 1756
f  1756 1667 1763
f  1733 1934 1898
f  1934 1733 1647
f  1777 1719 1753
f  1898 1780 1750
f  1737 1792 1774
f  128 1700 1556
f  1755 1822 89
f  990 511 513
f  1804 1764 1721
f  1792 1724 1796
f  1807 1720 1786
f  1765 1705 89
f  1509 1486 1708
f  285 741 1790
f  1903 1486 1615
f  1735 1533 1787
f  288 1796 1834
f  1826 1800 1722
f  1756 285 1790
f  1735 1988 1406
f  1805 286 1793
f  1776 1805 1793
f  1001 1512 1617
f  1812 287 1759
f  1793 1770 1776
f  1759 1711 1812
f  1615 1512 1001
f  742 1776 1770
f  1755 1800 747
f  1774 747 1737
f  1781 1815 1786
f  1801 1777 1758
f  1613 512 1411
f  1767 1732 286
f  1795 1767 286
f  1856 1682 1747
f  1704 1742 1802
f  1908 1613 1005
f  1792 1822 1774
f  1701 1759 287
f  1904 1537 239
f  742 1770 1756
f  285 1801 1785
f  643 1128 998
f  994 644 1131
f  1822 1755 1774
f  1809 1792 1796
f  1788 1798 1778
f  1519 1678 1748
f  1756 1790 1702
f  1520 1015 2197
f  2197 62 1520
f  288 284 1796
f  747 1774 1755
f  744 1788 1778
f  286 1805 1795
f  1804 1794 1764
f  1812 1711 1798
f  1953 1670 1901
f  1805 1802 1795
f  1833 1815 1781
f  1782 1737 747
f  1341 1299 1872
f  1815 1823 1786
f  1813 1781 1713
f  1823 1807 1786
f  1812 1798 1788
f  1704 1802 1805
f  1778 1771 744
f  1826 1722 1739
f  1803 1813 1713
f  1880 743 1831
f  1765 89 1835
f  190 1808 1817
f  1825 1779 1698
f  1834 190 1817
f  751 1813 1803
f  1818 1826 1739
f  1814 747 1800
f  1803 88 751
f  1814 1782 747
f  88 1807 751
f  1585 1538 1789
f  190 740 1808
f  1809 284 288
f  1822 1835 89
f  1792 1809 1810
f  1766 1701 287
f  1819 745 1832
f  1773 1670 504
f  239 512 1743
f  1808 749 1817
f  1698 1820 1912
f  1807 1823 1867
f  1771 1766 1829
f  1670 1582 504
f  1818 1765 1835
f  750 1822 1810
f  1792 1810 1822
f  1816 1782 1814
f  1566 1741 1762
f  1747 1851 1856
f  1804 1816 1809
f  1816 1804 1782
f  745 1845 1832
f  1817 1858 1834
f  1699 510 1731
f  1888 1812 1788
f  1880 1912 1820
f  1810 1816 750
f  740 1794 1846
f  288 1846 1821
f  1582 1669 504
f  1814 750 1816
f  1854 1842 744
f  1789 1571 508
f  1647 1583 1837
f  1823 1815 1853
f  31 1846 288
f  288 1834 31
f  1558 1595 2225
f  1845 1824 1832
f  1878 745 1819
f  1872 1480 1699
f  1808 740 1846
f  1814 1800 1826
f  744 1829 1843
f  1858 1844 1834
f  1843 1854 744
f  1477 2051 1864
f  91 1829 1766
f  752 1833 1813
f  1888 1788 1842
f  1838 1840 1817
f  750 1814 1818
f  1818 1835 750
f  1834 1844 31
f  1953 1582 1670
f  91 1766 287
f  92 91 287
f  287 1812 92
f  1867 751 1807
f  1853 1815 1870
f  1890 749 1869
f  1678 1520 62
f  62 1748 1678
f  1842 1854 1876
f  1869 749 1808
f  1867 1823 1853
f  1597 1830 1741
f  1899 1878 1819
f  513 1729 990
f  1566 1873 1852
f  1840 1858 1817
f  1528 1857 1948
f  1838 749 1890
f  1840 1838 753
f  1855 1831 1848
f  1528 1936 1857
f  1843 90 1854
f  1884 1867 1853
f  1888 92 1812
f  343 1730 341
f  1868 1848 421
f  1597 1556 1685
f  1808 1846 1869
f  1772 1723 1769
f  1840 753 1860
f  1846 31 1869
f  1769 1723 2015
f  1877 752 1813
f  1566 1762 1873
f  2173 1731 507
f  1757 1797 1726
f  1888 1842 1876
f  993 1717 503
f  1854 1862 1876
f  1874 1861 1860
f  1862 1854 90
f  1870 1815 1833
f  31 1844 289
f  751 1867 1877
f  1843 1829 91
f  1870 1875 1853
f  512 1613 1743
f  1860 1897 1840
f  1840 1883 1858
f  1813 751 1877
f  1871 1861 1874
f  1839 1669 1582
f  2415 1574 1558
f  1941 1757 1726
f  1868 1855 1848
f  1831 1855 1880
f  1914 1861 1871
f  91 1894 1843
f  1874 1879 1871
f  289 1858 1883
f  289 1890 1869
f  1869 31 289
f  1819 1856 1899
f  1875 1865 1853
f  1860 753 1907
f  1853 1865 1884
f  1855 1882 1880
f  745 1892 1845
f  2063 1640 1847
f  1868 1900 1902
f  1833 752 1889
f  1874 1915 1879
f  1838 1890 1893
f  2015 1773 504
f  1883 1895 289
f  1912 1921 1825
f  1921 421 1825
f  1871 1906 1914
f  1883 1840 1897
f  1907 1874 1860
f  1489 1588 1945
f  1898 426 1780
f  1882 1912 1880
f  745 1878 1885
f  91 92 1887
f  1741 1749 1799
f  1669 340 2015
f  1920 1875 1870
f  1688 2248 1730
f  1914 1906 1909
f  1897 191 1883
f  1939 1901 1670
f  1699 1731 2173
f  2173 1752 1699
f  1861 1914 1905
f  1895 1883 191
f  421 1900 1868
f  753 1893 1907
f  508 511 1974
f  1919 1899 1856
f  1762 1741 1799
f  1985 239 1537
f  1889 752 1877
f  90 1843 1925
f  1867 1884 1896
f  1537 1988 1985
f  1865 1875 1944
f  1915 1910 1879
f  1760 2662 1589
f  1888 1876 1929
f  1915 1874 1907
f  1884 1865 1946
f  1862 1929 1876
f  1856 1851 1919
f  1726 1937 993
f  1894 91 1887
f  993 1976 1726
f  1907 1891 1915
f  1891 191 1915
f  1911 1922 90
f  1845 1892 422
f  422 1824 1845
f  1921 1900 421
f  1946 1896 1884
f  992 507 993
f  1914 754 1905
f  1877 1896 1889
f  32 1940 1906
f  1913 32 1906
f  1915 1905 754
f  1934 2054 1898
f  1906 1871 1913
f  1920 1870 1923
f  1889 1923 1870
f  1563 1886 1004
f  1903 1708 1486
f  1509 1708 1908
f  422 1919 1824
f  1563 1433 1938
f  754 1910 1915
f  1868 1902 1924
f  1906 1940 1909
f  1944 1875 1920
f  1929 1887 1888
f  1617 2854 2524
f  1928 1894 1887
f  2524 1001 1617
f  1882 756 1912
f  1615 1001 2855
f  1908 1783 1613
f  1923 1889 1896
f  1613 1783 1743
f  2855 1903 1615
f  1871 1879 1913
f  756 1921 1912
f  1743 1904 239
f  1900 1916 1902
f  1836 1735 1787
f  1855 1868 1927
f  1868 1924 1927
f  1951 1909 1940
f  1916 1924 1902
f  754 1914 757
f  1930 1913 1879
f  1931 1892 745
f  1896 1946 1923
f  2198 1749 1830
f  1951 757 1909
f  1914 1909 757
f  341 1859 240
f  1928 1887 1929
f  1932 1692 1601
f  1933 1929 1862
f  1924 1949 1927
f  1910 754 757
f  1862 1918 1933
f  1952 1911 1925
f  1918 755 1933
f  1881 1797 1757
f  1885 1931 745
f  1582 1953 1839
f  1882 1855 1927
f  1879 1910 1930
f  1930 1910 757
f  1951 1972 1930
f  1930 757 1951
f  1951 1940 2076
f  1940 32 2076
f  1952 1925 1928
f  2415 1945 1588
f  1920 1971 1944
f  1574 2415 1588
f  1939 1670 1841
f  1935 32 1913
f  1976 1941 1726
f  1913 1930 1935
f  1971 755 1918
f  1918 1922 1944
f  1972 2016 1930
f  2051 1477 1414
f  192 1933 755
f  1970 1885 1878
f  1952 1928 425
f  1928 1933 425
f  437 1900 756
f  437 1947 1900
f  1934 2124 2054
f  2026 2016 1972
f  1922 1911 1950
f  1927 427 1882
f  756 1882 293
f  1949 427 1927
f  1872 1984 1341
f  1414 1341 1984
f  1899 1970 1878
f  1944 1990 1865
f  422 1892 1986
f  1841 1670 1773
f  1859 1811 128
f  1700 128 1811
f  2109 422 1986
f  1789 508 2050
f  1961 1963 1968
f  1952 425 1982
f  1865 1990 1946
f  2050 508 1974
f  755 1967 192
f  1952 1950 1911
f  1963 292 1968
f  1961 1956 1963
f  430 1955 1954
f  1987 2010 1954
f  1924 1916 1981
f  1799 2094 1762
f  1954 1955 1959
f  1978 1963 1956
f  1924 1980 1949
f  1933 192 425
f  192 1982 425
f  1954 2010 430
f  1967 431 192
f  1960 1961 1968
f  1957 32 1969
f  2155 1467 2636
f  1882 427 293
f  293 437 756
f  2076 2083 1951
f  1961 1960 1975
f  1959 2018 1954
f  370 1959 1955
f  758 1965 1977
f  1980 1924 1981
f  1963 758 1977
f  32 1935 1969
f  1978 758 1963
f  1849 1489 1945
f  1986 1892 1931
f  1966 1975 1960
f  1972 1951 2083
f  1989 1954 1973
f  1961 429 1956
f  2854 1617 2084
f  1967 1971 1923
f  502 1863 1769
f  1989 1987 1954
f  1973 1954 2018
f  2034 1965 758
f  1965 1993 2038
f  1977 1965 2038
f  2044 1977 2038
f  1923 1995 1967
f  1931 1885 2137
f  1886 1563 1938
f  1949 1980 427
f  2021 1964 1959
f  503 2130 993
f  1997 1960 1968
f  343 1942 1847
f  1999 1966 2033
f  434 1964 2003
f  292 1963 1977
f  1973 432 1989
f  192 431 1982
f  1950 1952 1990
f  2033 2010 1999
f  2248 1958 1730
f  1581 1784 2066
f  1700 243 1685
f  1967 755 1971
f  1916 1947 194
f  1987 1999 2010
f  194 1981 1916
f  429 1961 96
f  2021 2002 2003
f  1960 1997 1966
f  1975 96 1961
f  1958 341 1730
f  2011 2064 93
f  1979 2002 94
f  293 427 1980
f  2007 430 2010
f  2021 1959 370
f  2015 1723 1773
f  1837 426 2165
f  1926 1837 2043
f  2022 1980 1981
f  2003 2006 434
f  1994 2031 93
f  343 341 240
f  93 2001 1994
f  2023 1997 1968
f  1996 1597 1685
f  370 430 2046
f  1977 2044 292
f  503 510 501
f  429 2024 1956
f  510 1864 501
f  1990 1952 1982
f  1646 1585 2191
f  2019 2025 1991
f  93 296 2001
f  1752 1872 1699
f  2008 2019 1991
f  2225 1943 1558
f  2026 1972 2083
f  1979 1991 2025
f  1863 502 241
f  2003 2002 1979
f  1978 760 758
f  2042 1999 1987
f  1978 2024 2056
f  1899 1919 2048
f  1752 1984 1872
f  1735 1836 1988
f  2007 2046 430
f  370 2045 140
f  2001 759 1994
f  94 2039 1979
f  1989 432 2046
f  432 370 2046
f  296 2062 2001
f  2053 2064 2011
f  292 2023 1968
f  241 2346 1827
f  1990 764 2041
f  2041 1946 1990
f  2008 2069 2019
f  2032 1997 2023
f  1939 1841 2238
f  1729 1646 1917
f  1999 2042 1975
f  1917 990 1729
f  2025 2004 1979
f  2011 2047 2053
f  2077 2107 1993
f  1811 1859 341
f  2079 2077 1993
f  2037 2079 1993
f  1996 2287 1830
f  2032 2024 429
f  2165 2043 1837
f  2021 94 2002
f  1970 1899 2048
f  432 1973 433
f  2018 433 1973
f  1773 2328 1841
f  2056 760 1978
f  241 2040 2174
f  1919 2109 2048
f  1997 2032 2028
f  2008 1991 2055
f  2532 1444 1791
f  1984 2051 1414
f  33 140 2045
f  2028 1966 1997
f  235 2416 1789
f  1996 1873 1762
f  370 140 2021
f  2042 96 1975
f  2058 2124 1934
f  2021 140 94
f  1947 295 194
f  2031 439 2011
f  2038 1993 2107
f  370 432 2045
f  429 96 2052
f  2032 429 2052
f  2011 439 2047
f  1947 437 295
f  1996 1762 2094
f  194 2081 1981
f  2068 2053 762
f  292 2044 2056
f  2046 438 1989
f  2173 507 992
f  433 33 2045
f  1688 1806 1683
f  2004 2025 2057
f  1934 1926 2058
f  763 2008 2055
f  2087 763 2055
f  2068 762 194
f  2033 2078 2007
f  758 760 2034
f  295 2068 194
f  2007 438 2046
f  1863 1772 1769
f  33 433 434
f  2248 1688 1683
f  2052 2028 2032
f  1723 1772 2017
f  433 2045 432
f  2008 2067 2061
f  140 33 2071
f  2038 294 2082
f  2026 196 1935
f  2069 2008 761
f  2061 761 2008
f  1847 1942 2063
f  2039 440 2087
f  2044 2038 2082
f  1857 2332 1948
f  2030 759 2001
f  440 2039 94
f  2082 2034 760
f  2019 2057 2025
f  1784 1948 2215
f  2053 2068 2110
f  1799 1749 989
f  989 2020 1799
f  2094 1799 2020
f  2066 1784 2215
f  2081 194 2095
f  2064 2053 2110
f  2079 2037 250
f  194 762 2095
f  1898 2165 426
f  2019 2069 2070
f  2086 2091 761
f  2061 2086 761
f  434 2006 2071
f  2037 2034 2085
f  2107 2097 2038
f  439 766 2047
f  2031 1994 2104
f  2008 763 297
f  297 2067 2008
f  2048 2160 1970
f  759 2075 1994
f  2051 2180 1864
f  1866 2434 1601
f  431 1967 2140
f  1982 764 1990
f  2047 766 2095
f  2095 762 2047
f  2001 2062 2093
f  512 239 2269
f  2004 2057 2087
f  294 2072 2082
f  243 2264 1685
f  1757 2142 1881
f  2082 2072 2034
f  2110 2103 2064
f  2043 2058 1926
f  2075 759 2115
f  1863 1827 2029
f  297 2057 2019
f  2071 2006 2004
f  2186 1852 1873
f  439 2031 2104
f  2725 1828 1939
f  765 296 2064
f  2080 2137 1885
f  1685 1992 1996
f  443 2069 761
f  2082 760 2059
f  2214 2142 1757
f  443 761 2091
f  1953 1901 2451
f  2085 250 2037
f  2070 2069 443
f  2062 2090 2093
f  2072 294 2097
f  2297 1783 1908
f  1708 2297 1908
f  1433 1904 1938
f  2084 336 2854
f  1898 2054 2183
f  2165 1898 2183
f  2098 2061 2067
f  297 2087 2057
f  2001 2120 2030
f  2855 1001 2524
f  2124 2058 2076
f  2076 1957 2124
f  2030 2115 759
f  2033 2028 2078
f  2086 2088 2091
f  2064 2103 765
f  2034 2072 2085
f  2096 2068 295
f  297 763 2087
f  2195 1748 985
f  2140 1967 1995
f  2120 2001 2093
f  2070 297 2019
f  437 2121 2102
f  2077 2079 2089
f  1970 2114 2080
f  1957 1969 2106
f  341 1958 1811
f  1957 2106 2124
f  2068 2096 2110
f  2127 2090 765
f  295 2102 2096
f  768 2091 2088
f  2095 2105 2081
f  2014 2017 1772
f  2099 2079 250
f  442 2083 2043
f  2085 2099 250
f  769 431 2140
f  2097 2085 2072
f  2067 2092 2098
f  439 2104 2105
f  442 2151 196
f  2415 1558 1943
f  196 2026 442
f  2143 2041 764
f  340 1669 2511
f  1646 2191 1917
f  2104 2103 2101
f  2022 2081 2116
f  501 1864 2180
f  2088 2100 768
f  2105 2116 2081
f  443 2112 2070
f  2114 1970 2160
f  2088 2111 444
f  2107 2123 2097
f  2093 2090 2127
f  766 439 2105
f  2112 2098 2092
f  767 2086 2061
f  2104 2101 2105
f  2121 293 2022
f  2022 2116 2121
f  1769 2150 502
f  2009 243 1700
f  2166 2048 2109
f  2144 2075 2115
f  2098 767 2061
f  1743 1783 2297
f  2132 2100 770
f  1937 1797 2013
f  1982 769 2161
f  2105 2095 766
f  2161 764 1982
f  2106 1969 196
f  1994 2075 2127
f  2136 444 2111
f  2118 2030 2120
f  2123 2128 2085
f  1852 2186 2212
f  2212 1859 1852
f  2124 2117 2054
f  2449 2015 340
f  2097 2123 2085
f  2125 2096 2102
f  2077 2089 2119
f  2089 2079 2099
f  2048 2166 2160
f  2134 2120 2093
f  2093 2127 2134
f  2129 2077 2119
f  2105 2125 2116
f  2125 2121 2116
f  2106 2117 2124
f  2101 2125 2105
f  2125 2101 2096
f  1983 1749 337
f  1769 2015 2449
f  2125 2102 2121
f  2151 2106 196
f  2143 2122 2041
f  1995 2041 2122
f  1850 2060 2448
f  2085 2128 2099
f  1692 1932 1936
f  1488 2155 2391
f  2137 2152 1931
f  197 767 2098
f  770 444 2133
f  2098 2112 197
f  1488 2391 2259
f  2152 2166 2109
f  2131 197 768
f  2128 2123 2129
f  2127 2075 2144
f  2151 442 2043
f  764 2161 2143
f  2148 770 16
f  2100 2132 2131
f  2119 2153 2129
f  444 2136 2133
f  2134 2127 2144
f  2119 2089 2138
f  2099 2138 2089
f  767 197 2131
f  2030 2118 2177
f  986 240 1859
f  2122 2140 1995
f  1828 2451 1901
f  2133 2135 770
f  2040 502 2201
f  2099 2200 2138
f  2269 239 1985
f  2171 769 2140
f  2146 2118 2120
f  2149 2136 2131
f  2153 2182 2129
f  2118 2146 2177
f  2111 2131 2136
f  2117 2183 2054
f  2129 2182 2139
f  2131 2132 2149
f  2151 771 2106
f  97 2133 2136
f  2115 2030 2177
f  769 2171 2161
f  2132 2148 2149
f  2135 2133 2147
f  1992 1685 2264
f  2145 2144 2115
f  60 2153 2119
f  988 2060 1850
f  1948 2332 2215
f  2177 2145 2115
f  2165 2230 2043
f  2136 2149 97
f  16 2135 2157
f  2147 2157 2135
f  1976 993 2130
f  16 2163 2148
f  771 2117 2106
f  2145 2141 2144
f  2193 2146 2120
f  2257 2346 241
f  2119 2138 60
f  2182 2204 2139
f  2204 2158 2139
f  2149 2148 2163
f  2346 2029 1827
f  372 2156 2162
f  372 2159 2147
f  2153 60 2164
f  1942 343 240
f  1841 2211 2238
f  2134 2144 2141
f  2060 988 1881
f  2181 2141 2145
f  2163 97 2149
f  2134 2193 2120
f  2147 2133 2170
f  2133 772 2170
f  2156 372 2175
f  2164 2182 2153
f  60 2172 2164
f  241 238 2228
f  2183 2117 771
f  2200 2158 2204
f  2143 2161 2239
f  1992 2186 1873
f  2167 60 2138
f  2151 2043 2230
f  1996 1992 1873
f  2170 2187 2147
f  1881 1998 2000
f  2187 372 2147
f  2157 198 16
f  198 2170 772
f  2239 451 2143
f  2200 2167 2138
f  2193 301 2146
f  2231 2134 2141
f  2146 301 255
f  2177 2146 255
f  2263 2437 1983
f  772 97 2163
f  236 1932 1601
f  372 2187 2169
f  198 772 2163
f  1601 2434 236
f  1752 2173 2406
f  2185 2162 2156
f  2143 451 2224
f  2179 2192 199
f  2181 2145 2177
f  2137 2080 2298
f  2172 445 2164
f  2188 2177 255
f  2165 2183 2210
f  1863 2027 1772
f  2140 778 2171
f  2140 2122 778
f  2181 2231 2141
f  2161 2171 446
f  2014 1772 2027
f  2175 773 2176
f  198 2187 2170
f  776 2168 2159
f  2159 2162 776
f  779 2184 447
f  2227 2179 199
f  2073 1850 2448
f  2312 2073 2448
f  991 3174 1003
f  2189 200 2219
f  255 2199 2188
f  2449 2150 1769
f  2122 2143 2224
f  2199 2196 2188
f  2189 2219 2194
f  2164 17 2182
f  2012 1674 2005
f  2013 500 1937
f  1723 2017 2221
f  2204 2182 17
f  1773 1723 2221
f  2185 776 2162
f  2613 991 2012
f  2187 298 2169
f  98 773 2185
f  2184 779 2289
f  2662 1760 2049
f  2185 447 2207
f  2511 2449 340
f  773 2175 298
f  2220 2207 447
f  2180 1984 1752
f  988 1850 1962
f  2177 2188 2181
f  2194 2213 782
f  782 445 2194
f  2217 2188 2196
f  2202 2219 200
f  2199 255 2209
f  2179 2234 2233
f  2202 100 2219
f  2179 2199 2234
f  2167 2200 449
f  2204 449 2200
f  2199 2179 2196
f  100 2194 2219
f  2172 60 2167
f  445 782 2164
f  773 298 776
f  779 2176 2207
f  2180 2051 1984
f  1789 2416 1585
f  2220 447 2184
f  1937 500 2113
f  1749 2198 337
f  2176 773 98
f  779 2205 2289
f  200 2189 2243
f  2194 445 2222
f  2243 2189 450
f  2027 1863 2029
f  990 2325 1974
f  2203 35 2192
f  2217 2196 2223
f  2192 35 306
f  2202 2208 2232
f  1936 1932 2218
f  2202 200 2208
f  301 2209 255
f  968 2050 1974
f  199 2226 2245
f  2166 785 2160
f  1937 2113 992
f  2199 780 2234
f  2222 445 2172
f  2179 2223 2196
f  2226 199 2192
f  2179 2233 2203
f  2213 2194 100
f  2255 2233 2234
f  1983 337 2036
f  2249 2184 2289
f  2218 1857 1936
f  1941 1976 2340
f  98 2185 2207
f  2213 2262 782
f  2209 780 2199
f  2245 2227 199
f  2255 2234 780
f  2183 771 2235
f  2114 2160 205
f  2210 2183 2235
f  2222 2172 449
f  2172 2167 449
f  2202 2232 138
f  2242 2171 778
f  2242 446 2171
f  2236 2203 2233
f  785 205 2160
f  2232 2208 2241
f  992 2126 2173
f  1939 2238 2725
f  2179 2227 2223
f  2181 2188 2217
f  1985 1988 1836
f  2244 301 2193
f  2208 2237 2241
f  1849 1945 2414
f  1881 2229 2060
f  2240 778 2122
f  450 2194 2222
f  2209 301 2244
f  2260 2165 2210
f  2230 2165 2260
f  2208 200 2243
f  2152 2137 2298
f  1953 2108 2333
f  2220 2184 2249
f  2205 779 2207
f  2274 2255 780
f  2227 2247 2223
f  778 781 2242
f  1839 1953 2333
f  2296 2235 771
f  989 1983 2437
f  2209 2274 780
f  2154 2060 2229
f  781 778 2240
f  2222 2261 450
f  2239 446 2275
f  238 241 2174
f  2215 2504 2066
f  449 2204 2261
f  2261 2222 449
f  2275 2285 2239
f  2035 2065 2190
f  2203 2258 35
f  2237 2208 2243
f  2202 138 2254
f  2247 2227 2270
f  2213 100 2253
f  2298 2283 2152
f  1811 1958 2206
f  238 2190 2228
f  2065 2228 2190
f  2152 2286 2166
f  2254 2265 100
f  2229 1881 2142
f  2074 1962 2073
f  1962 1850 2073
f  2247 2217 2223
f  2217 2247 2181
f  2000 2013 1797
f  2328 2211 1841
f  2203 2236 2258
f  2273 2233 2255
f  782 2262 783
f  451 2239 2285
f  2244 2231 2181
f  2294 2224 451
f  2243 202 2237
f  1488 2259 1866
f  2259 2433 1866
f  71 1886 1938
f  2231 2244 2193
f  2289 2279 2249
f  2297 1708 1903
f  2266 2220 2249
f  2266 2205 2207
f  2251 2253 2265
f  1904 1743 1938
f  100 2265 2253
f  202 2265 2276
f  2268 2273 2255
f  2256 2232 2293
f  2271 2280 2246
f  306 35 2281
f  2246 2258 2271
f  2225 512 2269
f  2277 2271 2258
f  306 452 2226
f  2253 2262 2213
f  2166 2286 785
f  2084 1886 71
f  2227 2245 2270
f  2244 203 2209
f  1983 2036 2263
f  138 2295 2276
f  2255 2274 2268
f  985 1748 62
f  2695 2263 2036
f  2662 2049 2250
f  2446 988 1962
f  783 2262 2253
f  2276 2254 138
f  2613 2012 2005
f  2293 2232 2241
f  784 2237 202
f  2289 2306 2279
f  2244 2181 2247
f  2287 1996 2094
f  2094 2611 2287
f  203 2247 2270
f  2280 2281 2246
f  2295 784 2276
f  446 2242 2275
f  203 2274 2209
f  2228 2065 2442
f  2273 2268 2270
f  2307 2230 2260
f  2318 2292 2277
f  2270 2268 203
f  2280 2271 2292
f  2292 2300 2280
f  2276 784 202
f  452 304 2270
f  2273 2270 304
f  2295 138 2256
f  784 2241 2237
f  2273 2291 2233
f  2233 2291 2236
f  2205 2266 2289
f  2294 781 2240
f  2277 2319 2318
f  2080 2114 2309
f  2448 2060 2154
f  2309 2298 2080
f  2315 2280 2300
f  2273 304 2291
f  2155 2636 2216
f  1932 2662 2250
f  2242 2301 2275
f  787 2288 2289
f  2290 2279 2306
f  2317 2210 2235
f  990 1917 2325
f  451 2285 2322
f  2303 2272 2258
f  988 2453 2349
f  2279 2290 2249
f  2290 2266 2249
f  2266 787 2289
f  2126 992 2113
f  2277 2272 2313
f  2277 2313 2319
f  2300 2292 2309
f  2391 2155 2216
f  2236 2291 2303
f  2322 2294 451
f  2292 2318 2298
f  2298 2309 2292
f  789 2318 2319
f  1791 1354 3198
f  1354 2428 3198
f  2210 2317 2260
f  2316 2307 2256
f  2256 2293 2316
f  2250 2049 1849
f  2305 2281 2280
f  2285 2275 2310
f  2241 2323 2293
f  2595 233 2178
f  2328 1773 2221
f  205 2315 2300
f  2256 2327 2295
f  784 2323 2241
f  2309 205 2300
f  2178 2311 2595
f  2290 787 2266
f  2283 2298 2318
f  2303 2291 304
f  2308 2305 2280
f  2327 2256 2307
f  2326 2322 2285
f  2327 2329 2295
f  2014 2221 2017
f  2242 790 2301
f  2242 781 790
f  2065 2035 2391
f  2303 2313 2272
f  2294 790 781
f  1669 1839 2381
f  2307 2260 2324
f  2307 2324 2327
f  2275 793 2310
f  2035 2259 2391
f  2323 2316 2293
f  784 2295 2321
f  2317 2320 2260
f  784 2321 2323
f  2280 2315 2308
f  2331 2306 2288
f  2472 2433 2259
f  2259 2035 2472
f  2290 2306 2331
f  2315 453 2308
f  789 2283 2318
f  453 2319 2314
f  2332 1857 2218
f  793 2275 2301
f  2296 2307 2338
f  2307 2316 2338
f  2361 2310 793
f  789 2319 453
f  2295 2329 2321
f  2313 2314 2319
f  2320 2324 2260
f  2361 2334 2310
f  2311 2178 2073
f  2142 2418 2229
f  2334 2326 2310
f  453 2314 2308
f  789 36 2283
f  2235 2296 2338
f  2315 792 453
f  2314 2305 2308
f  2331 2288 2339
f  205 2357 2315
f  2294 2322 2353
f  2341 2329 2327
f  792 2315 2357
f  307 787 2290
f  2288 787 307
f  2180 2406 501
f  2301 2336 793
f  2343 2341 2327
f  2327 2324 2343
f  2335 2316 2323
f  2180 1752 2406
f  2174 2040 972
f  2323 2321 2335
f  2353 2336 790
f  2321 2329 2341
f  790 2294 2353
f  2174 2424 238
f  2504 1836 2066
f  2338 2348 2317
f  308 204 2330
f  2330 2331 308
f  2190 238 2424
f  2433 2434 1866
f  2338 2316 2335
f  2341 2335 2321
f  2352 2342 793
f  2360 2343 2320
f  2288 307 2339
f  2250 1849 2414
f  2347 308 2331
f  2339 2347 2331
f  2324 2320 2343
f  2337 2317 2355
f  973 2195 985
f  973 2304 2195
f  2356 2286 2152
f  2360 37 2343
f  2336 2352 793
f  2322 2326 2353
f  2317 2348 2354
f  2511 1669 2381
f  793 2342 2361
f  2320 2337 2360
f  2330 204 307
f  2355 38 2337
f  2334 2351 2326
f  2152 2283 794
f  2337 38 802
f  2354 2355 2317
f  2343 2335 2341
f  308 2358 204
f  2442 2488 2228
f  794 2356 2152
f  251 2354 2348
f  2348 2338 37
f  785 2286 2356
f  2343 37 2338
f  2027 2350 2014
f  2248 1683 53
f  2338 2335 2343
f  2368 2347 2339
f  2360 2337 802
f  37 251 2348
f  1585 2416 2369
f  307 2358 2339
f  3174 499 1003
f  1942 53 1683
f  2334 2361 2379
f  2283 36 794
f  2360 2366 37
f  2583 2448 2154
f  2380 2357 205
f  308 2347 2362
f  2248 53 2206
f  799 2368 2339
f  2358 799 2339
f  502 2150 2201
f  2347 2368 2364
f  205 2372 2380
f  2376 794 36
f  2380 2402 2357
f  1932 2250 2218
f  2326 2351 2353
f  500 2126 2113
f  2365 2401 2372
f  2363 2365 2372
f  37 2366 251
f  2367 2378 2334
f  2366 2360 802
f  2363 2370 2365
f  2334 2379 2367
f  2371 38 2355
f  2376 2357 2402
f  337 2198 2611
f  2351 2334 2378
f  2363 205 785
f  2370 2383 2385
f  988 2349 1998
f  785 143 2363
f  984 1998 2349
f  379 2388 2278
f  2425 2367 2379
f  2252 2282 2373
f  2394 2356 794
f  2361 2342 206
f  2094 2020 2612
f  2009 1811 2206
f  2358 308 2362
f  2602 71 1938
f  2368 2387 2364
f  2362 799 2358
f  2532 3131 987
f  546 795 2375
f  548 795 546
f  542 548 550
f  2384 2355 2354
f  794 2376 2402
f  2398 2401 2365
f  2385 2398 2365
f  143 2370 2363
f  2403 2379 2361
f  337 2663 2036
f  2378 2429 2351
f  2401 2380 2372
f  2612 2020 989
f  2377 2389 2382
f  2491 1943 2225
f  2387 2396 2364
f  2382 2393 2377
f  40 2389 2377
f  2387 2368 799
f  2264 243 53
f  2356 2394 143
f  2412 2425 2379
f  2465 2384 2354
f  2336 2353 2400
f  2400 2352 2336
f  2384 2371 2355
f  799 2362 2390
f  801 40 2377
f  2437 2612 989
f  2386 2364 2396
f  2212 2186 2264
f  2491 2269 1985
f  2390 2387 799
f  1985 2497 2491
f  2479 2353 2351
f  2430 2383 2370
f  2382 2421 2393
f  251 2465 2354
f  240 986 1942
f  206 2342 2400
f  2463 2029 2346
f  2745 2595 2311
f  102 2382 2404
f  2389 2404 2382
f  2386 2396 19
f  2351 2429 2479
f  1836 2497 1985
f  2267 2284 1828
f  143 2394 2435
f  2126 2406 2173
f  802 38 2371
f  2190 2472 2035
f  207 2378 2367
f  2367 2425 207
f  40 2397 2389
f  2385 2392 2398
f  2421 2466 2393
f  2392 2385 2383
f  53 986 1859
f  2420 2386 19
f  2467 40 2407
f  2386 2390 2364
f  40 801 2407
f  2380 2417 2426
f  1859 2212 53
f  2413 2435 2394
f  2401 2413 2380
f  2430 2450 2383
f  2282 2252 2427
f  2413 2444 2435
f  2383 2450 2392
f  2142 2214 2418
f  143 2435 2430
f  102 2439 2382
f  827 2412 2379
f  2371 2474 802
f  2311 2073 2312
f  2404 2389 2397
f  2325 1917 2191
f  40 2467 2397
f  2404 2399 136
f  2399 2395 136
f  2387 2390 2405
f  2390 41 2405
f  379 2282 2388
f  2421 2382 2458
f  2393 2438 136
f  2390 2386 41
f  801 2395 2399
f  2402 2380 2426
f  2435 2468 2430
f  2422 2392 2450
f  2426 2417 2443
f  2411 2443 2417
f  207 2429 2378
f  2460 2444 2401
f  2366 802 2474
f  19 2409 2419
f  2466 2438 2393
f  2386 2420 41
f  2458 2382 816
f  1962 2074 2446
f  2396 2405 2408
f  102 136 2438
f  310 2420 2419
f  2381 1839 2333
f  2421 2458 2459
f  810 2397 2467
f  1828 2284 2451
f  2397 810 2404
f  2399 2404 810
f  206 2445 2403
f  2444 2468 2435
f  2524 2854 2997
f  2392 2423 2484
f  2402 2455 2394
f  2394 2455 2454
f  2454 2413 2394
f  2392 2422 2423
f  1743 2297 2602
f  1743 2602 1938
f  964 2855 2524
f  2457 2467 2410
f  2269 2491 2225
f  2475 207 2425
f  2461 2366 2474
f  2462 2411 2417
f  2401 2444 2413
f  2445 2400 2479
f  2431 2398 2392
f  2854 336 2521
f  2439 102 2466
f  102 2438 2466
f  336 2084 71
f  2380 2413 2462
f  2855 970 1903
f  2519 1903 970
f  2297 1903 2519
f  2462 2417 2380
f  1130 979 1623
f  2410 801 2399
f  2467 2407 2410
f  549 808 1068
f  2411 2462 208
f  827 2403 2445
f  2443 2411 2470
f  2423 2441 2484
f  251 2366 2461
f  2441 2423 2422
f  2399 810 2410
f  2382 2439 816
f  2405 41 2436
f  2470 311 2476
f  2450 2430 2481
f  2431 2392 2484
f  2663 2695 2036
f  2470 2411 2477
f  2252 126 2427
f  208 2462 813
f  2359 2850 2577
f  2444 2460 2468
f  2426 2494 209
f  2482 2441 2422
f  53 1942 986
f  2413 813 2462
f  2479 2429 2480
f  2495 2482 2422
f  207 2480 2429
f  2412 2478 2425
f  379 2469 2282
f  2430 2468 2481
f  2108 2667 2333
f  2443 2494 2426
f  2459 2466 2421
f  810 817 2410
f  2741 2257 2488
f  2467 826 810
f  2478 2471 2425
f  2282 2427 2388
f  53 2009 2206
f  2443 2470 2508
f  2494 2454 209
f  2431 2492 2460
f  817 810 826
f  454 2439 2466
f  2439 454 816
f  2471 2475 2425
f  813 2413 2454
f  2445 2473 827
f  2484 2441 811
f  500 2013 2490
f  2428 987 2824
f  2448 2583 2312
f  2470 2476 2508
f  2473 2445 2479
f  2468 2460 2492
f  3198 2532 1791
f  2238 2211 2432
f  2474 2371 831
f  2465 251 2522
f  826 2467 2457
f  2411 208 2477
f  2369 2191 1585
f  2459 2458 2499
f  2483 2495 2422
f  2484 2507 2431
f  2443 818 2494
f  2371 2384 2513
f  2481 2468 2492
f  2441 2515 811
f  2441 2482 2515
f  2459 821 454
f  2453 988 2446
f  2211 2328 2432
f  2454 2485 813
f  2451 2748 2108
f  2483 2450 2481
f  2493 2476 311
f  2496 2513 2384
f  2473 2479 2480
f  2384 2465 2496
f  831 2371 2513
f  2478 2412 827
f  2481 2510 2483
f  2522 251 2461
f  2482 105 2515
f  830 816 454
f  2498 820 2458
f  2458 2489 2498
f  2508 2549 818
f  53 2212 2264
f  2508 818 2443
f  2328 2221 2678
f  208 2501 2477
f  2565 2473 2480
f  495 2373 2469
f  2282 2469 2373
f  2263 333 2447
f  374 2484 811
f  2431 2507 2492
f  2508 2476 2555
f  2465 2522 2496
f  2499 820 832
f  208 813 2485
f  313 2501 2485
f  2495 105 2482
f  2410 2487 456
f  832 820 312
f  2014 2678 2221
f  2252 2373 2577
f  2498 312 820
f  2509 2477 2501
f  818 2549 313
f  2555 2476 2518
f  2494 818 313
f  827 2523 2478
f  2495 2483 2510
f  2500 2506 2525
f  2345 379 2278
f  2534 2475 2471
f  2502 2500 2525
f  832 2486 2499
f  207 2475 2540
f  312 212 832
f  2498 2489 833
f  312 2528 314
f  562 567 2572
f  551 852 554
f  1066 568 570
f  1076 559 361
f  1081 361 1068
f  2500 2512 2568
f  2549 2509 313
f  2525 256 2502
f  830 821 2486
f  2636 2456 2216
f  379 2345 498
f  2515 836 811
f  971 2214 1941
f  256 106 2502
f  1941 2340 971
f  827 2473 2565
f  2458 830 2489
f  233 2344 2550
f  831 2529 2474
f  2480 207 2540
f  2542 826 2457
f  2527 2542 2457
f  2484 374 2507
f  2500 2531 2530
f  2346 2257 2741
f  2516 2528 312
f  2531 2500 2568
f  2564 2513 2496
f  2663 337 2611
f  2509 2501 313
f  2514 2493 311
f  2345 2267 2725
f  2526 2502 106
f  2500 2502 2512
f  2311 2546 2745
f  2442 2065 2391
f  2477 2509 2514
f  2540 2565 2480
f  2504 2497 1836
f  833 2489 830
f  832 212 833
f  2515 2538 836
f  2476 2493 2518
f  2471 459 2534
f  2530 2574 2533
f  2533 2500 2530
f  2578 2508 2555
f  974 2359 2545
f  456 2543 2527
f  2495 2563 105
f  2130 501 971
f  2457 456 2527
f  2126 971 2406
f  833 830 2486
f  2535 2493 2514
f  501 2406 971
f  2507 374 2510
f  1828 2725 2267
f  2509 2588 2514
f  2506 2533 457
f  2536 2528 2544
f  2528 2541 314
f  834 2516 2498
f  833 834 2498
f  2575 2539 2515
f  2540 2475 2534
f  2538 2515 2539
f  2538 835 836
f  2588 2535 2514
f  2530 2531 214
f  2502 2526 2512
f  2779 2197 2304
f  2578 2520 2508
f  2531 2566 214
f  2779 985 62
f  2528 2516 2544
f  833 212 834
f  314 838 212
f  973 2704 2304
f  2536 2541 2528
f  2525 2506 2537
f  2546 2311 2312
f  2278 2464 2284
f  838 314 2541
f  2566 2531 2568
f  126 2835 2427
f  124 2414 2415
f  2493 2547 2518
f  2557 2538 2556
f  836 20 374
f  2565 2540 2534
f  2538 2557 835
f  2548 2534 459
f  837 2487 819
f  2542 837 819
f  2523 2609 2478
f  315 2526 106
f  2555 2518 2547
f  2554 108 2526
f  2552 2478 2609
f  315 2537 457
f  2556 2538 2539
f  2552 459 2471
f  2512 2526 108
f  2554 457 2533
f  2536 2597 2541
f  2571 2553 2536
f  845 2544 2516
f  2553 2570 2536
f  2491 124 2415
f  2516 834 838
f  2536 2544 2571
f  827 2579 2523
f  2568 2567 2566
f  2545 2359 2577
f  318 2539 2575
f  2526 315 2554
f  2588 2509 2549
f  2574 2569 2533
f  2559 2557 2556
f  2074 2562 2446
f  2453 2446 2562
f  2201 2773 972
f  2831 2312 2583
f  2554 2533 2569
f  2522 2573 2496
f  2512 108 2568
f  2536 2570 2597
f  2516 838 845
f  2527 2543 458
f  318 2556 2539
f  847 214 2566
f  831 2558 2581
f  2350 2679 2014
f  2581 2529 831
f  2579 2615 2523
f  2530 214 2559
f  2556 318 2561
f  2574 2530 2559
f  2565 2579 827
f  835 2557 2584
f  108 2567 2568
f  2554 2569 108
f  2534 2548 2586
f  2586 2565 2534
f  2573 2564 2496
f  2520 2578 2588
f  2549 2520 2588
f  2667 2432 2333
f  20 836 835
f  2214 2517 2418
f  2527 458 215
f  2762 2150 2449
f  124 2250 2414
f  2543 837 2576
f  2611 2094 2612
f  845 2571 2544
f  578 1074 853
f  258 45 574
f  2556 2574 2559
f  861 2579 2565
f  2437 2263 2706
f  2566 2614 847
f  2575 2585 318
f  2553 2589 2570
f  2762 2773 2150
f  2576 458 2543
f  2584 2587 835
f  2586 2548 2608
f  2618 2569 2574
f  2586 861 2565
f  2773 2201 2150
f  2584 2557 2559
f  2263 2695 333
f  2695 2849 333
f  2523 2615 2609
f  2432 2667 2238
f  2517 500 2490
f  2453 2693 2349
f  318 2617 2561
f  2578 2555 2582
f  835 2587 20
f  2561 2618 2574
f  2639 2588 2578
f  2618 108 2569
f  2542 2527 849
f  2620 2580 848
f  2580 2605 848
f  2601 2603 2580
f  2603 2604 2580
f  2616 848 2605
f  2590 2616 2605
f  2601 2580 2620
f  317 2585 66
f  2593 2564 2573
f  2596 2584 2559
f  2900 498 2345
f  2218 124 2332
f  2606 2555 2547
f  2432 2328 334
f  500 2517 2126
f  2651 2558 2564
f  2594 2547 2493
f  2585 2592 318
f  847 2596 2559
f  459 2552 462
f  2381 2333 2432
f  2589 2553 2599
f  984 2349 2693
f  2598 215 458
f  2589 2771 2570
f  2604 2605 2580
f  2616 459 460
f  2590 459 2616
f  2615 2579 861
f  2564 2593 2651
f  2581 2558 2651
f  2517 2214 971
f  2850 2802 2577
f  2632 2577 2373
f  2493 2535 2594
f  2578 2582 2639
f  971 2126 2517
f  317 20 850
f  2576 2626 458
f  2591 847 2614
f  2639 2607 2588
f  2626 2598 458
f  2617 318 2592
f  2553 856 2599
f  2610 2597 2570
f  2678 334 2328
f  2771 2610 2570
f  2668 2447 333
f  2600 845 2597
f  2725 2900 2345
f  2553 2571 856
f  2692 2665 2603
f  2601 854 2692
f  2603 2601 2692
f  2604 2603 2634
f  2604 2634 2647
f  2452 974 2545
f  2682 2000 984
f  2670 2620 848
f  2666 2605 2637
f  2637 2604 2647
f  461 2670 848
f  2590 2605 2671
f  2666 2671 2605
f  2614 2624 2591
f  2561 2617 2618
f  2555 2709 2582
f  2684 2606 2547
f  2608 459 2590
f  2608 43 2586
f  2610 2600 2597
f  2604 2637 2605
f  2596 2625 2584
f  2573 2660 2593
f  2551 2229 2418
f  2555 2606 2709
f  2585 317 2592
f  850 2592 317
f  2627 2617 850
f  2622 43 2608
f  2607 2594 2535
f  2588 2607 2535
f  2582 2635 2639
f  2617 2592 850
f  2590 866 2608
f  2682 2013 2000
f  462 460 459
f  2649 2591 2624
f  2571 2600 2619
f  2619 856 2571
f  2771 2619 2600
f  2603 2665 2634
f  2637 2727 2666
f  2665 2645 2634
f  2618 2617 216
f  2074 2550 2728
f  2350 2027 2463
f  2391 2216 2629
f  2702 2567 2618
f  2608 2621 2622
f  850 2587 2625
f  2584 2625 2587
f  2616 460 461
f  2622 2631 863
f  2658 463 847
f  2616 461 848
f  463 2596 847
f  866 2688 2608
f  2629 2442 2391
f  2625 2627 850
f  2623 863 2631
f  2591 2657 2658
f  2624 2614 2567
f  2622 2621 867
f  867 2631 2622
f  863 2673 2622
f  863 2623 2656
f  2997 964 2524
f  2633 2650 2623
f  866 2590 2661
f  460 2672 461
f  2591 2649 2628
f  2649 857 2628
f  216 2702 2618
f  2633 2623 2631
f  2250 124 2218
f  869 2594 2607
f  2657 2591 2628
f  2599 856 2619
f  582 1095 575
f  1087 254 580
f  1082 1076 2723
f  2665 2664 2645
f  2645 2694 2634
f  2646 854 2601
f  2647 2696 2637
f  71 2713 336
f  2727 2637 2696
f  2746 2646 2620
f  2601 2620 2646
f  2620 2670 2746
f  2647 2634 2694
f  2704 2779 2304
f  2675 2744 2633
f  11 985 2929
f  973 985 11
f  2656 2623 2650
f  43 861 2586
f  2567 2715 2624
f  43 2622 2750
f  2369 2416 235
f  215 2677 849
f  2463 2760 2350
f  2649 2624 2689
f  2550 2344 2728
f  123 2373 495
f  2629 2216 2456
f  2576 849 2677
f  2671 2661 2590
f  2660 2573 2581
f  2628 857 2654
f  2651 2674 2581
f  464 857 2649
f  2653 2615 861
f  2681 2658 2657
f  2712 2751 2630
f  2593 2630 2751
f  2655 2650 2633
f  43 2711 861
f  2693 2682 984
f  2751 2651 2593
f  2577 2802 126
f  2252 2577 126
f  2612 2663 2611
f  2688 866 2752
f  967 2346 2741
f  2596 2701 2625
f  2625 2701 2627
f  2688 2685 2608
f  2765 2630 2593
f  2889 2850 2359
f  2621 2608 2685
f  2660 2765 2593
f  2652 2628 2654
f  2650 2655 2710
f  2672 460 462
f  2576 2677 2691
f  2621 2685 867
f  867 2675 2631
f  2691 2598 2626
f  2562 2074 2728
f  2752 866 2661
f  2664 2723 1076
f  2278 2388 2464
f  2665 2692 2723
f  2723 2664 2665
f  2229 2551 2767
f  2670 2699 2746
f  2692 854 2698
f  495 2469 2898
f  2646 2698 854
f  2666 2730 2671
f  2730 2680 2671
f  2701 2596 463
f  2581 2674 2660
f  2687 2654 857
f  2673 2750 2622
f  2712 2763 2751
f  2710 2676 2650
f  2744 2683 2633
f  2657 2628 2708
f  2633 2720 2655
f  2633 2683 2720
f  2624 2715 2689
f  2630 44 2712
f  2628 2652 2708
f  2284 2638 2451
f  2661 2671 2680
f  2635 2841 2639
f  2689 464 2649
f  863 2656 2707
f  2638 2284 2464
f  2424 2174 2770
f  2654 2772 2652
f  2722 139 2599
f  2497 2504 124
f  2711 2653 861
f  2771 2589 139
f  2690 2722 2599
f  2598 2691 2718
f  2615 2653 462
f  2685 2743 867
f  2701 2702 216
f  2635 2709 2819
f  44 2630 2765
f  2427 2835 2786
f  2599 2619 2690
f  2698 2777 2692
f  2388 2427 2786
f  2666 2727 2730
f  2647 2778 2696
f  2768 2741 2488
f  2729 2696 2778
f  2705 2724 2699
f  2670 2705 2699
f  2727 2696 2729
f  2746 2726 2646
f  2768 2488 2442
f  2726 2775 2646
f  2685 2688 2686
f  2325 963 1974
f  2721 2681 2657
f  2668 966 2447
f  2652 217 2708
f  2672 2705 461
f  2013 2682 2490
f  2710 2655 2716
f  2606 877 868
f  2719 2673 863
f  2707 2719 863
f  2655 2700 2716
f  2703 2700 2655
f  2675 867 2743
f  2491 2497 124
f  2752 2661 2680
f  869 2684 2594
f  2744 2675 2769
f  2754 2716 2700
f  2711 2782 2653
f  2721 2657 2708
f  2651 2751 2783
f  2783 2674 2651
f  2679 2762 2449
f  2752 2686 2688
f  2772 2654 109
f  2672 462 2653
f  2672 2714 2705
f  124 2215 2332
f  218 2754 2700
f  2763 2712 2735
f  2453 122 2693
f  2789 463 2681
f  2720 2703 2655
f  2714 2672 2653
f  2451 2638 2748
f  2701 463 2789
f  2703 218 2700
f  2712 44 467
f  2819 2812 2635
f  2707 2656 2676
f  2715 2702 2701
f  2785 2715 2701
f  123 2632 2373
f  217 2652 2772
f  2772 2753 217
f  2504 2215 124
f  2782 2737 2653
f  2740 2734 2735
f  2381 334 2678
f  2717 2735 2734
f  2381 2678 2511
f  2687 109 2654
f  2715 2785 2689
f  2801 2690 2619
f  468 2691 2677
f  2643 969 2452
f  2771 2801 2619
f  2678 2679 2511
f  2935 2694 2645
f  2647 2694 2778
f  2490 2418 2517
f  2816 2727 2729
f  2730 2774 2680
f  2727 2816 2730
f  2816 2774 2730
f  2724 2726 2699
f  2723 2776 1082
f  2767 2583 2154
f  2511 2679 2449
f  2735 2747 2740
f  2463 2346 967
f  2676 321 2707
f  2701 2789 2785
f  235 2050 2895
f  2726 2746 2699
f  2735 2712 2747
f  3186 2895 2050
f  2735 2742 2763
f  2613 3056 991
f  2714 2737 2686
f  2752 2714 2686
f  2734 2826 2717
f  2750 2673 2738
f  2751 2763 2805
f  2764 2687 464
f  2703 2766 218
f  2687 2788 109
f  2719 2738 2673
f  2718 2691 879
f  2815 2722 2732
f  2743 2769 2675
f  2742 2735 2717
f  2799 2732 2722
f  2787 2871 2677
f  2344 2839 2728
f  3051 123 495
f  987 3131 2824
f  2794 2791 2757
f  2722 2690 2799
f  2755 2799 2690
f  3078 2798 2659
f  2810 2761 2734
f  2843 2814 2734
f  2711 2750 2782
f  2734 2740 2843
f  2769 2807 2744
f  2005 2817 2613
f  2757 2791 2800
f  2757 2797 2794
f  2785 2795 2689
f  2683 2744 2807
f  464 2689 2795
f  2714 2752 2784
f  2708 217 2823
f  321 2676 2710
f  2787 2718 879
f  464 2795 2764
f  2758 2828 2759
f  2683 2856 2720
f  2693 2767 2551
f  2764 2788 2687
f  468 2677 2871
f  2551 2682 2693
f  2803 2759 2791
f  2800 2791 2759
f  2759 2803 2781
f  2781 2758 2759
f  2803 2822 2781
f  2388 2786 2464
f  874 898 1088
f  2663 2612 2736
f  1096 876 853
f  2898 2469 498
f  853 1082 1093
f  592 363 1083
f  1083 1089 592
f  2741 2768 967
f  1087 1098 589
f  2695 2663 2736
f  2778 2886 2729
f  2726 2818 2775
f  2433 2472 3054
f  2993 2545 2632
f  2706 2447 966
f  2816 2806 2774
f  2724 2774 2806
f  2776 2723 2777
f  2739 333 2849
f  2860 2772 2846
f  2636 2662 2904
f  2739 2668 333
f  2698 2915 2777
f  2878 3186 2050
f  2784 2774 2724
f  2935 2778 2694
f  2774 2784 2680
f  2050 968 2878
f  2698 2646 2775
f  2731 2546 2312
f  2847 2729 2886
f  2312 2831 2731
f  2782 2804 2737
f  2686 2737 2804
f  2766 2877 218
f  2782 2750 2738
f  236 2904 2662
f  2805 2783 2751
f  2632 123 2993
f  2805 2765 2783
f  2765 2805 467
f  2667 2985 2238
f  2810 2820 2761
f  2681 2721 2789
f  466 2719 221
f  2710 2716 880
f  880 2716 2754
f  962 2560 2424
f  2769 2743 466
f  2784 2724 2705
f  2785 2868 2795
f  2810 2734 2814
f  2879 2794 2797
f  321 221 2707
f  2754 218 47
f  883 2808 2757
f  2860 2753 2772
f  2796 2708 2823
f  2734 2761 2826
f  2742 896 2763
f  2871 2932 468
f  2797 2757 2808
f  2668 2697 966
f  2773 2840 972
f  2758 2830 2828
f  2827 2803 2791
f  2759 470 2800
f  2738 466 2782
f  2738 2719 466
f  2667 2108 2748
f  2834 868 877
f  2551 2490 2682
f  218 2821 47
f  2819 868 2834
f  878 2856 2683
f  2810 469 2820
f  2583 122 2831
f  880 321 2710
f  2452 2733 2643
f  2962 2721 2708
f  2472 2560 3054
f  2635 2812 48
f  2769 466 2807
f  2490 2551 2418
f  2803 2827 22
f  217 2753 2823
f  2721 2868 2789
f  2726 2724 2806
f  2766 2703 2864
f  469 2810 2814
f  2761 2820 2809
f  2800 2813 2757
f  2790 2740 2747
f  878 221 321
f  3007 235 2895
f  47 2943 2754
f  2848 2796 2823
f  2761 2809 2826
f  109 2846 2772
f  470 2759 2828
f  2771 2815 2801
f  2691 2832 879
f  2847 2816 2729
f  2806 2847 2818
f  2816 2847 2806
f  2776 2777 2915
f  2726 2806 2818
f  2915 2698 2845
f  2882 2887 109
f  2887 2846 109
f  2845 2698 2775
f  2775 2818 2845
f  2864 2703 2720
f  2943 2842 2754
f  877 2863 2834
f  2820 2891 2809
f  2861 497 2668
f  2697 2668 497
f  2842 880 2754
f  2825 2790 2747
f  885 2800 470
f  48 2841 2635
f  218 320 2821
f  2788 2764 2892
f  2856 2864 2720
f  2758 2881 2830
f  3018 497 2861
f  883 893 2808
f  2732 2799 326
f  2755 2801 2833
f  885 2813 2800
f  2519 2749 2602
f  2297 2519 2602
f  2821 320 2820
f  469 2821 2820
f  320 2858 2820
f  2836 2920 2834
f  3029 2708 2796
f  2864 2866 2766
f  2855 964 2998
f  2863 2836 2834
f  2521 336 2713
f  2829 2853 2838
f  970 2749 2519
f  2862 2875 2742
f  2602 2756 71
f  2837 2848 2823
f  2844 474 2838
f  2877 2766 2866
f  886 472 2787
f  2871 2787 472
f  2795 2848 2852
f  321 2851 878
f  985 2779 2929
f  467 2867 2825
f  2764 2795 2852
f  2838 474 2829
f  877 2684 2918
f  2684 869 2918
f  22 2827 2859
f  2797 2808 2869
f  2859 2827 884
f  869 2841 48
f  472 2844 2905
f  2870 470 2828
f  2956 2643 2969
f  2877 2858 320
f  2826 2865 2862
f  2801 2815 2833
f  468 2932 2832
f  879 886 2787
f  326 2799 2972
f  2791 2794 2827
f  2815 2732 326
f  3174 991 3137
f  2833 2815 326
f  2781 2822 2873
f  2870 2828 2830
f  2794 884 2827
f  2776 1093 1082
f  2005 499 2817
f  2886 2778 2935
f  2913 2845 2818
f  3049 2802 2850
f  2847 2913 2818
f  2753 2916 2823
f  3198 2428 3129
f  2916 2753 2860
f  2969 2643 2733
f  2860 2846 2885
f  2780 2813 2859
f  2824 3129 2428
f  469 151 2821
f  2876 2871 472
f  2858 2891 2820
f  2780 884 2857
f  2853 895 2919
f  2790 2825 2874
f  2736 2792 2695
f  3028 2985 2667
f  2814 375 469
f  2891 2865 2809
f  2697 2940 966
f  2781 890 887
f  22 2859 885
f  890 2870 887
f  2805 896 2867
f  2890 2905 2838
f  888 2814 2843
f  2864 2856 2851
f  2843 2790 2893
f  467 2805 2867
f  967 2760 2463
f  122 2453 2562
f  2844 472 886
f  885 2859 2813
f  235 3102 2369
f  2830 887 2870
f  2659 2798 2648
f  2870 890 2873
f  890 2781 2873
f  2873 470 2870
f  2859 884 2780
f  893 2869 2808
f  2865 2893 2862
f  2708 3029 2962
f  2695 2792 2849
f  2452 2545 2993
f  2868 3014 2795
f  2907 2863 877
f  2918 2907 877
f  2942 469 375
f  2851 2866 2864
f  2848 2837 2852
f  881 2829 900
f  2748 3028 2667
f  48 2918 869
f  2921 2865 2891
f  2920 2909 2903
f  2668 2739 2861
f  2764 2852 2897
f  2919 2890 2853
f  2906 2877 2866
f  2773 2762 2760
f  2844 2888 474
f  2834 2920 2903
f  2890 2838 2853
f  2907 2923 2863
f  2892 2917 2788
f  47 2821 151
f  2873 22 885
f  2905 2876 472
f  2888 2844 886
f  2853 881 2899
f  2884 2915 2845
f  2913 2884 2845
f  2959 2885 2846
f  2887 2959 2846
f  2721 2967 2868
f  497 3087 2697
f  2882 2788 2917
f  2583 2767 122
f  969 2956 2964
f  2837 2823 2916
f  880 2842 2896
f  2866 2851 2896
f  2922 2891 2858
f  2922 2921 2891
f  2693 122 2767
f  2836 2863 2923
f  2814 888 375
f  2946 2899 900
f  2899 881 900
f  2893 2874 2862
f  2916 2952 2837
f  2893 888 2843
f  2869 2948 2879
f  3087 497 2958
f  2894 893 883
f  2932 2871 2876
f  2790 2874 2893
f  2920 2836 899
f  2836 2923 899
f  2781 887 4
f  2879 2928 2857
f  4 887 2830
f  2799 2755 902
f  2911 879 2832
f  2972 2799 902
f  2912 2853 2899
f  2912 895 2853
f  883 2857 2894
f  2434 2433 2880
f  972 2840 2770
f  2464 958 2638
f  2928 2894 2857
f  2896 2906 2866
f  2897 2852 2837
f  2948 63 2879
f  2865 2921 888
f  888 2893 2865
f  2812 2819 2945
f  2925 2908 474
f  2911 886 879
f  2760 2840 2773
f  2925 2890 2919
f  3001 2867 896
f  2679 2350 2762
f  2760 2762 2350
f  2906 2922 2877
f  2948 2869 893
f  4 2926 2781
f  920 595 594
f  1092 2957 904
f  2935 1091 1106
f  2704 2929 2779
f  2884 2776 2915
f  2886 2914 2847
f  2913 2847 2914
f  2659 3013 3078
f  2914 2886 2934
f  2935 2934 2886
f  2961 2916 2885
f  2817 499 3174
f  2917 473 2882
f  63 2928 2879
f  2980 2920 901
f  2919 895 2933
f  2912 2933 895
f  2952 2897 2837
f  2945 48 2812
f  2946 2931 2899
f  2947 2946 900
f  325 900 2829
f  2562 2731 2831
f  2867 2981 2825
f  2786 2835 2968
f  3001 2981 2867
f  2452 2991 2733
f  2802 3049 2883
f  2911 324 2888
f  2936 893 2924
f  2924 475 2936
f  2908 2925 2919
f  2925 324 2890
f  902 2755 2833
f  2850 3022 3049
f  475 2927 2936
f  3014 2999 2795
f  2999 2848 2795
f  2910 2238 2985
f  2745 3140 965
f  2911 2932 324
f  899 111 901
f  2831 122 2562
f  2896 2943 2938
f  2768 2840 967
f  2908 2919 2933
f  233 3012 2939
f  2889 2359 2648
f  2629 2456 2793
f  325 2947 900
f  2907 2949 2923
f  126 2802 2883
f  475 2930 2927
f  2909 2941 2903
f  2927 2930 2937
f  2921 2951 375
f  2861 2739 3027
f  2967 2721 2962
f  498 2811 2898
f  375 888 2921
f  2951 2921 2922
f  2932 2905 324
f  2829 2908 325
f  2894 2953 2960
f  2442 2629 3041
f  3087 2940 2697
f  3151 2955 2957
f  495 2898 2944
f  2796 2848 3030
f  2914 3083 2913
f  2942 375 2951
f  2941 2950 2903
f  2861 3202 3018
f  2982 2936 2927
f  2875 2825 2996
f  2980 901 3015
f  2943 151 2938
f  2933 325 2908
f  2907 2918 48
f  962 2424 2872
f  2980 3002 2909
f  497 3018 2958
f  2909 3002 2941
f  899 2923 2966
f  2949 2966 2923
f  3015 2977 2980
f  3054 2880 2433
f  2742 2875 2996
f  2906 2896 2951
f  2951 2922 2906
f  111 3015 901
f  475 2924 2960
f  2960 903 475
f  2963 2982 2927
f  2950 2949 48
f  2898 2811 2968
f  3014 2868 2967
f  2949 2907 48
f  494 968 963
f  3063 2325 2191
f  2937 2963 2927
f  2984 2930 475
f  2933 2912 2931
f  2953 2928 63
f  2972 3017 326
f  2900 2725 2910
f  2776 2884 1093
f  3080 2546 2731
f  2325 3063 963
f  2954 2959 2955
f  3151 2974 2955
f  2957 2955 2959
f  2434 2880 236
f  904 2957 2959
f  904 2959 2973
f  2884 2913 3083
f  958 2464 2786
f  2952 2916 3008
f  2961 3008 2916
f  2731 2562 2728
f  2934 3083 2914
f  2961 2885 3024
f  2854 3152 3153
f  2954 3024 2885
f  2521 3155 2854
f  2947 2994 2946
f  63 2960 2953
f  970 2855 2998
f  2942 2951 2938
f  2896 2938 2951
f  2749 3156 2756
f  71 2756 2713
f  2902 3000 478
f  2602 2749 2756
f  2988 2930 2984
f  927 473 2917
f  2977 2995 2980
f  2988 2970 2930
f  2937 2930 2970
f  2982 63 2936
f  2970 2965 2937
f  2931 3037 2933
f  3000 2742 2996
f  2994 476 2946
f  2984 903 2982
f  903 2984 475
f  222 111 899
f  2811 498 2900
f  2978 2902 478
f  2979 2811 2900
f  2931 2946 476
f  2969 2733 2901
f  899 2966 222
f  3066 2967 2962
f  2982 2960 63
f  2982 903 2960
f  2996 2825 2981
f  473 2973 2887
f  2959 2887 2973
f  2971 3035 2972
f  2986 2970 2988
f  2974 2954 2955
f  2796 3030 3029
f  2848 2999 3030
f  2937 2965 3050
f  2897 2952 2992
f  2706 2792 2736
f  2901 2648 2798
f  912 110 3010
f  3076 2931 476
f  2976 3009 3034
f  3001 2902 3052
f  3032 2986 2987
f  477 2897 2992
f  2980 2995 3002
f  2986 3033 2987
f  2898 2968 2944
f  2917 477 3038
f  2975 919 2983
f  912 2975 2983
f  3057 2986 2988
f  2861 3027 3097
f  2967 3066 3014
f  2965 2970 3032
f  3032 2970 2986
f  3126 2977 3015
f  2990 3019 2984
f  3019 2988 2984
f  2950 2941 3026
f  2648 2901 2889
f  2963 2937 3050
f  2840 2768 2770
f  3015 111 913
f  2952 3008 2992
f  2910 3028 2900
f  3033 2986 3011
f  3055 3066 2962
f  2989 2983 3020
f  927 2973 473
f  2984 2982 2990
f  919 3020 2983
f  2988 3019 3057
f  2982 2963 2990
f  3010 112 912
f  1097 1096 606
f  603 937 3005
f  2934 2935 1106
f  3024 2954 2974
f  2973 927 904
f  2768 2872 2770
f  2941 3002 3026
f  3055 2962 3029
f  222 2950 3026
f  222 2966 2950
f  2994 2947 3125
f  2986 3074 3011
f  2996 3025 3000
f  3025 478 3000
f  2917 3038 927
f  2854 3153 2997
f  3016 3039 2976
f  3020 3077 2989
f  3009 2976 3039
f  2947 325 3073
f  325 3037 3073
f  2993 123 3051
f  3034 3009 3036
f  126 2883 2835
f  2835 2883 2968
f  2976 3031 3016
f  2972 3035 3017
f  3050 2965 327
f  2991 2901 2733
f  3047 2904 236
f  112 3010 3059
f  2880 3047 236
f  223 3071 112
f  3032 327 2965
f  110 3042 3046
f  3019 3061 3057
f  3015 3023 3126
f  2978 478 3081
f  3050 3019 2963
f  2839 3080 2731
f  2731 2728 2839
f  3240 3186 2878
f  911 3009 3058
f  3042 2989 3088
f  962 3054 2560
f  3033 3021 2987
f  3051 495 2944
f  2975 3048 919
f  3045 3002 2995
f  2748 2638 958
f  3052 3053 3001
f  3016 3071 3039
f  2850 2889 3022
f  3017 3079 902
f  3079 3060 902
f  2971 902 3060
f  3007 51 235
f  3073 3037 3076
f  3079 3017 3035
f  2369 3063 2191
f  2992 3008 228
f  3102 235 51
f  228 3084 2992
f  228 3008 2961
f  2961 3024 228
f  3084 3038 2992
f  3213 3024 2974
f  904 927 3157
f  3030 3070 3029
f  3039 3058 3009
f  3169 3081 478
f  3019 3050 3061
f  3026 3002 3045
f  222 3065 913
f  3065 222 3026
f  2704 973 3004
f  3042 3090 3046
f  3071 223 3039
f  3004 3159 2704
f  2978 3081 3103
f  2929 2704 3159
f  3158 11 2929
f  226 3034 3036
f  3171 3033 3011
f  3033 3171 3094
f  3043 3020 919
f  3103 3081 226
f  2613 2817 3245
f  3063 2369 3102
f  3043 3077 3020
f  3031 3034 3124
f  3104 3023 3015
f  2986 3057 3074
f  3122 3069 112
f  3073 3125 2947
f  3066 3044 3014
f  327 3032 2987
f  3036 3009 911
f  2798 2969 2901
f  2994 916 476
f  2971 479 3111
f  3094 3021 3033
f  3145 3035 3111
f  3074 3061 3082
f  3085 3081 3113
f  3016 3031 3062
f  2968 2883 2944
f  3168 3011 3074
f  3052 2978 3103
f  3134 3089 3091
f  3168 3114 3011
f  3061 3050 327
f  3045 3065 3026
f  226 3036 3103
f  3101 3059 3010
f  332 2956 2969
f  3067 3025 2996
f  2996 2981 3067
f  3091 3089 915
f  3064 3090 3088
f  2792 3027 2849
f  3088 3068 3064
f  912 3064 3068
f  2975 912 3068
f  2811 2979 2968
f  3015 913 3104
f  3114 3171 3011
f  2901 2991 2889
f  2968 2979 2786
f  3079 3035 3145
f  2956 332 3072
f  2964 2956 3072
f  2971 3099 479
f  3082 327 2987
f  3076 476 3170
f  3112 3024 3213
f  3119 3043 919
f  3036 911 3086
f  3118 3043 3091
f  3134 3091 3043
f  3062 3031 3124
f  3048 3068 3088
f  3179 3166 3044
f  3061 327 3082
f  3166 3014 3044
f  478 3025 3169
f  3082 3168 3074
f  2792 2706 966
f  3062 911 3058
f  3014 3166 2999
f  3053 3052 3117
f  3090 3064 3101
f  3045 2995 3126
f  2985 3028 2910
f  3024 3112 228
f  3058 3039 223
f  2979 2900 3028
f  3156 970 3095
f  3105 223 3059
f  3099 2971 3060
f  2958 120 3087
f  3096 3107 3110
f  3081 3085 3100
f  226 3081 3100
f  3156 2749 970
f  2993 3022 2991
f  3099 3060 3079
f  3124 3034 226
f  3128 3071 3016
f  3128 3122 3071
f  113 3086 911
f  3043 3119 3134
f  3101 3010 3046
f  3069 3122 3163
f  3051 2944 2883
f  3108 3091 915
f  3058 3115 3062
f  3070 3055 3029
f  3202 3098 3018
f  3130 3104 913
f  3082 3021 3094
f  3106 3144 3136
f  3144 5 3136
f  3111 479 3109
f  3081 3169 925
f  3101 3046 3090
f  482 3145 3111
f  3235 3109 479
f  481 3107 3096
f  3022 2889 2991
f  2974 3151 3213
f  3207 480 3066
f  3025 3067 3169
f  2979 958 2786
f  3117 3138 3053
f  3067 3053 3138
f  3062 3115 3016
f  3048 3120 3162
f  3180 3070 3030
f  919 3048 3160
f  3120 3077 3118
f  3101 3069 3163
f  3065 3130 913
f  3139 3094 3171
f  3132 3165 3089
f  3144 3106 3107
f  3047 2793 2904
f  962 2872 2768
f  2768 3041 962
f  3123 3199 3110
f  3125 3073 3135
f  3079 3145 3099
f  3170 3182 3076
f  479 3099 3235
f  3162 3160 3048
f  3126 3023 3127
f  3081 925 3113
f  2998 3095 970
f  3160 3119 919
f  3169 3067 3138
f  3023 3104 3127
f  3016 3115 3128
f  3168 3082 3094
f  2713 3203 2521
f  3170 916 3164
f  3089 3093 3132
f  3156 2713 2756
f  982 961 638
f  113 226 3100
f  915 3089 3165
f  3163 3122 3128
f  1120 635 2299
f  1119 1128 628
f  614 1119 628
f  113 3124 226
f  1116 936 975
f  957 119 11
f  113 3117 3086
f  3101 3163 3105
f  973 11 119
f  3065 3045 3220
f  3237 3139 3171
f  3044 3066 480
f  480 3227 3044
f  3117 3036 3086
f  3141 5 3144
f  3073 3076 3182
f  3022 2993 3051
f  3107 3146 328
f  3169 3138 3100
f  3245 3056 2613
f  3146 3106 3176
f  3144 3188 3141
f  3142 916 2994
f  3107 481 3144
f  3147 622 923
f  958 2979 3028
f  228 115 3263
f  3112 486 228
f  927 3038 3217
f  3255 3300 927
f  3186 3116 2895
f  927 3300 3157
f  3194 3126 3127
f  3227 3179 3044
f  3115 3105 3128
f  3108 3167 3118
f  3119 3208 3178
f  3167 3178 3208
f  3180 2999 3166
f  3220 3045 3187
f  3161 332 2969
f  916 3142 3193
f  3165 3221 915
f  3178 3167 3108
f  3193 3164 916
f  3138 3117 113
f  3105 3163 3128
f  3182 3135 3073
f  2994 3125 3142
f  3145 3173 3099
f  3041 2629 3047
f  962 3041 3047
f  3106 3136 3176
f  3096 3172 481
f  3028 2748 958
f  3178 3108 3185
f  3127 3195 3181
f  3194 3127 3181
f  3234 3114 3168
f  3195 3127 3104
f  3104 3130 3195
f  3100 3206 3169
f  3206 930 3169
f  3164 3193 3222
f  3093 3230 3132
f  3237 3261 3139
f  3222 3247 3164
f  3192 3113 12
f  3051 3049 3022
f  230 3194 3181
f  481 3189 3190
f  3047 3054 962
f  3099 3173 3235
f  1 3176 3136
f  915 3185 3108
f  5 1 3136
f  3013 2964 3177
f  3188 3144 3190
f  3172 328 3189
f  3199 3211 3096
f  3049 3051 2883
f  3145 482 3173
f  3185 49 3178
f  3149 965 3143
f  3135 3142 3125
f  328 3191 3123
f  3123 3110 328
f  3038 3084 3217
f  3213 3151 1115
f  3213 3301 3112
f  3301 3215 3112
f  3300 3219 3157
f  933 230 3181
f  3168 3094 3201
f  3012 233 3149
f  3201 3234 3168
f  3094 3139 3201
f  3047 2880 3054
f  3187 3126 3194
f  3093 49 3230
f  3266 3195 3130
f  3202 2861 3097
f  3322 3129 2824
f  3141 3188 3176
f  3176 1 3141
f  3172 3096 3211
f  3211 3225 3172
f  3121 3092 3040
f  3225 3191 3172
f  332 3161 3072
f  3092 3184 3040
f  12 3200 3192
f  3210 3209 3123
f  328 3172 3191
f  3182 3170 3164
f  3221 3165 3222
f  3027 2792 3075
f  3282 3181 3195
f  3139 3261 3201
f  3007 2895 3116
f  3247 3222 3165
f  3247 3182 3164
f  3169 930 925
f  3160 3244 3119
f  3200 483 3192
f  3206 3192 483
f  3249 3235 3173
f  3027 3075 3097
f  3219 1109 1102
f  3263 3299 3084
f  2939 3012 3218
f  3084 3299 3217
f  1102 3157 3219
f  3230 3226 928
f  3075 2940 3097
f  3132 3230 928
f  3222 3229 3221
f  3222 3193 3229
f  3087 3097 2940
f  3078 3161 2798
f  3171 3234 331
f  3166 3238 3180
f  3183 3216 494
f  3182 945 3135
f  2839 2939 3148
f  2745 3080 3140
f  3221 3226 3185
f  3211 3199 3209
f  3207 3055 3070
f  3040 2964 3121
f  3166 3179 3315
f  3220 3228 3266
f  3315 3238 3166
f  3261 3273 3201
f  2964 3040 3177
f  3194 230 3260
f  3244 3241 3119
f  3167 3208 3245
f  3247 484 3182
f  934 3193 3142
f  3179 3227 3243
f  3142 3135 945
f  3205 3143 965
f  3223 3231 926
f  3231 3223 3209
f  3257 952 3018
f  3140 3205 965
f  964 2997 3154
f  3232 3231 3209
f  3277 3210 3191
f  3209 3223 3211
f  3209 3210 3232
f  486 115 228
f  3236 3215 3301
f  3300 3236 3298
f  3203 2713 3156
f  329 3227 480
f  329 3243 3227
f  3072 3121 2964
f  941 3181 3282
f  230 933 3269
f  3092 232 3184
f  3226 3221 3229
f  3231 50 926
f  3159 3158 2929
f  3288 3259 933
f  3313 2824 3131
f  933 3259 3268
f  945 934 3142
f  3102 51 3204
f  3266 3282 3195
f  3087 120 3097
f  3245 3241 3056
f  3212 3007 3116
f  928 3247 3132
f  3063 3204 3183
f  3274 3220 3187
f  3261 3237 3251
f  963 3063 3183
f  3186 3248 3116
f  3223 3278 3211
f  3218 3148 2939
f  482 3252 3173
f  487 3252 3109
f  3173 3252 114
f  480 3256 329
f  3260 3274 3194
f  942 3226 3229
f  933 941 3288
f  50 948 926
f  945 3182 484
f  3268 3259 3272
f  3162 3118 3245
f  3186 3240 3246
f  3119 3241 3208
f  3245 3208 3241
f  3256 3267 329
f  3247 928 484
f  3273 331 3234
f  3225 3211 3278
f  120 2958 952
f  3131 2532 3198
f  922 924 380
f  3078 3013 3177
f  486 3112 3215
f  3301 3298 3236
f  3300 3224 3236
f  3080 2839 3148
f  3298 3219 3300
f  3270 3272 3250
f  3262 3258 946
f  3258 944 946
f  3314 941 3282
f  50 3265 948
f  119 957 3197
f  3293 3131 3198
f  12 930 3284
f  3259 3250 3272
f  3276 50 3231
f  3313 3131 3293
f  957 3159 3197
f  3313 3322 2824
f  119 3334 973
f  3311 3206 483
f  934 945 484
f  3266 3228 3264
f  484 928 3258
f  3285 3177 3184
f  928 944 3258
f  3180 3280 3207
f  50 946 3265
f  3180 3238 489
f  3292 926 948
f  3251 231 116
f  3241 3244 3056
f  3223 926 3292
f  3137 3056 3244
f  3262 946 50
f  942 3229 934
f  3237 3310 3251
f  114 3252 3323
f  3296 3305 3133
f  3305 3233 3133
f  3250 3279 3335
f  3268 3272 3289
f  3289 3269 3268
f  3308 484 947
f  3314 3260 3269
f  947 484 3258
f  3259 3288 3287
f  3266 3264 3282
f  331 3310 3237
f  329 3267 3304
f  946 3290 3265
f  489 3280 3180
f  3232 3210 3277
f  952 3175 120
f  3297 3323 3252
f  3216 3330 494
f  3278 3277 3225
f  3121 3072 3239
f  942 934 3308
f  934 484 3308
f  3200 12 3284
f  3137 3244 3160
f  3329 3263 115
f  3215 3236 3303
f  3177 3161 3078
f  3295 3325 330
f  3116 3248 3212
f  3288 941 3314
f  3267 3327 3304
f  3279 3250 3287
f  3309 3289 3272
f  3258 3262 947
f  3179 3243 3331
f  3264 3314 3282
f  232 3133 3233
f  2997 3153 3224
f  3315 489 3238
f  944 3290 946
f  3286 3243 329
f  2998 964 3154
f  930 3206 3311
f  3314 3264 3260
f  3152 3324 3153
f  330 3325 951
f  3256 480 3207
f  3155 2521 3329
f  3276 3262 50
f  3232 3277 3278
f  3231 3232 3278
f  2521 3203 3329
f  3273 3261 3318
f  3156 3263 3203
f  3315 3179 3331
f  3312 329 3304
f  3261 116 3318
f  3198 3129 3307
f  3314 3269 3289
f  3251 3310 3321
f  951 3294 330
f  3290 3316 3265
f  3284 930 3311
f  3272 3270 3309
f  3207 3283 3256
f  3297 3252 487
f  114 3249 3173
f  3196 3305 3296
f  117 942 3308
f  1117 624 3254
f  1115 3254 624
f  3219 3298 1121
f  3219 1121 1109
f  3236 3324 3303
f  3263 3156 3299
f  3324 3236 3224
f  3161 3177 3285
f  3217 3299 3156
f  3154 3255 3217
f  3327 3267 3328
f  954 3296 3092
f  3286 329 3312
f  331 3273 3318
f  3256 3328 3267
f  3284 3293 3200
f  3307 3200 3293
f  3216 3304 3330
f  3174 3162 2817
f  3275 3270 3335
f  3161 3239 3072
f  118 3276 3278
f  3327 3330 3304
f  3276 3231 3278
f  948 118 3292
f  3312 3304 3281
f  487 3249 3197
f  3197 3297 487
f  231 3251 3321
f  944 928 117
f  3278 3292 118
f  493 3205 3140
f  3322 3311 3200
f  120 231 3321
f  3200 3307 3322
f  947 3262 3317
f  3121 3239 955
f  3205 3279 3287
f  3218 3012 3275
f  3313 3284 3311
f  232 3242 3184
f  3286 3331 3243
f  3175 3318 116
f  3314 3326 3288
f  3207 3280 3283
f  3218 3335 3148
f  3317 3316 3319
f  3304 3216 3281
f  3321 3202 120
f  3319 944 117
f  3309 3270 3275
f  3004 973 3334
f  3335 3279 493
f  3279 3205 493
f  3276 118 3317
f  3323 3297 3004
f  3316 3317 118
f  3323 3306 114
f  3156 3095 3217
f  3197 3306 119
f  3332 951 3325
f  3297 3197 3159
f  3288 3326 3320
f  3155 3329 115
f  486 3155 115
f  3328 3256 3283
f  3321 3310 3257
f  3245 2817 3162
f  3319 947 3317
f  3320 3205 3287
f  3204 3281 3216
f  3291 3275 3149
f  3198 3307 3293
f  3246 3240 3327
f  3143 3291 3149
f  3281 3212 3312
f  3275 3012 3149
f  3271 3332 3325
f  3308 3319 117
f  3332 3271 3233
f  3323 3004 3334
f  3328 3246 3327
f  3333 3309 3275
f  3295 3271 3325
f  3291 3320 3333
f  51 3281 3204
f  3196 3295 950
f  3286 3248 3331
f  3248 3186 3214
f  3196 950 3294
f  3318 3257 3310
f  3311 3322 3313
f  3295 3196 3296
f  3315 3331 3214
f  3143 3205 3320
f  3283 3280 489
f  489 3315 3214
f  3333 3326 3289
f  3233 3305 3332
f  627 613 1114
f  623 622 2299
f  1115 624 3301
f  624 121 3301
f  3283 3214 3186
f  3312 3212 3248
f  3248 3286 3312
f  3335 493 3148
f  3285 3242 955
f  3328 3283 3186
f  3242 3285 3184
f  3305 3196 951
f  3242 3271 955
f  3294 951 3196
f  3153 3324 3224
f  3263 3329 3203
f  3320 3326 3333
f  3255 3154 2997
f  3224 3255 2997
f  2998 3154 3217
f  3095 2998 3217
f  3313 3293 3284
f  3214 3283 489
f  3240 3330 3327
f  3324 3152 3303
f  3303 3152 3155
f  3155 486 3303
f  3248 3214 3331
f  3239 3161 3285
f  3306 3323 119
f  3323 3334 119
f  3322 3307 3129
f  3296 954 3271
f  3242 232 3233
f  3216 3183 3204
f  3186 3246 3328
f  3335 3218 3275
f  3174 3137 3160
f  3320 3291 3143
f  3239 3285 955

# End of Wavefront obj format #
