model,group,mel_over_thickness,extend_terminals,run_index,n_runs,max_edge_length,max_edge_length_fraction,mesh_vertices,mesh_faces,mesh_area,mesh_volume,bbox_diagonal,watertight,genus,component_count,thickness_median,thickness_p10,thickness_p90,skeleton_nodes,skeleton_edges,skeleton_length,n_terminals,n_branches,cyclomatic_number,morphology_nodes,morphology_edges,volume_ratio,volume_relative_error,area_ratio,area_relative_error,volume_ratio_overlaps,volume_relative_error_overlaps,area_ratio_overlaps,area_relative_error_overlaps,volume_ratio_sa_norm,volume_relative_error_sa_norm,runtime_s,rss_before_mb,peak_rss_mb,rss_delta_mb,runtime_scaling_exponent,ram_scaling_exponent
cylinder,demo,1.0,0,0,3,1.912393837228873,0.1840201827867785,34,64,68.55183781125503,30.614674464782315,10.392304845413264,True,0,1,1.912393837228873,1.1469497979252745,2.2724840589051523,4,3,9.81592185188444,2,0,0,7,6,0.9816106911554506,-0.018389308844549406,0.9774739541250165,-0.022526045874983552,0.9816106911554506,-0.018389308844549406,0.9774739541250165,-0.022526045874983552,1.0234284514421967,0.023428451442196723,0.5887559999828227,151.21875,151.984375,0.765625,1.9643427440537442,-0.0008075770495893895
cylinder,demo,1.0,1,0,3,1.912393837228873,0.1840201827867785,34,64,68.55183781125503,30.614674464782315,10.392304845413264,True,0,1,1.912393837228873,1.1469497979252745,2.2724840589051523,4,3,9.81592185188444,2,0,0,9,8,1.0967846718122651,0.09678467181226502,1.0602788391835798,0.06027883918357979,1.0967846718122651,0.09678467181226502,1.0602788391835798,0.06027883918357979,0.9808057599013313,-0.01919424009866866,0.5887559999828227,151.21875,151.984375,0.765625,2.5102487146822554,-0.002858009681892107
cylinder,demo,1.0,0,1,3,1.912393837228873,0.1840201827867785,34,64,68.55183781125503,30.614674464782315,10.392304845413264,True,0,1,1.912393837228873,1.1469497979252745,2.2724840589051523,4,3,9.81592185188444,2,0,0,7,6,0.9817384919240945,-0.018261508075905496,0.9775775650119635,-0.022422434988036578,0.9817384919240945,-0.018261508075905496,0.9775775650119635,-0.022422434988036578,1.0233629262955504,0.023362926295550444,0.6303032000432722,152.0,152.125,0.125,1.9643427440537442,-0.0008075770495893895
cylinder,demo,1.0,1,1,3,1.912393837228873,0.1840201827867785,34,64,68.55183781125503,30.614674464782315,10.392304845413264,True,0,1,1.912393837228873,1.1469497979252745,2.2724840589051523,4,3,9.81592185188444,2,0,0,9,8,1.0969449266721283,0.09694492667212821,1.06039800468802,0.060398004688019945,1.0969449266721283,0.09694492667212821,1.06039800468802,0.060398004688019945,0.9807385911445088,-0.019261408855491182,0.6303032000432722,152.0,152.125,0.125,2.5102487146822554,-0.002858009681892107
cylinder,demo,1.0,0,2,3,1.912393837228873,0.1840201827867785,34,64,68.55183781125503,30.614674464782315,10.392304845413264,True,0,1,1.912393837228873,1.1469497979252745,2.2724840589051523,4,3,9.81592185188444,2,0,0,7,6,0.9817031136291159,-0.018296886370884148,0.9775491362490875,-0.022450863750912528,0.9817031136291159,-0.018296886370884148,0.9775491362490875,-0.022450863750912528,1.0233805684551374,0.023380568455137432,0.350293800001964,152.1171875,152.171875,0.0546875,1.9643427440537442,-0.0008075770495893895
cylinder,demo,1.0,1,2,3,1.912393837228873,0.1840201827867785,34,64,68.55183781125503,30.614674464782315,10.392304845413264,True,0,1,1.912393837228873,1.1469497979252745,2.2724840589051523,4,3,9.81592185188444,2,0,0,9,8,1.0969011322256363,0.09690113222563641,1.0603655423682727,0.060365542368272684,1.0969011322256363,0.09690113222563641,1.0603655423682727,0.060365542368272684,0.9807567762491597,-0.01924322375084026,0.350293800001964,152.1171875,152.171875,0.0546875,2.5102487146822554,-0.002858009681892107
cylinder,demo,2.0,0,0,3,3.824787674457746,0.368040365573557,34,64,68.55183781125503,30.614674464782315,10.392304845413264,True,0,1,1.912393837228873,1.1469497979252745,2.2724840589051523,4,3,9.81592185188444,2,0,0,4,3,0.9816410724406328,-0.018358927559367185,0.9774954599270551,-0.02250454007294492,0.9816410724406328,-0.018358927559367185,0.9774954599270551,-0.02250454007294492,1.023418972614327,0.02341897261432691,0.14158379996661097,152.15234375,152.171875,0.01953125,1.9643427440537442,-0.0008075770495893895
cylinder,demo,2.0,1,0,3,3.824787674457746,0.368040365573557,34,64,68.55183781125503,30.614674464782315,10.392304845413264,True,0,1,1.912393837228873,1.1469497979252745,2.2724840589051523,4,3,9.81592185188444,2,0,0,6,5,1.0968167961471422,0.09681679614714225,1.060301180432815,0.06030118043281507,1.0968167961471422,0.09681679614714225,1.060301180432815,0.06030118043281507,0.9807949009785171,-0.019205099021482975,0.14158379996661097,152.15234375,152.171875,0.01953125,2.5102487146822554,-0.002858009681892107
cylinder,demo,2.0,0,1,3,3.824787674457746,0.368040365573557,34,64,68.55183781125503,30.614674464782315,10.392304845413264,True,0,1,1.912393837228873,1.1469497979252745,2.2724840589051523,4,3,9.81592185188444,2,0,0,4,3,0.9816239590393887,-0.018376040960611326,0.9774826831028706,-0.022517316897129436,0.9816239590393887,-0.018376040960611326,0.9774826831028706,-0.022517316897129436,1.0234256056589772,0.023425605658977288,0.13190500001655892,152.15234375,152.171875,0.01953125,1.9643427440537442,-0.0008075770495893895
cylinder,demo,2.0,1,1,3,3.824787674457746,0.368040365573557,34,64,68.55183781125503,30.614674464782315,10.392304845413264,True,0,1,1.912393837228873,1.1469497979252745,2.2724840589051523,4,3,9.81592185188444,2,0,0,6,5,1.0967974354631866,0.0967974354631866,1.0602873264808084,0.06028732648080836,1.0967974354631866,0.0967974354631866,1.0602873264808084,0.06028732648080836,0.980802101662902,-0.019197898337097976,0.13190500001655892,152.15234375,152.171875,0.01953125,2.5102487146822554,-0.002858009681892107
cylinder,demo,2.0,0,2,3,3.824787674457746,0.368040365573557,34,64,68.55183781125503,30.614674464782315,10.392304845413264,True,0,1,1.912393837228873,1.1469497979252745,2.2724840589051523,4,3,9.81592185188444,2,0,0,4,3,0.9815928294536266,-0.018407170546373385,0.9774594392267941,-0.022540560773205903,0.9815928294536266,-0.018407170546373385,0.9774594392267941,-0.022540560773205903,1.0234376766268392,0.0234376766268391,0.22714889998314902,152.15625,152.1796875,0.0234375,1.9643427440537442,-0.0008075770495893895
cylinder,demo,2.0,1,2,3,3.824787674457746,0.368040365573557,34,64,68.55183781125503,30.614674464782315,10.392304845413264,True,0,1,1.912393837228873,1.1469497979252745,2.2724840589051523,4,3,9.81592185188444,2,0,0,6,5,1.096762204147445,0.09676220414744487,1.0602621166180042,0.06026211661800425,1.096762204147445,0.09676220414744487,1.0602621166180042,0.06026211661800425,0.9808152036007884,-0.01918479639921159,0.22714889998314902,152.15625,152.1796875,0.0234375,2.5102487146822554,-0.002858009681892107
cylinder,demo,3.0,0,0,3,5.737181511686619,0.5520605483603356,34,64,68.55183781125503,30.614674464782315,10.392304845413264,True,0,1,1.912393837228873,1.1469497979252745,2.2724840589051523,4,3,9.81592185188444,2,0,0,3,2,0.981601839577277,-0.01839816042272297,0.9774659481582543,-0.022534051841745714,0.981601839577277,-0.01839816042272297,0.9774659481582543,-0.022534051841745714,1.0234346098958755,0.02343460989587555,0.09087509999517351,152.16015625,152.19921875,0.0390625,1.9643427440537442,-0.0008075770495893895
cylinder,demo,3.0,1,0,3,5.737181511686619,0.5520605483603356,34,64,68.55183781125503,30.614674464782315,10.392304845413264,True,0,1,1.912393837228873,1.1469497979252745,2.2724840589051523,4,3,9.81592185188444,2,0,0,5,4,1.0967719778487677,0.0967719778487676,1.0602689915391552,0.060268991539155145,1.0967719778487677,0.0967719778487676,1.0602689915391552,0.060268991539155145,0.9808117686766882,-0.01918823132331186,0.09087509999517351,152.16015625,152.19921875,0.0390625,2.5102487146822554,-0.002858009681892107
cylinder,demo,3.0,0,1,3,5.737181511686619,0.5520605483603356,34,64,68.55183781125503,30.614674464782315,10.392304845413264,True,0,1,1.912393837228873,1.1469497979252745,2.2724840589051523,4,3,9.81592185188444,2,0,0,3,2,0.9816037944526631,-0.018396205547336848,0.9774673637143183,-0.022532636285681702,0.9816037944526631,-0.018396205547336848,0.9774673637143183,-0.022532636285681702,1.023433937989133,0.02343393798913316,0.13113470003008842,152.19140625,152.234375,0.04296875,1.9643427440537442,-0.0008075770495893895
cylinder,demo,3.0,1,1,3,5.737181511686619,0.5520605483603356,34,64,68.55183781125503,30.614674464782315,10.392304845413264,True,0,1,1.912393837228873,1.1469497979252745,2.2724840589051523,4,3,9.81592185188444,2,0,0,5,4,1.0967741046071402,0.09677410460714021,1.0602704894801795,0.06027048948017965,1.0967741046071402,0.09677410460714021,1.0602704894801795,0.06027048948017965,0.9808110179298188,-0.01918898207018116,0.13113470003008842,152.19140625,152.234375,0.04296875,2.5102487146822554,-0.002858009681892107
cylinder,demo,3.0,0,2,3,5.737181511686619,0.5520605483603356,34,64,68.55183781125503,30.614674464782315,10.392304845413264,True,0,1,1.912393837228873,1.1469497979252745,2.2724840589051523,4,3,9.81592185188444,2,0,0,3,2,0.9815943277298893,-0.018405672270110713,0.9774605089230808,-0.022539491076919174,0.9815943277298893,-0.018405672270110713,0.9774605089230808,-0.022539491076919174,1.023437191386273,0.023437191386272888,0.13210109999636188,152.21484375,152.234375,0.01953125,1.9643427440537442,-0.0008075770495893895
cylinder,demo,3.0,1,2,3,5.737181511686619,0.5520605483603356,34,64,68.55183781125503,30.614674464782315,10.392304845413264,True,0,1,1.912393837228873,1.1469497979252745,2.2724840589051523,4,3,9.81592185188444,2,0,0,5,4,1.096763804875277,0.09676380487527708,1.060263235420303,0.060263235420302944,1.096763804875277,0.09676380487527708,1.060263235420303,0.060263235420302944,0.9808146530940767,-0.019185346905923297,0.13210109999636188,152.21484375,152.234375,0.01953125,2.5102487146822554,-0.002858009681892107
torus,demo,1.0,0,0,3,1.9609726375250154,0.13729554648250783,512,1024,156.27209872953597,76.44962188927714,14.2828568570857,True,1,1,1.9609726375250154,1.8241856084713384,2.0744752663198467,32,32,24.96298297330074,0,0,1,13,13,1.013133404540579,0.013133404540579147,0.9897393597722989,-0.010260640227701163,1.013133404540579,0.013133404540579147,0.9897393597722989,-0.010260640227701163,1.034248546759675,0.034248546759674856,1.7802736000157893,155.82421875,156.890625,1.06640625,1.9126177155995783,-0.004881881902241299
torus,demo,1.0,1,0,3,1.9609726375250154,0.13729554648250783,512,1024,156.27209872953597,76.44962188927714,14.2828568570857,True,1,1,1.9609726375250154,1.8241856084713384,2.0744752663198467,32,32,24.96298297330074,0,0,1,13,13,1.013133404540579,0.013133404540579147,0.9897393597722989,-0.010260640227701163,1.013133404540579,0.013133404540579147,0.9897393597722989,-0.010260640227701163,1.034248546759675,0.034248546759674856,1.7802736000157893,155.82421875,156.890625,1.06640625,1.9126177155995783,-0.004881881902241299
torus,demo,1.0,0,1,3,1.9609726375250154,0.13729554648250783,512,1024,156.27209872953597,76.44962188927714,14.2828568570857,True,1,1,1.9609726375250154,1.8241856084713384,2.0744752663198467,32,32,24.96298297330074,0,0,1,13,13,1.0125230761647663,0.01252307616476623,0.9894848688615714,-0.010515131138428646,1.0125230761647663,0.01252307616476623,0.9894848688615714,-0.010515131138428646,1.0341572844517406,0.03415728445174068,1.3631134000024758,156.87890625,157.25,0.37109375,1.9126177155995783,-0.004881881902241299
torus,demo,1.0,1,1,3,1.9609726375250154,0.13729554648250783,512,1024,156.27209872953597,76.44962188927714,14.2828568570857,True,1,1,1.9609726375250154,1.8241856084713384,2.0744752663198467,32,32,24.96298297330074,0,0,1,13,13,1.0125230761647663,0.01252307616476623,0.9894848688615714,-0.010515131138428646,1.0125230761647663,0.01252307616476623,0.9894848688615714,-0.010515131138428646,1.0341572844517406,0.03415728445174068,1.3631134000024758,156.87890625,157.25,0.37109375,1.9126177155995783,-0.004881881902241299
torus,demo,1.0,0,2,3,1.9609726375250154,0.13729554648250783,512,1024,156.27209872953597,76.44962188927714,14.2828568570857,True,1,1,1.9609726375250154,1.8241856084713384,2.0744752663198467,32,32,24.96298297330074,0,0,1,13,13,1.013434523905322,0.013434523905321962,0.9899419599706027,-0.010058040029397232,1.013434523905322,0.013434523905321962,0.9899419599706027,-0.010058040029397232,1.0341325342207337,0.03413253422073365,1.7803279000218026,157.23828125,157.4296875,0.19140625,1.9126177155995783,-0.004881881902241299
torus,demo,1.0,1,2,3,1.9609726375250154,0.13729554648250783,512,1024,156.27209872953597,76.44962188927714,14.2828568570857,True,1,1,1.9609726375250154,1.8241856084713384,2.0744752663198467,32,32,24.96298297330074,0,0,1,13,13,1.013434523905322,0.013434523905321962,0.9899419599706027,-0.010058040029397232,1.013434523905322,0.013434523905321962,0.9899419599706027,-0.010058040029397232,1.0341325342207337,0.03413253422073365,1.7803279000218026,157.23828125,157.4296875,0.19140625,1.9126177155995783,-0.004881881902241299
torus,demo,2.0,0,0,3,3.9219452750500308,0.27459109296501566,512,1024,156.27209872953597,76.44962188927714,14.2828568570857,True,1,1,1.9609726375250154,1.8241856084713384,2.0744752663198467,32,32,24.96298297330074,0,0,1,7,7,1.0718916807581735,0.0718916807581736,1.0057724812117275,0.005772481211727564,1.0718916807581735,0.0718916807581736,1.0057724812117275,0.005772481211727564,1.0596231453750808,0.059623145375080885,0.7396912999683991,157.4140625,157.453125,0.0390625,1.9126177155995783,-0.004881881902241299
torus,demo,2.0,1,0,3,3.9219452750500308,0.27459109296501566,512,1024,156.27209872953597,76.44962188927714,14.2828568570857,True,1,1,1.9609726375250154,1.8241856084713384,2.0744752663198467,32,32,24.96298297330074,0,0,1,7,7,1.0718916807581735,0.0718916807581736,1.0057724812117275,0.005772481211727564,1.0718916807581735,0.0718916807581736,1.0057724812117275,0.005772481211727564,1.0596231453750808,0.059623145375080885,0.7396912999683991,157.4140625,157.453125,0.0390625,1.9126177155995783,-0.004881881902241299
torus,demo,2.0,0,1,3,3.9219452750500308,0.27459109296501566,512,1024,156.27209872953597,76.44962188927714,14.2828568570857,True,1,1,1.9609726375250154,1.8241856084713384,2.0744752663198467,32,32,24.96298297330074,0,0,1,7,7,1.0684783329423757,0.06847833294237564,1.00404236570626,0.00404236570625998,1.0684783329423757,0.06847833294237564,1.00404236570626,0.00404236570625998,1.059892085530228,0.05989208553022808,0.26490710000507534,157.4375,157.48046875,0.04296875,1.9126177155995783,-0.004881881902241299
torus,demo,2.0,1,1,3,3.9219452750500308,0.27459109296501566,512,1024,156.27209872953597,76.44962188927714,14.2828568570857,True,1,1,1.9609726375250154,1.8241856084713384,2.0744752663198467,32,32,24.96298297330074,0,0,1,7,7,1.0684783329423757,0.06847833294237564,1.00404236570626,0.00404236570625998,1.0684783329423757,0.06847833294237564,1.00404236570626,0.00404236570625998,1.059892085530228,0.05989208553022808,0.26490710000507534,157.4375,157.48046875,0.04296875,1.9126177155995783,-0.004881881902241299
torus,demo,2.0,0,2,3,3.9219452750500308,0.27459109296501566,512,1024,156.27209872953597,76.44962188927714,14.2828568570857,True,1,1,1.9609726375250154,1.8241856084713384,2.0744752663198467,32,32,24.96298297330074,0,0,1,7,7,1.0691023232740906,0.06910232327409051,1.004617671052152,0.004617671052152007,1.0691023232740906,0.06910232327409051,1.004617671052152,0.004617671052152007,1.0592967980843224,0.05929679808432243,0.21770620002644137,157.46484375,157.515625,0.05078125,1.9126177155995783,-0.004881881902241299
torus,demo,2.0,1,2,3,3.9219452750500308,0.27459109296501566,512,1024,156.27209872953597,76.44962188927714,14.2828568570857,True,1,1,1.9609726375250154,1.8241856084713384,2.0744752663198467,32,32,24.96298297330074,0,0,1,7,7,1.0691023232740906,0.06910232327409051,1.004617671052152,0.004617671052152007,1.0691023232740906,0.06910232327409051,1.004617671052152,0.004617671052152007,1.0592967980843224,0.05929679808432243,0.21770620002644137,157.46484375,157.515625,0.05078125,1.9126177155995783,-0.004881881902241299
torus,demo,3.0,0,0,3,5.882917912575046,0.4118866394475234,512,1024,156.27209872953597,76.44962188927714,14.2828568570857,True,1,1,1.9609726375250154,1.8241856084713384,2.0744752663198467,32,32,24.96298297330074,0,0,1,5,5,1.163063010796462,0.16306301079646193,1.0297137745849028,0.029713774584902666,1.163063010796462,0.16306301079646193,1.0297137745849028,0.029713774584902666,1.0969086934876804,0.09690869348768047,0.6417184000019915,157.50390625,157.85546875,0.3515625,1.9126177155995783,-0.004881881902241299
torus,demo,3.0,1,0,3,5.882917912575046,0.4118866394475234,512,1024,156.27209872953597,76.44962188927714,14.2828568570857,True,1,1,1.9609726375250154,1.8241856084713384,2.0744752663198467,32,32,24.96298297330074,0,0,1,5,5,1.163063010796462,0.16306301079646193,1.0297137745849028,0.029713774584902666,1.163063010796462,0.16306301079646193,1.0297137745849028,0.029713774584902666,1.0969086934876804,0.09690869348768047,0.6417184000019915,157.50390625,157.85546875,0.3515625,1.9126177155995783,-0.004881881902241299
torus,demo,3.0,0,1,3,5.882917912575046,0.4118866394475234,512,1024,156.27209872953597,76.44962188927714,14.2828568570857,True,1,1,1.9609726375250154,1.8241856084713384,2.0744752663198467,32,32,24.96298297330074,0,0,1,5,5,1.1640569244821422,0.16405692448214224,1.0302493732004898,0.030249373200489788,1.1640569244821422,0.16405692448214224,1.0302493732004898,0.030249373200489788,1.096704535065363,0.09670453506536297,0.6752511999802664,157.85546875,157.953125,0.09765625,1.9126177155995783,-0.004881881902241299
torus,demo,3.0,1,1,3,5.882917912575046,0.4118866394475234,512,1024,156.27209872953597,76.44962188927714,14.2828568570857,True,1,1,1.9609726375250154,1.8241856084713384,2.0744752663198467,32,32,24.96298297330074,0,0,1,5,5,1.1640569244821422,0.16405692448214224,1.0302493732004898,0.030249373200489788,1.1640569244821422,0.16405692448214224,1.0302493732004898,0.030249373200489788,1.096704535065363,0.09670453506536297,0.6752511999802664,157.85546875,157.953125,0.09765625,1.9126177155995783,-0.004881881902241299
torus,demo,3.0,0,2,3,5.882917912575046,0.4118866394475234,512,1024,156.27209872953597,76.44962188927714,14.2828568570857,True,1,1,1.9609726375250154,1.8241856084713384,2.0744752663198467,32,32,24.96298297330074,0,0,1,5,5,1.1614318127903198,0.16143181279031987,1.0286877873791178,0.028687787379117823,1.1614318127903198,0.16143181279031987,1.0286877873791178,0.028687787379117823,1.097556031839331,0.09755603183933101,0.24209429998882115,157.94140625,158.0390625,0.09765625,1.9126177155995783,-0.004881881902241299
torus,demo,3.0,1,2,3,5.882917912575046,0.4118866394475234,512,1024,156.27209872953597,76.44962188927714,14.2828568570857,True,1,1,1.9609726375250154,1.8241856084713384,2.0744752663198467,32,32,24.96298297330074,0,0,1,5,5,1.1614318127903198,0.16143181279031987,1.0286877873791178,0.028687787379117823,1.1614318127903198,0.16143181279031987,1.0286877873791178,0.028687787379117823,1.097556031839331,0.09755603183933101,0.24209429998882115,157.94140625,158.0390625,0.09765625,1.9126177155995783,-0.004881881902241299
branching,demo,1.0,0,0,3,1.5175893707916654,0.26570072951297535,1417,2830,22.31765189479163,5.107126917476649,5.71164924376903,True,0,1,1.5175893707916654,0.19709833925187262,1.7408249527617943,137,136,5.852448085447328,4,2,0,7,6,0.8443862902571305,-0.1556137097428695,0.9223959924003006,-0.07760400759969939,0.7437244113443195,-0.2562755886556804,0.8505050384272,-0.1494949615727999,0.9648320298466074,-0.03516797015339258,0.5776245000306517,162.59375,162.85546875,0.26171875,-0.5935756968158233,-0.02559937211876924
branching,demo,1.0,1,0,3,1.5175893707916654,0.26570072951297535,1417,2830,22.31765189479163,5.107126917476649,5.71164924376903,True,0,1,1.5175893707916654,0.19709833925187262,1.7408249527617943,137,136,5.852448085447328,4,2,0,11,10,1.1664503439700584,0.16645034397005845,1.0551822452127047,0.05518224521270466,1.0657884650572476,0.06578846505724754,0.9832912912396041,-0.016708708760395864,1.0596072071063616,0.05960720710636166,0.5776245000306517,162.59375,162.85546875,0.26171875,4.483451019946269,-0.06019536462809189
branching,demo,1.0,0,1,3,1.5175893707916654,0.26570072951297535,1417,2830,22.31765189479163,5.107126917476649,5.71164924376903,True,0,1,1.5175893707916654,0.19709833925187262,1.7408249527617943,137,136,5.852448085447328,4,2,0,7,6,0.8442057776757695,-0.15579422232423043,0.921815349227686,-0.07818465077231397,0.7439466394258899,-0.2560533605741101,0.8501621130852213,-0.14983788691477873,0.9655511449169678,-0.03444885508303223,0.5785705000162125,162.83984375,163.19140625,0.3515625,-0.5935756968158233,-0.02559937211876924
branching,demo,1.0,1,1,3,1.5175893707916654,0.26570072951297535,1417,2830,22.31765189479163,5.107126917476649,5.71164924376903,True,0,1,1.5175893707916654,0.19709833925187262,1.7408249527617943,137,136,5.852448085447328,4,2,0,11,10,1.1674354840366705,0.16743548403667052,1.054888418869445,0.05488841886944485,1.0671763457867907,0.06717634578679074,0.9832351827269803,-0.016764817273019754,1.0610655762414938,0.06106557624149369,0.5785705000162125,162.83984375,163.19140625,0.3515625,4.483451019946269,-0.06019536462809189
branching,demo,1.0,0,2,3,1.5175893707916654,0.26570072951297535,1417,2830,22.31765189479163,5.107126917476649,5.71164924376903,True,0,1,1.5175893707916654,0.19709833925187262,1.7408249527617943,137,136,5.852448085447328,4,2,0,7,6,0.9146269384753729,-0.08537306152462705,0.9358529356671602,-0.06414706433283983,0.8036246888377221,-0.1963753111622779,0.8583381737288129,-0.14166182627118704,1.0211720021270494,0.0211720021270495,0.22179549996508285,163.171875,163.25390625,0.08203125,-0.5935756968158233,-0.02559937211876924
branching,demo,1.0,1,2,3,1.5175893707916654,0.26570072951297535,1417,2830,22.31765189479163,5.107126917476649,5.71164924376903,True,0,1,1.5175893707916654,0.19709833925187262,1.7408249527617943,137,136,5.852448085447328,4,2,0,11,10,1.2377344732472533,0.2377344732472532,1.0690112600939692,0.0690112600939693,1.1267322236096022,0.12673222360960232,0.9914964981556221,-0.008503501844377913,1.0977726988498524,0.09777269884985233,0.22179549996508285,163.171875,163.25390625,0.08203125,4.483451019946269,-0.06019536462809189
branching,demo,2.0,0,0,3,3.035178741583331,0.5314014590259507,1417,2830,22.31765189479163,5.107126917476649,5.71164924376903,True,0,1,1.5175893707916654,0.19709833925187262,1.7408249527617943,137,136,5.852448085447328,4,2,0,6,5,0.8235910653611227,-0.17640893463887736,0.9152203111660869,-0.08477968883391308,0.723089123356727,-0.27691087664327296,0.8434891447005101,-0.15651085529948994,0.9531504258908943,-0.04684957410910574,0.3860698000062257,163.234375,163.30078125,0.06640625,-0.5935756968158233,-0.02559937211876924
branching,demo,2.0,1,0,3,3.035178741583331,0.5314014590259507,1417,2830,22.31765189479163,5.107126917476649,5.71164924376903,True,0,1,1.5175893707916654,0.19709833925187262,1.7408249527617943,137,136,5.852448085447328,4,2,0,10,9,1.146635391711342,0.146635391711342,1.0482513263198656,0.04825132631986565,1.0461334497069465,0.046133449706946494,0.9765201598542887,-0.02347984014571121,1.053975098382109,0.05397509838210903,0.3860698000062257,163.234375,163.30078125,0.06640625,4.483451019946269,-0.06019536462809189
branching,demo,2.0,0,1,3,3.035178741583331,0.5314014590259507,1417,2830,22.31765189479163,5.107126917476649,5.71164924376903,True,0,1,1.5175893707916654,0.19709833925187262,1.7408249527617943,137,136,5.852448085447328,4,2,0,6,5,0.8248028123776424,-0.17519718762235761,0.9136007460840057,-0.0863992539159943,0.7248579465084426,-0.2751420534915574,0.8421549578702507,-0.15784504212974926,0.9573396410387203,-0.04266035896127977,0.38581289997091517,163.28125,163.33203125,0.05078125,-0.5935756968158233,-0.02559937211876924
branching,demo,2.0,1,1,3,3.035178741583331,0.5314014590259507,1417,2830,22.31765189479163,5.107126917476649,5.71164924376903,True,0,1,1.5175893707916654,0.19709833925187262,1.7408249527617943,137,136,5.852448085447328,4,2,0,10,9,1.1478493418958449,0.14784934189584475,1.0466347696611695,0.046634769661169445,1.047904476026645,0.04790447602664496,0.9751889814474146,-0.024811018552585357,1.0579996387703339,0.05799963877033393,0.38581289997091517,163.28125,163.33203125,0.05078125,4.483451019946269,-0.06019536462809189
branching,demo,2.0,0,2,3,3.035178741583331,0.5314014590259507,1417,2830,22.31765189479163,5.107126917476649,5.71164924376903,True,0,1,1.5175893707916654,0.19709833925187262,1.7408249527617943,137,136,5.852448085447328,4,2,0,6,5,0.8238795845462291,-0.17612041545377086,0.916305732152708,-0.08369426784729189,0.7229909277134957,-0.27700907228650434,0.8444276057705904,-0.15557239422940963,0.9516533548914369,-0.04834664510856316,0.37844189995666966,163.31640625,163.3984375,0.08203125,-0.5935756968158233,-0.02559937211876924
branching,demo,2.0,1,2,3,3.035178741583331,0.5314014590259507,1417,2830,22.31765189479163,5.107126917476649,5.71164924376903,True,0,1,1.5175893707916654,0.19709833925187262,1.7408249527617943,137,136,5.852448085447328,4,2,0,10,9,1.1469490881283992,0.14694908812839919,1.0493463445292612,0.04934634452926117,1.0460604312956658,0.0460604312956658,0.9774682181471432,-0.02253178185285672,1.0522853102093648,0.05228531020936475,0.37844189995666966,163.31640625,163.3984375,0.08203125,4.483451019946269,-0.06019536462809189
branching,demo,3.0,0,0,3,4.552768112374997,0.7971021885389262,1417,2830,22.31765189479163,5.107126917476649,5.71164924376903,True,0,1,1.5175893707916654,0.19709833925187262,1.7408249527617943,137,136,5.852448085447328,4,2,0,6,5,0.8298876464160906,-0.17011235358390936,0.9182870236940763,-0.08171297630592364,0.7278855042272611,-0.27211449577273894,0.845781791648108,-0.15421820835189198,0.9552562475527857,-0.04474375244721425,0.39980040001682937,163.37890625,163.74609375,0.3671875,-0.5935756968158233,-0.02559937211876924
branching,demo,3.0,1,0,3,4.552768112374997,0.7971021885389262,1417,2830,22.31765189479163,5.107126917476649,5.71164924376903,True,0,1,1.5175893707916654,0.19709833925187262,1.7408249527617943,137,136,5.852448085447328,4,2,0,10,9,1.1529233883792447,0.15292338837924474,1.0513173955336563,0.05131739553365628,1.0509212461904152,0.0509212461904151,0.978812163487688,-0.021187836512312073,1.0541907159560107,0.05419071595601072,0.39980040001682937,163.37890625,163.74609375,0.3671875,4.483451019946269,-0.06019536462809189
branching,demo,3.0,0,1,3,4.552768112374997,0.7971021885389262,1417,2830,22.31765189479163,5.107126917476649,5.71164924376903,True,0,1,1.5175893707916654,0.19709833925187262,1.7408249527617943,137,136,5.852448085447328,4,2,0,6,5,0.8256827477361982,-0.17431725226380176,0.9154975465253762,-0.08450245347462383,0.7253283198398438,-0.2746716801601562,0.8437930974137338,-0.15620690258626618,0.9551240439477648,-0.04487595605223512,0.3750833999947645,163.73046875,164.1875,0.45703125,-0.5935756968158233,-0.02559937211876924
branching,demo,3.0,1,1,3,4.552768112374997,0.7971021885389262,1417,2830,22.31765189479163,5.107126917476649,5.71164924376903,True,0,1,1.5175893707916654,0.19709833925187262,1.7408249527617943,137,136,5.852448085447328,4,2,0,10,9,1.1487223782819405,0.14872237828194051,1.0485260657985311,0.048526065798531165,1.048367950385586,0.04836795038558606,0.9768216166868888,-0.02317838331311119,1.0553833960290926,0.05538339602909248,0.3750833999947645,163.73046875,164.1875,0.45703125,4.483451019946269,-0.06019536462809189
branching,demo,3.0,0,2,3,4.552768112374997,0.7971021885389262,1417,2830,22.31765189479163,5.107126917476649,5.71164924376903,True,0,1,1.5175893707916654,0.19709833925187262,1.7408249527617943,137,136,5.852448085447328,4,2,0,6,5,0.9054811298650837,-0.09451887013491637,0.9307407609962862,-0.06925923900371377,0.7967540144188883,-0.20324598558111173,0.8545500402619481,-0.14544995973805186,1.020092554378711,0.020092554378711006,0.1531103999586776,164.16796875,164.46875,0.30078125,-0.5935756968158233,-0.02559937211876924
branching,demo,3.0,1,2,3,4.552768112374997,0.7971021885389262,1417,2830,22.31765189479163,5.107126917476649,5.71164924376903,True,0,1,1.5175893707916654,0.19709833925187262,1.7408249527617943,137,136,5.852448085447328,4,2,0,10,9,1.2285923683355295,0.22859236833552946,1.0638839054246245,0.06388390542462441,1.119865252889334,0.11986525288933408,0.9876931846902863,-0.012306815309713668,1.0991867501590078,0.09918675015900778,0.1531103999586776,164.16796875,164.46875,0.30078125,4.483451019946269,-0.06019536462809189
TS1,spine,1.0,0,0,3,77.94336479617206,0.028756609750529995,2378,4788,3124839.692276849,70083740.23409876,2710.4504137430713,True,9,1,77.94336479617206,38.889990323702904,164.70858134688547,376,383,8828.702750704158,17,25,8,120,126,2.2671730852788654,1.2671730852788654,1.4674766196972315,0.4674766196972314,1.374825450000756,0.3748254500007559,1.1929366056018258,0.19293660560182585,1.187198973389579,0.18719897338957897,22.956896700023208,169.73828125,176.90625,7.16796875,1.178875503557906,-0.027757638174924194
TS1,spine,1.0,1,0,3,77.94336479617206,0.028756609750529995,2378,4788,3124839.692276849,70083740.23409876,2710.4504137430713,True,9,1,77.94336479617206,38.889990323702904,164.70858134688547,376,383,8828.702750704158,17,25,8,129,135,2.3104611512970608,1.3104611512970608,1.4872614193737348,0.48726141937373485,1.4181135160189513,0.41811351601895136,1.2127214052783286,0.21272140527832867,1.1761075508097107,0.17610755080971074,22.956896700023208,169.73828125,176.90625,7.16796875,1.3250447703900836,-0.03135566314970818
TS1,spine,1.0,0,1,3,77.94336479617206,0.028756609750529995,2378,4788,3124839.692276849,70083740.23409876,2710.4504137430713,True,9,1,77.94336479617206,38.889990323702904,164.70858134688547,376,383,8828.702750704158,17,25,8,120,126,2.4139088593148887,1.413908859314889,1.5228128912664474,0.5228128912664474,1.4249331643286598,0.4249331643286598,1.2330069171897182,0.23300691718971822,1.1928071808429987,0.19280718084299878,22.768049100006465,176.73046875,178.66015625,1.9296875,1.178875503557906,-0.027757638174924194
TS1,spine,1.0,1,1,3,77.94336479617206,0.028756609750529995,2378,4788,3124839.692276849,70083740.23409876,2710.4504137430713,True,9,1,77.94336479617206,38.889990323702904,164.70858134688547,376,383,8828.702750704158,17,25,8,129,135,2.455449333336991,1.455449333336991,1.5421821576507306,0.5421821576507307,1.4664736383507617,0.4664736383507618,1.2523761835740013,0.25237618357400127,1.180909209189544,0.18090920918954392,22.768049100006465,176.73046875,178.66015625,1.9296875,1.3250447703900836,-0.03135566314970818
TS1,spine,1.0,0,2,3,77.94336479617206,0.028756609750529995,2378,4788,3124839.692276849,70083740.23409876,2710.4504137430713,True,9,1,77.94336479617206,38.889990323702904,164.70858134688547,376,383,8828.702750704158,17,25,8,120,126,2.302552350819539,1.3025523508195391,1.4692536672465686,0.46925366724656853,1.3846563799532026,0.3846563799532026,1.1875971032085981,0.18759710320859815,1.199583448199813,0.19958344819981308,22.076934100012295,176.0625,182.77734375,6.71484375,1.178875503557906,-0.027757638174924194
TS1,spine,1.0,1,2,3,77.94336479617206,0.028756609750529995,2378,4788,3124839.692276849,70083740.23409876,2710.4504137430713,True,9,1,77.94336479617206,38.889990323702904,164.70858134688547,376,383,8828.702750704158,17,25,8,129,135,2.344695416319707,1.344695416319707,1.4886781051643945,0.48867810516439436,1.4267994454533703,0.42679944545337034,1.2070215411264242,0.20702154112642415,1.1879737894861426,0.18797378948614255,22.076934100012295,176.0625,182.77734375,6.71484375,1.3250447703900836,-0.03135566314970818
TS1,spine,2.0,0,0,3,155.88672959234412,0.05751321950105999,2378,4788,3124839.692276849,70083740.23409876,2710.4504137430713,True,9,1,77.94336479617206,38.889990323702904,164.70858134688547,376,383,8828.702750704158,17,25,8,69,75,2.3795706223899855,1.3795706223899855,1.37641213789917,0.3764121378991701,1.2677291523344394,0.26772915233443945,1.0633952185599846,0.06339521855998455,1.3331167898779852,0.3331167898779853,12.073946000018623,176.89453125,180.24609375,3.3515625,1.178875503557906,-0.027757638174924194
TS1,spine,2.0,1,0,3,155.88672959234412,0.05751321950105999,2378,4788,3124839.692276849,70083740.23409876,2710.4504137430713,True,9,1,77.94336479617206,38.889990323702904,164.70858134688547,376,383,8828.702750704158,17,25,8,78,84,2.425191532237397,1.4251915322373971,1.3976514697389089,0.3976514697389089,1.3133500621818512,0.31335006218185124,1.0846345503997237,0.08463455039972366,1.3146112713880842,0.3146112713880842,12.073946000018623,176.89453125,180.24609375,3.3515625,1.3250447703900836,-0.03135566314970818
TS1,spine,2.0,0,1,3,155.88672959234412,0.05751321950105999,2378,4788,3124839.692276849,70083740.23409876,2710.4504137430713,True,9,1,77.94336479617206,38.889990323702904,164.70858134688547,376,383,8828.702750704158,17,25,8,69,75,2.4807487863299365,1.4807487863299367,1.4042690369409436,0.4042690369409436,1.2866362306934,0.28663623069339994,1.0736509694354113,0.07365096943541134,1.3407554657563612,0.34075546575636123,11.906730199989397,176.984375,180.7734375,3.7890625,1.178875503557906,-0.027757638174924194
TS1,spine,2.0,1,1,3,155.88672959234412,0.05751321950105999,2378,4788,3124839.692276849,70083740.23409876,2710.4504137430713,True,9,1,77.94336479617206,38.889990323702904,164.70858134688547,376,383,8828.702750704158,17,25,8,78,84,2.525118881569852,1.5251188815698522,1.4252092914990642,0.4252092914990642,1.3310063259333154,0.33100632593331547,1.0945912239935323,0.0945912239935322,1.3215566613193188,0.3215566613193188,11.906730199989397,176.984375,180.7734375,3.7890625,1.3250447703900836,-0.03135566314970818
TS1,spine,2.0,0,2,3,155.88672959234412,0.05751321950105999,2378,4788,3124839.692276849,70083740.23409876,2710.4504137430713,True,9,1,77.94336479617206,38.889990323702904,164.70858134688547,376,383,8828.702750704158,17,25,8,69,75,2.4135154132646397,1.4135154132646397,1.3849317041178248,0.38493170411782485,1.2199117936689556,0.21991179366895572,1.0557522716948489,0.055752271694848914,1.3424677976031012,0.34246779760310114,10.332277400011662,176.9609375,181.609375,4.6484375,1.178875503557906,-0.027757638174924194
TS1,spine,2.0,1,2,3,155.88672959234412,0.05751321950105999,2378,4788,3124839.692276849,70083740.23409876,2710.4504137430713,True,9,1,77.94336479617206,38.889990323702904,164.70858134688547,376,383,8828.702750704158,17,25,8,78,84,2.4594527239196813,1.4594527239196815,1.4061887186269,0.40618871862689987,1.265849104323997,0.26584910432399694,1.0770092862039233,0.07700928620392335,1.3239350288156961,0.32393502881569614,10.332277400011662,176.9609375,181.609375,4.6484375,1.3250447703900836,-0.03135566314970818
TS1,spine,3.0,0,0,3,233.8300943885162,0.08626982925158998,2378,4788,3124839.692276849,70083740.23409876,2710.4504137430713,True,9,1,77.94336479617206,38.889990323702904,164.70858134688547,376,383,8828.702750704158,17,25,8,47,53,2.6594245353356762,1.6594245353356762,1.440973060805423,0.4409730608054231,1.416831220240172,0.4168312202401721,1.1008637886070711,0.10086378860707115,1.3561512104417328,0.3561512104417327,7.637974300014321,178.359375,181.05078125,2.69140625,1.178875503557906,-0.027757638174924194
TS1,spine,3.0,1,0,3,233.8300943885162,0.08626982925158998,2378,4788,3124839.692276849,70083740.23409876,2710.4504137430713,True,9,1,77.94336479617206,38.889990323702904,164.70858134688547,376,383,8828.702750704158,17,25,8,56,62,2.706764501232713,1.7067645012327126,1.463085978004025,0.46308597800402496,1.4641711861372082,0.4641711861372082,1.122976705805674,0.1229767058056741,1.3344084071108506,0.3344084071108506,7.637974300014321,178.359375,181.05078125,2.69140625,1.3250447703900836,-0.03135566314970818
TS1,spine,3.0,0,1,3,233.8300943885162,0.08626982925158998,2378,4788,3124839.692276849,70083740.23409876,2710.4504137430713,True,9,1,77.94336479617206,38.889990323702904,164.70858134688547,376,383,8828.702750704158,17,25,8,47,53,2.8210028122896897,1.8210028122896895,1.4887035748827273,0.48870357488272725,1.3580849631932908,0.35808496319329086,1.113346488338374,0.11334648833837399,1.3656358467342995,0.36563584673429944,7.7471423000097275,181.03125,181.31640625,0.28515625,1.178875503557906,-0.027757638174924194
TS1,spine,3.0,1,1,3,233.8300943885162,0.08626982925158998,2378,4788,3124839.692276849,70083740.23409876,2710.4504137430713,True,9,1,77.94336479617206,38.889990323702904,164.70858134688547,376,383,8828.702750704158,17,25,8,56,62,2.8685557721368315,1.8685557721368313,1.510885226416676,0.5108852264166762,1.4056379230404326,0.40563792304043267,1.1355281398723225,0.13552813987232248,1.3434404460239282,0.3434404460239282,7.7471423000097275,181.03125,181.31640625,0.28515625,1.3250447703900836,-0.03135566314970818
TS1,spine,3.0,0,2,3,233.8300943885162,0.08626982925158998,2378,4788,3124839.692276849,70083740.23409876,2710.4504137430713,True,9,1,77.94336479617206,38.889990323702904,164.70858134688547,376,383,8828.702750704158,17,25,8,47,53,2.7185032607973496,1.7185032607973498,1.4539046052091336,0.45390460520913345,1.4067988337318444,0.40679883373184444,1.104065657660876,0.10406565766087607,1.366543738780066,0.36654373878006613,7.665113999973983,181.296875,181.77734375,0.48046875,1.178875503557906,-0.027757638174924194
TS1,spine,3.0,1,2,3,233.8300943885162,0.08626982925158998,2378,4788,3124839.692276849,70083740.23409876,2710.4504137430713,True,9,1,77.94336479617206,38.889990323702904,164.70858134688547,376,383,8828.702750704158,17,25,8,56,62,2.7655703936649667,1.765570393664967,1.4759436512445325,0.4759436512445324,1.4538659665994615,0.4538659665994615,1.1261047036962741,0.12610470369627416,1.3444433012752903,0.3444433012752903,7.665113999973983,181.296875,181.77734375,0.48046875,1.3250447703900836,-0.03135566314970818
TS2,spine,1.0,0,0,3,72.77440396597993,0.11797826909606364,508,1016,209546.08322919015,3764802.054484278,616.8458354540146,True,1,1,72.77440396597993,31.138173893996544,120.34362546721954,122,122,657.7528570120653,4,4,1,11,11,1.3208463727487842,0.3208463727487842,1.028276717223012,0.028276717223012164,0.8428742886956948,-0.1571257113043052,0.8506830927204492,-0.14931690727955088,1.2585821045495345,0.2585821045495344,0.6953632999793626,181.7578125,181.7734375,0.015625,1.5577649478752968,-0.0010217168421116584
TS2,spine,1.0,1,0,3,72.77440396597993,0.11797826909606364,508,1016,209546.08322919015,3764802.054484278,616.8458354540146,True,1,1,72.77440396597993,31.138173893996544,120.34362546721954,122,122,657.7528570120653,4,4,1,13,13,1.3539480558879173,0.3539480558879173,1.0546950283755414,0.054695028375541375,0.8759759718348279,-0.12402402816517212,0.8771014038729783,-0.12289859612702166,1.232922795515831,0.23292279551583114,0.6953632999793626,181.7578125,181.7734375,0.015625,0.5113630977134348,-0.0015480146818487967
TS2,spine,1.0,0,1,3,72.77440396597993,0.11797826909606364,508,1016,209546.08322919015,3764802.054484278,616.8458354540146,True,1,1,72.77440396597993,31.138173893996544,120.34362546721954,122,122,657.7528570120653,4,4,1,11,11,1.7161748367233596,0.7161748367233597,1.1463328967764292,0.1463328967764293,1.2079420514474384,0.20794205144743827,0.9619068487030354,-0.038093151296964535,1.335310869393025,0.3353108693930248,1.3824307000031695,181.75,181.7734375,0.0234375,1.5577649478752968,-0.0010217168421116584
TS2,spine,1.0,1,1,3,72.77440396597993,0.11797826909606364,508,1016,209546.08322919015,3764802.054484278,616.8458354540146,True,1,1,72.77440396597993,31.138173893996544,120.34362546721954,122,122,657.7528570120653,4,4,1,13,13,1.749307826442534,0.749307826442534,1.1727724849052132,0.17277248490521324,1.2410750411666123,0.24107504116661238,0.9883464368318194,-0.011653563168180591,1.3005182933843709,0.30051829338437086,1.3824307000031695,181.75,181.7734375,0.0234375,0.5113630977134348,-0.0015480146818487967
TS2,spine,1.0,0,2,3,72.77440396597993,0.11797826909606364,508,1016,209546.08322919015,3764802.054484278,616.8458354540146,True,1,1,72.77440396597993,31.138173893996544,120.34362546721954,122,122,657.7528570120653,4,4,1,11,11,1.640771809161512,0.6407718091615121,1.1222250191309073,0.12222501913090728,1.1446544151939428,0.14465441519394276,0.940417594399017,-0.05958240560098305,1.328573186176879,0.328573186176879,1.165004400012549,181.75,181.79296875,0.04296875,1.5577649478752968,-0.0010217168421116584
TS2,spine,1.0,1,2,3,72.77440396597993,0.11797826909606364,508,1016,209546.08322919015,3764802.054484278,616.8458354540146,True,1,1,72.77440396597993,31.138173893996544,120.34362546721954,122,122,657.7528570120653,4,4,1,13,13,1.6741312292466135,0.6741312292466134,1.1487926531640726,0.1487926531640726,1.1780138352790441,0.17801383527904407,0.9669852284321823,-0.033014771567817715,1.2945255016961033,0.2945255016961033,1.165004400012549,181.75,181.79296875,0.04296875,0.5113630977134348,-0.0015480146818487967
TS2,spine,2.0,0,0,3,145.54880793195986,0.23595653819212728,508,1016,209546.08322919015,3764802.054484278,616.8458354540146,True,1,1,72.77440396597993,31.138173893996544,120.34362546721954,122,122,657.7528570120653,4,4,1,7,7,1.8038138570082805,0.8038138570082803,1.1711442971929986,0.17114429719299862,1.2845525287877058,0.28455252878770576,0.984046064973661,-0.01595393502633897,1.3475178926150093,0.3475178926150092,0.5445713000372052,181.7734375,181.80859375,0.03515625,1.5577649478752968,-0.0010217168421116584
TS2,spine,2.0,1,0,3,145.54880793195986,0.23595653819212728,508,1016,209546.08322919015,3764802.054484278,616.8458354540146,True,1,1,72.77440396597993,31.138173893996544,120.34362546721954,122,122,657.7528570120653,4,4,1,9,9,1.8374692160840673,0.8374692160840674,1.1980968406926675,0.1980968406926675,1.318207887863493,0.318207887863493,1.0109986084733298,0.010998608473329763,1.3108757956394257,0.3108757956394258,0.5445713000372052,181.7734375,181.80859375,0.03515625,0.5113630977134348,-0.0015480146818487967
TS2,spine,2.0,0,1,3,145.54880793195986,0.23595653819212728,508,1016,209546.08322919015,3764802.054484278,616.8458354540146,True,1,1,72.77440396597993,31.138173893996544,120.34362546721954,122,122,657.7528570120653,4,4,1,7,7,1.9625046679488396,0.9625046679488396,1.2158174812264768,0.21581748122647684,1.434223062321231,0.43422306232123115,1.0264596073823165,0.02645960738231642,1.3623934043315526,0.36239340433155254,0.7943172000232153,181.7890625,181.84375,0.0546875,1.5577649478752968,-0.0010217168421116584
TS2,spine,2.0,1,1,3,145.54880793195986,0.23595653819212728,508,1016,209546.08322919015,3764802.054484278,616.8458354540146,True,1,1,72.77440396597993,31.138173893996544,120.34362546721954,122,122,657.7528570120653,4,4,1,9,9,1.996310700554206,0.9963107005542059,1.2428711029559003,0.2428711029559003,1.4680290949265975,0.4680290949265975,1.05351322911174,0.0535132291117399,1.3239187524092741,0.3239187524092742,0.7943172000232153,181.7890625,181.84375,0.0546875,0.5113630977134348,-0.0015480146818487967
TS2,spine,2.0,0,2,3,145.54880793195986,0.23595653819212728,508,1016,209546.08322919015,3764802.054484278,616.8458354540146,True,1,1,72.77440396597993,31.138173893996544,120.34362546721954,122,122,657.7528570120653,4,4,1,7,7,1.9078206961257695,0.9078206961257695,1.202224657282982,0.20222465728298192,1.3979254629888624,0.39792546298886244,1.0169497929847293,0.01694979298472932,1.3532089964495604,0.3532089964495604,0.7848769000265747,181.828125,181.89453125,0.06640625,1.5577649478752968,-0.0010217168421116584
TS2,spine,2.0,1,2,3,145.54880793195986,0.23595653819212728,508,1016,209546.08322919015,3764802.054484278,616.8458354540146,True,1,1,72.77440396597993,31.138173893996544,120.34362546721954,122,122,657.7528570120653,4,4,1,9,9,1.9415032750858343,0.9415032750858343,1.2292161564130946,0.22921615641309456,1.431608041948927,0.4316080419489271,1.0439412921148419,0.043941292114841976,1.3154008492803333,0.31540084928033335,0.7848769000265747,181.828125,181.89453125,0.06640625,0.5113630977134348,-0.0015480146818487967
TS2,spine,3.0,0,0,3,218.32321189793979,0.35393480728819093,508,1016,209546.08322919015,3764802.054484278,616.8458354540146,True,1,1,72.77440396597993,31.138173893996544,120.34362546721954,122,122,657.7528570120653,4,4,1,7,7,1.9442567415147871,0.944256741514787,1.2112711255144675,0.21127112551446753,1.4192288443349368,0.41922884433493685,1.0228400868709182,0.022840086870918153,1.3600698104743796,0.3600698104743797,0.7784626999637112,181.87890625,181.921875,0.04296875,1.5577649478752968,-0.0010217168421116584
TS2,spine,3.0,1,0,3,218.32321189793979,0.35393480728819093,508,1016,209546.08322919015,3764802.054484278,616.8458354540146,True,1,1,72.77440396597993,31.138173893996544,120.34362546721954,122,122,657.7528570120653,4,4,1,9,9,1.9780624716766118,0.9780624716766118,1.2383251515897014,0.2383251515897013,1.4530345744967617,0.4530345744967616,1.0498941129461519,0.04989411294615191,1.321838642771078,0.32183864277107804,0.7784626999637112,181.87890625,181.921875,0.04296875,0.5113630977134348,-0.0015480146818487967
TS2,spine,3.0,0,1,3,218.32321189793979,0.35393480728819093,508,1016,209546.08322919015,3764802.054484278,616.8458354540146,True,1,1,72.77440396597993,31.138173893996544,120.34362546721954,122,122,657.7528570120653,4,4,1,7,7,1.7927456039547491,0.7927456039547491,1.1632335250075418,0.16323352500754182,1.2752572610864474,0.2752572610864475,0.9762681253324369,-0.02373187466756308,1.3560927823309035,0.3560927823309034,0.6095910000149161,181.90625,181.9453125,0.0390625,1.5577649478752968,-0.0010217168421116584
TS2,spine,3.0,1,1,3,218.32321189793979,0.35393480728819093,508,1016,209546.08322919015,3764802.054484278,616.8458354540146,True,1,1,72.77440396597993,31.138173893996544,120.34362546721954,122,122,657.7528570120653,4,4,1,9,9,1.8264327343450315,0.8264327343450315,1.1901945657391602,0.19019456573916005,1.3089443914767298,0.30894439147672986,1.003229166064055,0.003229166064055161,1.3191581572812552,0.3191581572812553,0.6095910000149161,181.90625,181.9453125,0.0390625,0.5113630977134348,-0.0015480146818487967
TS2,spine,3.0,0,2,3,218.32321189793979,0.35393480728819093,508,1016,209546.08322919015,3764802.054484278,616.8458354540146,True,1,1,72.77440396597993,31.138173893996544,120.34362546721954,122,122,657.7528570120653,4,4,1,7,7,1.9568256083360567,0.9568256083360566,1.2176437924214905,0.21764379242149054,1.4390949090542455,0.4390949090542454,1.0308664127676246,0.030866412767624654,1.354534244930289,0.3545342449302891,0.7709745999891311,181.92578125,181.96484375,0.0390625,1.5577649478752968,-0.0010217168421116584
TS2,spine,3.0,1,2,3,218.32321189793979,0.35393480728819093,508,1016,209546.08322919015,3764802.054484278,616.8458354540146,True,1,1,72.77440396597993,31.138173893996544,120.34362546721954,122,122,657.7528570120653,4,4,1,9,9,1.9906263606629389,0.9906263606629389,1.2447395227099698,0.2447395227099697,1.4728956613811275,0.47289566138112743,1.057962143056104,0.057962143056103824,1.3162974547865276,0.3162974547865277,0.7709745999891311,181.92578125,181.96484375,0.0390625,0.5113630977134348,-0.0015480146818487967
TS3,spine,1.0,0,0,3,93.40399274580557,0.048870804262502655,8008,16058,3150472.63330633,84287550.97597824,1911.243208605677,False,,3,93.40399274580557,42.852431682542075,177.90413601231722,714,723,10391.084203830545,36,47,10,114,122,2.6160900749248817,1.6160900749248812,1.7708335840425806,0.7708335840425805,0.7499726737726621,-0.2500273262273379,1.2763845305597417,0.27638453055974166,1.022387152990159,0.022387152990158997,42.97874570003478,195.54296875,275.95703125,80.4140625,1.3228062220988541,0.224701466171679
TS3,spine,1.0,1,0,3,93.40399274580557,0.048870804262502655,8008,16058,3150472.63330633,84287550.97597824,1911.243208605677,False,,3,93.40399274580557,42.852431682542075,177.90413601231722,714,723,10391.084203830545,36,47,10,125,133,2.6509317968440045,1.650931796844004,1.7951782217224583,0.7951782217224584,0.7848143956917848,-0.21518560430821518,1.3007291682396194,0.3007291682396195,1.0042868735061985,0.004286873506198521,42.97874570003478,195.54296875,275.95703125,80.4140625,1.4689271050283819,0.25033220854106897
TS3,spine,1.0,0,1,3,93.40399274580557,0.048870804262502655,8008,16058,3150472.63330633,84287550.97597824,1911.243208605677,False,,3,93.40399274580557,42.852431682542075,177.90413601231722,714,723,10391.084203830545,36,47,10,114,122,2.706559630779733,1.7065596307797328,1.7649704358725469,0.764970435872547,0.5783808281494925,-0.42161917185050746,1.2217604066232843,0.22176040662328425,1.0517102571693986,0.05171025716939866,43.51491809997242,206.296875,272.81640625,66.51953125,1.3228062220988541,0.224701466171679
TS3,spine,1.0,1,1,3,93.40399274580557,0.048870804262502655,8008,16058,3150472.63330633,84287550.97597824,1911.243208605677,False,,3,93.40399274580557,42.852431682542075,177.90413601231722,714,723,10391.084203830545,36,47,10,125,133,2.7416622820553815,1.7416622820553815,1.7893910336686794,0.7893910336686794,0.6134834794251413,-0.38651652057485875,1.2461810044194168,0.24618100441941682,1.0323502142855392,0.03235021428553924,43.51491809997242,206.296875,272.81640625,66.51953125,1.4689271050283819,0.25033220854106897
TS3,spine,1.0,0,2,3,93.40399274580557,0.048870804262502655,8008,16058,3150472.63330633,84287550.97597824,1911.243208605677,False,,3,93.40399274580557,42.852431682542075,177.90413601231722,714,723,10391.084203830545,36,47,10,114,122,2.4892262415731334,1.4892262415731332,1.7673685119919813,0.7673685119919813,1.1284021968594045,0.12840219685940452,1.3532809017259717,0.35328090172597165,0.9803941665647409,-0.019605833435259134,46.15054780000355,213.01953125,308.1640625,95.14453125,1.3228062220988541,0.224701466171679
TS3,spine,1.0,1,2,3,93.40399274580557,0.048870804262502655,8008,16058,3150472.63330633,84287550.97597824,1911.243208605677,False,,3,93.40399274580557,42.852431682542075,177.90413601231722,714,723,10391.084203830545,36,47,10,125,133,2.5234409282290033,1.5234409282290036,1.7914753561702483,0.7914753561702483,1.1626168835152748,0.16261688351527476,1.3773877459042387,0.37738774590423874,0.963843626694875,-0.036156373305124966,46.15054780000355,213.01953125,308.1640625,95.14453125,1.4689271050283819,0.25033220854106897
TS3,spine,2.0,0,0,3,186.80798549161113,0.09774160852500531,8008,16058,3150472.63330633,84287550.97597824,1911.243208605677,False,,3,93.40399274580557,42.852431682542075,177.90413601231722,714,723,10391.084203830545,36,47,10,70,77,2.4785951894887726,1.4785951894887726,1.5047486046990823,0.5047486046990823,0.8380266404093829,-0.16197335959061707,1.0512515028860787,0.05125150288607866,1.2054237117889954,0.2054237117889954,25.62533800001256,218.19921875,253.046875,34.84765625,1.3228062220988541,0.224701466171679
TS3,spine,2.0,1,0,3,186.80798549161113,0.09774160852500531,8008,16058,3150472.63330633,84287550.97597824,1911.243208605677,False,,3,93.40399274580557,42.852431682542075,177.90413601231722,714,723,10391.084203830545,36,47,10,80,87,2.5022132321938466,1.5022132321938466,1.523295651979073,0.523295651979073,0.8616446831144566,-0.1383553168855433,1.0697985501660692,0.06979855016606913,1.1846050698212005,0.18460506982120053,25.62533800001256,218.19921875,253.046875,34.84765625,1.4689271050283819,0.25033220854106897
TS3,spine,2.0,0,1,3,186.80798549161113,0.09774160852500531,8008,16058,3150472.63330633,84287550.97597824,1911.243208605677,False,,3,93.40399274580557,42.852431682542075,177.90413601231722,714,723,10391.084203830545,36,47,10,70,77,2.5442259577427055,1.5442259577427055,1.5837840901040303,0.5837840901040304,0.6757165947269795,-0.3242834052730204,1.0946599737612275,0.09465997376122753,1.150124108098977,0.1501241080989771,30.248434399953112,220.00390625,279.27734375,59.2734375,1.3228062220988541,0.224701466171679
TS3,spine,2.0,1,1,3,186.80798549161113,0.09774160852500531,8008,16058,3150472.63330633,84287550.97597824,1911.243208605677,False,,3,93.40399274580557,42.852431682542075,177.90413601231722,714,723,10391.084203830545,36,47,10,80,87,2.5678731639800363,1.5678731639800363,1.6023338943769565,0.6023338943769566,0.6993638009643103,-0.3006361990356897,1.1132097780341539,0.1132097780341539,1.1312071477186936,0.1312071477186935,30.248434399953112,220.00390625,279.27734375,59.2734375,1.4689271050283819,0.25033220854106897
TS3,spine,2.0,0,2,3,186.80798549161113,0.09774160852500531,8008,16058,3150472.63330633,84287550.97597824,1911.243208605677,False,,3,93.40399274580557,42.852431682542075,177.90413601231722,714,723,10391.084203830545,36,47,10,70,77,2.6183149951629114,1.6183149951629114,1.555280721808984,0.5552807218089839,1.066202529503091,0.06620252950309104,1.1174999289595953,0.1174999289595952,1.2064063862829713,0.20640638628297114,18.21731739997631,220.12109375,255.13671875,35.015625,1.3228062220988541,0.224701466171679
TS3,spine,2.0,1,2,3,186.80798549161113,0.09774160852500531,8008,16058,3150472.63330633,84287550.97597824,1911.243208605677,False,,3,93.40399274580557,42.852431682542075,177.90413601231722,714,723,10391.084203830545,36,47,10,80,87,2.6418628763014773,1.6418628763014769,1.5737744117843997,0.5737744117843997,1.089750410641657,0.08975041064165687,1.1359936189350102,0.13599361893501005,1.185650427184305,0.1856504271843049,18.21731739997631,220.12109375,255.13671875,35.015625,1.4689271050283819,0.25033220854106897
TS3,spine,3.0,0,0,3,280.2119782374167,0.14661241278750797,8008,16058,3150472.63330633,84287550.97597824,1911.243208605677,False,,3,93.40399274580557,42.852431682542075,177.90413601231722,714,723,10391.084203830545,36,47,10,59,66,2.3302951119780158,1.3302951119780155,1.4423587305041419,0.44235873050414193,0.9524862551355666,-0.04751374486443341,1.027915650860412,0.027915650860411825,1.2127733537974457,0.21277335379744572,21.52490379998926,224.26171875,273.93359375,49.671875,1.3228062220988541,0.224701466171679
TS3,spine,3.0,1,0,3,280.2119782374167,0.14661241278750797,8008,16058,3150472.63330633,84287550.97597824,1911.243208605677,False,,3,93.40399274580557,42.852431682542075,177.90413601231722,714,723,10391.084203830545,36,47,10,69,76,2.3570001164231935,1.3570001164231935,1.4624409158916858,0.46244091589168584,0.9791912595807444,-0.0208087404192556,1.0479978362479552,0.04799783624795515,1.1904289183749042,0.19042891837490408,21.52490379998926,224.26171875,273.93359375,49.671875,1.4689271050283819,0.25033220854106897
TS3,spine,3.0,0,1,3,280.2119782374167,0.14661241278750797,8008,16058,3150472.63330633,84287550.97597824,1911.243208605677,False,,3,93.40399274580557,42.852431682542075,177.90413601231722,714,723,10391.084203830545,36,47,10,59,66,2.8077323786717323,1.8077323786717328,1.5785728990640968,0.5785728990640969,0.7989294397695508,-0.20107056023044922,1.0693866808156711,0.06938668081567122,1.2551934260245285,0.2551934260245285,21.80515909998212,224.53515625,255.32421875,30.7890625,1.3228062220988541,0.224701466171679
TS3,spine,3.0,1,1,3,280.2119782374167,0.14661241278750797,8008,16058,3150472.63330633,84287550.97597824,1911.243208605677,False,,3,93.40399274580557,42.852431682542075,177.90413601231722,714,723,10391.084203830545,36,47,10,69,76,2.8485216640757773,1.8485216640757771,1.6035888149126014,0.6035888149126014,0.8397187251735962,-0.1602812748264038,1.0944025966641746,0.0944025966641747,1.2291579552123097,0.22915795521230964,21.80515909998212,224.53515625,255.32421875,30.7890625,1.4689271050283819,0.25033220854106897
TS3,spine,3.0,0,2,3,280.2119782374167,0.14661241278750797,8008,16058,3150472.63330633,84287550.97597824,1911.243208605677,False,,3,93.40399274580557,42.852431682542075,177.90413601231722,714,723,10391.084203830545,36,47,10,59,66,2.7669832507853402,1.7669832507853402,1.5410425945826578,0.5410425945826578,0.880396826432835,-0.11960317356716493,1.0407014834204968,0.04070148342049692,1.2733094020329259,0.27330940203292575,21.97684149997076,226.41796875,247.17578125,20.7578125,1.3228062220988541,0.224701466171679
TS3,spine,3.0,1,2,3,280.2119782374167,0.14661241278750797,8008,16058,3150472.63330633,84287550.97597824,1911.243208605677,False,,3,93.40399274580557,42.852431682542075,177.90413601231722,714,723,10391.084203830545,36,47,10,69,76,2.8078156521499564,1.8078156521499564,1.5660693498254175,0.5660693498254176,0.9212292277974511,-0.07877077220254887,1.065728238663256,0.065728238663256,1.2461546613613803,0.2461546613613802,21.97684149997076,226.41796875,247.17578125,20.7578125,1.4689271050283819,0.25033220854106897
TS4,spine,1.0,0,0,3,106.17558930647016,0.037311176145292876,3333,6666,2215914.219802321,62868166.55277329,2845.6778980382023,True,1,1,106.17558930647016,41.758417064935294,197.07375769312816,319,319,6100.133297512871,13,13,1,58,58,1.8795476585152782,0.8795476585152782,1.2966136682015628,0.2966136682015627,1.442220998818864,0.44222099881886384,1.1536765714044739,0.1536765714044738,1.1803617229330985,0.1803617229330984,14.406787500018254,226.34375,244.65234375,18.30859375,1.8305209377360196,0.10988193928964017
TS4,spine,1.0,1,0,3,106.17558930647016,0.037311176145292876,3333,6666,2215914.219802321,62868166.55277329,2845.6778980382023,True,1,1,106.17558930647016,41.758417064935294,197.07375769312816,319,319,6100.133297512871,13,13,1,64,64,1.888582005265807,0.8885820052658071,1.306550965782367,0.30655096578236696,1.4512553455693928,0.4512553455693929,1.1636138689852782,0.16361386898527808,1.1675006013797185,0.16750060137971845,14.406787500018254,226.34375,244.65234375,18.30859375,2.2254202895438397,0.13331977568162978
TS4,spine,1.0,0,1,3,106.17558930647016,0.037311176145292876,3333,6666,2215914.219802321,62868166.55277329,2845.6778980382023,True,1,1,106.17558930647016,41.758417064935294,197.07375769312816,319,319,6100.133297512871,13,13,1,58,58,1.9229258266091795,0.9229258266091795,1.266790160518422,0.266790160518422,1.4391538680551752,0.43915386805517526,1.115184728144803,0.11518472814480302,1.2453201905210105,0.24532019052101048,14.225395200017374,220.3046875,248.5703125,28.265625,1.8305209377360196,0.10988193928964017
TS4,spine,1.0,1,1,3,106.17558930647016,0.037311176145292876,3333,6666,2215914.219802321,62868166.55277329,2845.6778980382023,True,1,1,106.17558930647016,41.758417064935294,197.07375769312816,319,319,6100.133297512871,13,13,1,64,64,1.9319349925761062,0.9319349925761062,1.2767134973003746,0.2767134973003746,1.448163034022102,0.448163034022102,1.1251080649267555,0.12510806492675555,1.2310035861469308,0.23100358614693087,14.225395200017374,220.3046875,248.5703125,28.265625,2.2254202895438397,0.13331977568162978
TS4,spine,1.0,0,2,3,106.17558930647016,0.037311176145292876,3333,6666,2215914.219802321,62868166.55277329,2845.6778980382023,True,1,1,106.17558930647016,41.758417064935294,197.07375769312816,319,319,6100.133297512871,13,13,1,58,58,2.0119084700132643,1.0119084700132641,1.3161863701274767,0.3161863701274767,1.5203188620025239,0.5203188620025239,1.1625740834746012,0.1625740834746013,1.2254802226137183,0.22548022261371833,14.148603099980392,221.55078125,264.82421875,43.2734375,1.8305209377360196,0.10988193928964017
TS4,spine,1.0,1,2,3,106.17558930647016,0.037311176145292876,3333,6666,2215914.219802321,62868166.55277329,2845.6778980382023,True,1,1,106.17558930647016,41.758417064935294,197.07375769312816,319,319,6100.133297512871,13,13,1,64,64,2.0209226191228327,1.0209226191228327,1.3261135188132562,0.32611351881325623,1.5293330111120924,0.5293330111120925,1.1725012321603807,0.17250123216038082,1.211796319365326,0.21179631936532597,14.148603099980392,221.55078125,264.82421875,43.2734375,2.2254202895438397,0.13331977568162978
TS4,spine,2.0,0,0,3,212.35117861294032,0.07462235229058575,3333,6666,2215914.219802321,62868166.55277329,2845.6778980382023,True,1,1,106.17558930647016,41.758417064935294,197.07375769312816,319,319,6100.133297512871,13,13,1,34,34,1.8080760200275006,0.8080760200275006,1.2368788433321025,0.23687884333210255,1.3116935268868841,0.3116935268868841,1.0675863998118733,0.06758639981187334,1.2132422106377323,0.2132422106377323,4.596926200028975,221.8359375,235.6953125,13.859375,1.8305209377360196,0.10988193928964017
TS4,spine,2.0,1,0,3,212.35117861294032,0.07462235229058575,3333,6666,2215914.219802321,62868166.55277329,2845.6778980382023,True,1,1,106.17558930647016,41.758417064935294,197.07375769312816,319,319,6100.133297512871,13,13,1,41,41,1.8189035811385859,0.8189035811385859,1.2484816017153941,0.24848160171539402,1.3225210879979694,0.32252108799796936,1.079189158195165,0.07918915819516482,1.196878235715607,0.19687823571560695,4.596926200028975,221.8359375,235.6953125,13.859375,2.2254202895438397,0.13331977568162978
TS4,spine,2.0,0,1,3,212.35117861294032,0.07462235229058575,3333,6666,2215914.219802321,62868166.55277329,2845.6778980382023,True,1,1,106.17558930647016,41.758417064935294,197.07375769312816,319,319,6100.133297512871,13,13,1,34,34,1.8424702475984018,0.8424702475984018,1.243311091319043,0.2433110913190431,1.3302626284408006,0.3302626284408005,1.0710163721978159,0.07101637219781592,1.2260428277155133,0.22604282771551332,5.615626300044823,226.1484375,226.1484375,0.0,1.8305209377360196,0.10988193928964017
TS4,spine,2.0,1,1,3,212.35117861294032,0.07462235229058575,3333,6666,2215914.219802321,62868166.55277329,2845.6778980382023,True,1,1,106.17558930647016,41.758417064935294,197.07375769312816,319,319,6100.133297512871,13,13,1,41,41,1.8535249048095561,0.8535249048095562,1.2550858454228362,0.25508584542283624,1.3413172856519548,0.3413172856519549,1.082791126301609,0.08279112630160905,1.2092966630098652,0.20929666300986524,5.615626300044823,226.1484375,226.1484375,0.0,2.2254202895438397,0.13331977568162978
TS4,spine,2.0,0,2,3,212.35117861294032,0.07462235229058575,3333,6666,2215914.219802321,62868166.55277329,2845.6778980382023,True,1,1,106.17558930647016,41.758417064935294,197.07375769312816,319,319,6100.133297512871,13,13,1,34,34,1.705896154067221,0.7058961540672211,1.2056227262431378,0.20562272624313785,1.2028142987591135,0.2028142987591134,1.0319149090488762,0.0319149090488761,1.2072843430591584,0.2072843430591585,2.4436916999984533,225.546875,227.796875,2.25,1.8305209377360196,0.10988193928964017
TS4,spine,2.0,1,2,3,212.35117861294032,0.07462235229058575,3333,6666,2215914.219802321,62868166.55277329,2845.6778980382023,True,1,1,106.17558930647016,41.758417064935294,197.07375769312816,319,319,6100.133297512871,13,13,1,41,41,1.7164008089422134,0.7164008089422134,1.2169564822391807,0.21695648223918076,1.2133189536341054,0.21331895363410544,1.043248665044919,0.043248665044919025,1.1916876237699148,0.19168762376991472,2.4436916999984533,225.546875,227.796875,2.25,2.2254202895438397,0.13331977568162978
TS4,spine,3.0,0,0,3,318.5267679194105,0.11193352843587864,3333,6666,2215914.219802321,62868166.55277329,2845.6778980382023,True,1,1,106.17558930647016,41.758417064935294,197.07375769312816,319,319,6100.133297512871,13,13,1,26,26,2.2382303795928826,1.2382303795928824,1.3397254538575034,0.3397254538575034,1.6504425814903496,0.6504425814903496,1.1542243869629751,0.15422438696297502,1.2834047417823249,0.28340474178232494,4.30261769995559,227.77734375,228.4609375,0.68359375,1.8305209377360196,0.10988193928964017
TS4,spine,3.0,1,0,3,318.5267679194105,0.11193352843587864,3333,6666,2215914.219802321,62868166.55277329,2845.6778980382023,True,1,1,106.17558930647016,41.758417064935294,197.07375769312816,319,319,6100.133297512871,13,13,1,33,33,2.2501351133586662,1.2501351133586662,1.3521057476750447,0.35210574767504454,1.6623473152561332,0.6623473152561333,1.1666046807805162,0.16660468078051618,1.2645462825614695,0.2645462825614695,4.30261769995559,227.77734375,228.4609375,0.68359375,2.2254202895438397,0.13331977568162978
TS4,spine,3.0,0,1,3,318.5267679194105,0.11193352843587864,3333,6666,2215914.219802321,62868166.55277329,2845.6778980382023,True,1,1,106.17558930647016,41.758417064935294,197.07375769312816,319,319,6100.133297512871,13,13,1,26,26,2.0825112916639523,1.0825112916639523,1.2918717075327333,0.29187170753273317,1.588062714580153,0.5880627145801528,1.1233832547702514,0.12338325477025146,1.273845488886855,0.27384548888685484,3.9786449000239372,221.14453125,229.21484375,8.0703125,1.8305209377360196,0.10988193928964017
TS4,spine,3.0,1,1,3,318.5267679194105,0.11193352843587864,3333,6666,2215914.219802321,62868166.55277329,2845.6778980382023,True,1,1,106.17558930647016,41.758417064935294,197.07375769312816,319,319,6100.133297512871,13,13,1,33,33,2.094409022667027,1.094409022667027,1.3042399292604852,0.30423992926048515,1.5999604455832277,0.5999604455832276,1.1357514764980035,0.1357514764980034,1.2549422813440385,0.2549422813440385,3.9786449000239372,221.14453125,229.21484375,8.0703125,2.2254202895438397,0.13331977568162978
TS4,spine,3.0,0,2,3,318.5267679194105,0.11193352843587864,3333,6666,2215914.219802321,62868166.55277329,2845.6778980382023,True,1,1,106.17558930647016,41.758417064935294,197.07375769312816,319,319,6100.133297512871,13,13,1,26,26,2.2349137323197756,1.2349137323197756,1.3410770876719575,0.34107708767195766,1.6787878525973858,0.6787878525973859,1.163277486846575,0.16327748684657503,1.2781064132363638,0.2781064132363638,5.263241900014691,220.4296875,230.9296875,10.5,1.8305209377360196,0.10988193928964017
TS4,spine,3.0,1,2,3,318.5267679194105,0.11193352843587864,3333,6666,2215914.219802321,62868166.55277329,2845.6778980382023,True,1,1,106.17558930647016,41.758417064935294,197.07375769312816,319,319,6100.133297512871,13,13,1,33,33,2.2468789620008214,1.2468789620008212,1.353494247027092,0.35349424702709215,1.6907530822784314,0.6907530822784314,1.1756946462017095,0.17569464620170952,1.259296257504924,0.259296257504924,5.263241900014691,220.4296875,230.9296875,10.5,2.2254202895438397,0.13331977568162978
TS21,spine,1.0,0,0,3,66.62062516563648,0.07650959166645895,2017,4040,477408.79144877417,7358716.042037744,870.7486697362981,False,,3,66.62062516563648,26.687468526489276,97.88160653127716,251,251,1798.3802200257046,11,11,1,34,34,1.770257085869249,0.7702570858692491,1.225986654157093,0.22598665415709307,1.3142053265715166,0.3142053265715165,1.0407318187453178,0.04073181874531782,1.231921095093974,0.2319210950939741,6.301017099991441,225.15234375,239.171875,14.01953125,1.3306019273490983,0.021637699747774602
TS21,spine,1.0,1,0,3,66.62062516563648,0.07650959166645895,2017,4040,477408.79144877417,7358716.042037744,870.7486697362981,False,,3,66.62062516563648,26.687468526489276,97.88160653127716,251,251,1798.3802200257046,11,11,1,41,41,1.8004148258285717,0.8004148258285716,1.2521144326797686,0.2521144326797685,1.344363066530839,0.34436306653083903,1.0668595972679935,0.06685959726799341,1.2008926831496158,0.20089268314961586,6.301017099991441,225.15234375,239.171875,14.01953125,1.6933945206864776,0.027613624620820544
TS21,spine,1.0,0,1,3,66.62062516563648,0.07650959166645895,2017,4040,477408.79144877417,7358716.042037744,870.7486697362981,False,,3,66.62062516563648,26.687468526489276,97.88160653127716,251,251,1798.3802200257046,11,11,1,34,34,1.780715897007342,0.780715897007342,1.232832787623886,0.2328327876238861,1.2963308842206118,0.2963308842206118,1.0419581244029754,0.04195812440297535,1.2315367684687568,0.2315367684687568,6.293147499964107,223.70703125,232.75,9.04296875,1.3306019273490983,0.021637699747774602
TS21,spine,1.0,1,1,3,66.62062516563648,0.07650959166645895,2017,4040,477408.79144877417,7358716.042037744,870.7486697362981,False,,3,66.62062516563648,26.687468526489276,97.88160653127716,251,251,1798.3802200257046,11,11,1,41,41,1.8110286145038685,0.8110286145038687,1.2590149785718403,0.2590149785718404,1.3266436017171384,0.3266436017171384,1.0681403153509295,0.06814031535092953,1.2009293608978007,0.20092936089780059,6.293147499964107,223.70703125,232.75,9.04296875,1.6933945206864776,0.027613624620820544
TS21,spine,1.0,0,2,3,66.62062516563648,0.07650959166645895,2017,4040,477408.79144877417,7358716.042037744,870.7486697362981,False,,3,66.62062516563648,26.687468526489276,97.88160653127716,251,251,1798.3802200257046,11,11,1,34,34,1.7758251551666429,0.7758251551666429,1.2203453982817614,0.22034539828176142,1.31949371803348,0.31949371803348003,1.0342866133639796,0.034286613363979604,1.244475389529597,0.2444753895295971,6.285772799979895,222.859375,226.0625,3.203125,1.3306019273490983,0.021637699747774602
TS21,spine,1.0,1,2,3,66.62062516563648,0.07650959166645895,2017,4040,477408.79144877417,7358716.042037744,870.7486697362981,False,,3,66.62062516563648,26.687468526489276,97.88160653127716,251,251,1798.3802200257046,11,11,1,41,41,1.8058816427653346,0.8058816427653345,1.2464231437143931,0.24642314371439303,1.3495502056321718,0.34955020563217176,1.0603643587966114,0.06036435879661134,1.212848863293772,0.21284886329377187,6.285772799979895,222.859375,226.0625,3.203125,1.6933945206864776,0.027613624620820544
TS21,spine,2.0,0,0,3,133.24125033127297,0.1530191833329179,2017,4040,477408.79144877417,7358716.042037744,870.7486697362981,False,,3,66.62062516563648,26.687468526489276,97.88160653127716,251,251,1798.3802200257046,11,11,1,21,21,1.9899091792462436,0.9899091792462434,1.2341042506905893,0.23410425069058916,1.351347795823777,0.351347795823777,1.0045146251886583,0.0045146251886582075,1.3520119672015276,0.35201196720152766,3.362931599956937,223.78125,229.80859375,6.02734375,1.3306019273490983,0.021637699747774602
TS21,spine,2.0,1,0,3,133.24125033127297,0.1530191833329179,2017,4040,477408.79144877417,7358716.042037744,870.7486697362981,False,,3,66.62062516563648,26.687468526489276,97.88160653127716,251,251,1798.3802200257046,11,11,1,28,28,2.020813862615283,1.0208138626152832,1.26077542780115,0.26077542780115,1.3822524791928166,0.3822524791928166,1.031185802299219,0.031185802299219047,1.3135951922191549,0.31359519221915483,3.362931599956937,223.78125,229.80859375,6.02734375,1.6933945206864776,0.027613624620820544
TS21,spine,2.0,0,1,3,133.24125033127297,0.1530191833329179,2017,4040,477408.79144877417,7358716.042037744,870.7486697362981,False,,3,66.62062516563648,26.687468526489276,97.88160653127716,251,251,1798.3802200257046,11,11,1,21,21,1.9992942138863827,0.9992942138863827,1.236600271787289,0.2366002717872891,1.3577658996626696,0.35776589966266953,1.0061232287039836,0.006123228703983574,1.3529560922833688,0.35295609228336866,3.331181900051888,229.7890625,230.78515625,0.99609375,1.3306019273490983,0.021637699747774602
TS21,spine,2.0,1,1,3,133.24125033127297,0.1530191833329179,2017,4040,477408.79144877417,7358716.042037744,870.7486697362981,False,,3,66.62062516563648,26.687468526489276,97.88160653127716,251,251,1798.3802200257046,11,11,1,28,28,2.0305625701808605,1.0305625701808605,1.2634043187339903,0.2634043187339904,1.3890342559571471,0.3890342559571472,1.0329272756506849,0.03292727565068497,1.3143948728853898,0.31439487288538975,3.331181900051888,229.7890625,230.78515625,0.99609375,1.6933945206864776,0.027613624620820544
TS21,spine,2.0,0,2,3,133.24125033127297,0.1530191833329179,2017,4040,477408.79144877417,7358716.042037744,870.7486697362981,False,,3,66.62062516563648,26.687468526489276,97.88160653127716,251,251,1798.3802200257046,11,11,1,21,21,2.049500409879898,1.0495004098798981,1.2561691036576188,0.25616910365761875,1.3601572233926111,0.3601572233926112,1.0146573456366657,0.014657345636665728,1.3508328040956454,0.35083280409564555,3.349705900007393,222.44140625,230.02734375,7.5859375,1.3306019273490983,0.021637699747774602
TS21,spine,2.0,1,2,3,133.24125033127297,0.1530191833329179,2017,4040,477408.79144877417,7358716.042037744,870.7486697362981,False,,3,66.62062516563648,26.687468526489276,97.88160653127716,251,251,1798.3802200257046,11,11,1,28,28,2.0803404431098445,1.0803404431098442,1.2828024238445983,0.28280242384459836,1.3909972566225572,0.3909972566225573,1.0412906658236452,0.04129066582364508,1.3126528745462116,0.3126528745462117,3.349705900007393,222.44140625,230.02734375,7.5859375,1.6933945206864776,0.027613624620820544
TS21,spine,3.0,0,0,3,199.86187549690945,0.22952877499937682,2017,4040,477408.79144877417,7358716.042037744,870.7486697362981,False,,3,66.62062516563648,26.687468526489276,97.88160653127716,251,251,1798.3802200257046,11,11,1,19,19,2.2315663237472485,1.2315663237472485,1.299480203673179,0.29948020367317885,1.511660835256763,0.5116608352567631,1.0510143806237466,0.051014380623746663,1.3753781684011395,0.3753781684011394,2.87785889999941,230.00390625,230.1328125,0.12890625,1.3306019273490983,0.021637699747774602
TS21,spine,3.0,1,0,3,199.86187549690945,0.22952877499937682,2017,4040,477408.79144877417,7358716.042037744,870.7486697362981,False,,3,66.62062516563648,26.687468526489276,97.88160653127716,251,251,1798.3802200257046,11,11,1,26,26,2.262604515171609,1.262604515171609,1.3260753000269734,0.3260753000269733,1.5426990266811234,0.5426990266811234,1.0776094769775415,0.07760947697754146,1.3357096280016074,0.33570962800160736,2.87785889999941,230.00390625,230.1328125,0.12890625,1.6933945206864776,0.027613624620820544
TS21,spine,3.0,0,1,3,199.86187549690945,0.22952877499937682,2017,4040,477408.79144877417,7358716.042037744,870.7486697362981,False,,3,66.62062516563648,26.687468526489276,97.88160653127716,251,251,1798.3802200257046,11,11,1,19,19,2.2262565461836243,1.2262565461836241,1.2985785765939517,0.2985785765939516,1.5133425361471282,0.5133425361471282,1.0519890245653065,0.0519890245653066,1.3736983895048895,0.3736983895048895,2.929064800031483,230.11328125,230.1328125,0.01953125,1.3306019273490983,0.021637699747774602
TS21,spine,3.0,1,1,3,199.86187549690945,0.22952877499937682,2017,4040,477408.79144877417,7358716.042037744,870.7486697362981,False,,3,66.62062516563648,26.687468526489276,97.88160653127716,251,251,1798.3802200257046,11,11,1,26,26,2.2571607078725493,1.2571607078725493,1.325106151431962,0.32510615143196203,1.5442466978360532,0.5442466978360533,1.078516599403317,0.07851659940331703,1.3341577262441757,0.33415772624417567,2.929064800031483,230.11328125,230.1328125,0.01953125,1.6933945206864776,0.027613624620820544
TS21,spine,3.0,0,2,3,199.86187549690945,0.22952877499937682,2017,4040,477408.79144877417,7358716.042037744,870.7486697362981,False,,3,66.62062516563648,26.687468526489276,97.88160653127716,251,251,1798.3802200257046,11,11,1,19,19,2.2701630923304035,1.2701630923304035,1.3108333941068073,0.3108333941068072,1.525693657301972,0.5256936573019719,1.0568311633908256,0.05683116339082554,1.37840138448271,0.3784013844827101,2.4723185000475496,229.7734375,233.59765625,3.82421875,1.3306019273490983,0.021637699747774602
TS21,spine,3.0,1,2,3,199.86187549690945,0.22952877499937682,2017,4040,477408.79144877417,7358716.042037744,870.7486697362981,False,,3,66.62062516563648,26.687468526489276,97.88160653127716,251,251,1798.3802200257046,11,11,1,26,26,2.3009942152257303,1.3009942152257303,1.3373481711858035,0.3373481711858035,1.5565247801972988,0.5565247801972989,1.0833459404698216,0.08334594046982159,1.3387390820544296,0.33873908205442965,2.4723185000475496,229.7734375,233.59765625,3.82421875,1.6933945206864776,0.027613624620820544
TS24,spine,1.0,0,0,3,94.5948394598374,0.04816855016997171,3331,6666,1351432.4592967639,31208936.931725997,1963.8299082293713,True,2,1,94.5948394598374,37.63860503015996,136.9558575537136,323,324,4307.451132414145,13,15,2,52,53,1.9851642820740405,0.9851642820740405,1.432293183420728,0.4322931834207279,1.0966843857343,0.09668438573429998,1.1495852650051528,0.1495852650051528,1.0748299213588066,0.07482992135880664,11.032231500023045,230.94921875,231.875,0.92578125,1.14482184191401,-0.005114626297264413
TS24,spine,1.0,1,0,3,94.5948394598374,0.04816855016997171,3331,6666,1351432.4592967639,31208936.931725997,1963.8299082293713,True,2,1,94.5948394598374,37.63860503015996,136.9558575537136,323,324,4307.451132414145,13,15,2,59,60,2.023508796599061,1.023508796599061,1.4586143620605432,0.45861436206054323,1.1350289002593204,0.13502890025932046,1.175906443644968,0.17590644364496805,1.0543752721424446,0.05437527214244469,11.032231500023045,230.94921875,231.875,0.92578125,-0.44024564887421996,-0.005877312731369006
TS24,spine,1.0,0,1,3,94.5948394598374,0.04816855016997171,3331,6666,1351432.4592967639,31208936.931725997,1963.8299082293713,True,2,1,94.5948394598374,37.63860503015996,136.9558575537136,323,324,4307.451132414145,13,15,2,52,53,1.9349024583246814,0.9349024583246814,1.4081491908382213,0.4081491908382214,0.9001992786203342,-0.0998007213796658,1.0916425644703254,0.09164256447032533,1.089589149796247,0.089589149796247,4.672227800008841,231.859375,231.93359375,0.07421875,1.14482184191401,-0.005114626297264413
TS24,spine,1.0,1,1,3,94.5948394598374,0.04816855016997171,3331,6666,1351432.4592967639,31208936.931725997,1963.8299082293713,True,2,1,94.5948394598374,37.63860503015996,136.9558575537136,323,324,4307.451132414145,13,15,2,59,60,1.9735804316858565,0.9735804316858564,1.434601246612893,0.43460124661289307,0.9388772519815092,-0.06112274801849078,1.118094620244997,0.11809462024499702,1.0694317073024953,0.0694317073024952,4.672227800008841,231.859375,231.93359375,0.07421875,-0.44024564887421996,-0.005877312731369006
TS24,spine,1.0,0,2,3,94.5948394598374,0.04816855016997171,3331,6666,1351432.4592967639,31208936.931725997,1963.8299082293713,True,2,1,94.5948394598374,37.63860503015996,136.9558575537136,323,324,4307.451132414145,13,15,2,52,53,2.011906655549105,1.0119066555491052,1.414568167823519,0.414568167823519,1.1229072887486071,0.12290728874860722,1.1284926223469014,0.1284926223469013,1.1090510431359892,0.10905104313598932,11.06518109998433,231.9140625,232.3046875,0.390625,1.14482184191401,-0.005114626297264413
TS24,spine,1.0,1,2,3,94.5948394598374,0.04816855016997171,3331,6666,1351432.4592967639,31208936.931725997,1963.8299082293713,True,2,1,94.5948394598374,37.63860503015996,136.9558575537136,323,324,4307.451132414145,13,15,2,59,60,2.0502511122381,1.0502511122381,1.4408934410940848,0.4408934410940848,1.161251745437602,0.16125174543760198,1.154817895617467,0.15481789561746712,1.0871850473490043,0.08718504734900426,11.06518109998433,231.9140625,232.3046875,0.390625,-0.44024564887421996,-0.005877312731369006
TS24,spine,2.0,0,0,3,189.1896789196748,0.09633710033994342,3331,6666,1351432.4592967639,31208936.931725997,1963.8299082293713,True,2,1,94.5948394598374,37.63860503015996,136.9558575537136,323,324,4307.451132414145,13,15,2,33,34,2.145097035908004,1.145097035908004,1.4285827845936707,0.4285827845936708,1.2719929444786828,0.2719929444786827,1.1430632136479568,0.14306321364795677,1.140157490865346,0.14015749086534607,5.683896700036712,232.28515625,233.21875,0.93359375,1.14482184191401,-0.005114626297264413
TS24,spine,2.0,1,0,3,189.1896789196748,0.09633710033994342,3331,6666,1351432.4592967639,31208936.931725997,1963.8299082293713,True,2,1,94.5948394598374,37.63860503015996,136.9558575537136,323,324,4307.451132414145,13,15,2,41,42,2.189923869495994,1.1899238694959942,1.4597511794910583,0.45975117949105826,1.3168197780666728,0.31681977806667283,1.1742316085453444,0.17423160854534428,1.110988524141958,0.11098852414195796,5.683896700036712,232.28515625,233.21875,0.93359375,-0.44024564887421996,-0.005877312731369006
TS24,spine,2.0,0,1,3,189.1896789196748,0.09633710033994342,3331,6666,1351432.4592967639,31208936.931725997,1963.8299082293713,True,2,1,94.5948394598374,37.63860503015996,136.9558575537136,323,324,4307.451132414145,13,15,2,33,34,2.1381327227176654,1.1381327227176654,1.4088877202181294,0.40888772021812936,1.3026203880680138,0.3026203880680138,1.1304418459307868,0.1304418459307869,1.15634296141768,0.15634296141767992,7.117960600007791,233.19921875,233.26171875,0.0625,1.14482184191401,-0.005114626297264413
TS24,spine,2.0,1,1,3,189.1896789196748,0.09633710033994342,3331,6666,1351432.4592967639,31208936.931725997,1963.8299082293713,True,2,1,94.5948394598374,37.63860503015996,136.9558575537136,323,324,4307.451132414145,13,15,2,41,42,2.1845825767723572,1.1845825767723575,1.4409002092045538,0.4409002092045537,1.3490702421227054,0.3490702421227055,1.162454334917211,0.16245433491721106,1.1254170026490964,0.12541700264909628,7.117960600007791,233.19921875,233.26171875,0.0625,-0.44024564887421996,-0.005877312731369006
TS24,spine,2.0,0,2,3,189.1896789196748,0.09633710033994342,3331,6666,1351432.4592967639,31208936.931725997,1963.8299082293713,True,2,1,94.5948394598374,37.63860503015996,136.9558575537136,323,324,4307.451132414145,13,15,2,33,34,2.1565445538978687,1.156544553897869,1.4101647325322433,0.41016473253224334,1.258877974417056,0.25887797441705596,1.116103820862506,0.1161038208625061,1.1638574953093614,0.16385749530936153,6.7887771999812685,233.2421875,233.26171875,0.01953125,1.14482184191401,-0.005114626297264413
TS24,spine,2.0,1,2,3,189.1896789196748,0.09633710033994342,3331,6666,1351432.4592967639,31208936.931725997,1963.8299082293713,True,2,1,94.5948394598374,37.63860503015996,136.9558575537136,323,324,4307.451132414145,13,15,2,41,42,2.201445164743718,1.201445164743718,1.4413793066574838,0.44137930665748387,1.303778585262905,0.30377858526290497,1.1473183949877466,0.1473183949877466,1.133066726582164,0.13306672658216398,6.7887771999812685,233.2421875,233.26171875,0.01953125,-0.44024564887421996,-0.005877312731369006
TS24,spine,3.0,0,0,3,283.7845183795122,0.1445056505099151,3331,6666,1351432.4592967639,31208936.931725997,1963.8299082293713,True,2,1,94.5948394598374,37.63860503015996,136.9558575537136,323,324,4307.451132414145,13,15,2,28,29,2.4815369037502095,1.4815369037502097,1.4632401358579288,0.4632401358579288,1.6474140833528297,0.6474140833528298,1.1875898329560381,0.18758983295603826,1.2283077737216843,0.2283077737216842,5.36094059998868,232.0,232.296875,0.296875,1.14482184191401,-0.005114626297264413
TS24,spine,3.0,1,0,3,283.7845183795122,0.1445056505099151,3331,6666,1351432.4592967639,31208936.931725997,1963.8299082293713,True,2,1,94.5948394598374,37.63860503015996,136.9558575537136,323,324,4307.451132414145,13,15,2,36,37,2.5280254042495343,1.5280254042495345,1.4952856788273308,0.4952856788273307,1.6939025838521542,0.6939025838521543,1.2196353759254401,0.21963537592544025,1.1921179687646304,0.19211796876463047,5.36094059998868,232.0,232.296875,0.296875,-0.44024564887421996,-0.005877312731369006
TS24,spine,3.0,0,1,3,283.7845183795122,0.1445056505099151,3331,6666,1351432.4592967639,31208936.931725997,1963.8299082293713,True,2,1,94.5948394598374,37.63860503015996,136.9558575537136,323,324,4307.451132414145,13,15,2,28,29,2.835624064294617,1.8356240642946169,1.574760002166208,0.5747600021662082,1.7894415977468494,0.7894415977468494,1.2502311570200397,0.2502311570200396,1.2368111399484225,0.23681113994842243,5.0461880000075325,232.27734375,233.10546875,0.828125,1.14482184191401,-0.005114626297264413
TS24,spine,3.0,1,1,3,283.7845183795122,0.1445056505099151,3331,6666,1351432.4592967639,31208936.931725997,1963.8299082293713,True,2,1,94.5948394598374,37.63860503015996,136.9558575537136,323,324,4307.451132414145,13,15,2,36,37,2.8806164425332734,1.8806164425332734,1.6060053898869358,0.6060053898869358,1.8344339759855062,0.8344339759855063,1.2814765447407668,0.28147654474076683,1.2011487575548858,0.20114875755488576,5.0461880000075325,232.27734375,233.10546875,0.828125,-0.44024564887421996,-0.005877312731369006
TS24,spine,3.0,0,2,3,283.7845183795122,0.1445056505099151,3331,6666,1351432.4592967639,31208936.931725997,1963.8299082293713,True,2,1,94.5948394598374,37.63860503015996,136.9558575537136,323,324,4307.451132414145,13,15,2,28,29,2.5876916429435726,1.5876916429435728,1.4919248889073646,0.4919248889073646,1.6632218686243585,0.6632218686243584,1.1946347178301036,0.1946347178301036,1.236134712113091,0.2361347121130911,5.036437399976421,233.0859375,233.16796875,0.08203125,1.14482184191401,-0.005114626297264413
TS24,spine,3.0,1,2,3,283.7845183795122,0.1445056505099151,3331,6666,1351432.4592967639,31208936.931725997,1963.8299082293713,True,2,1,94.5948394598374,37.63860503015996,136.9558575537136,323,324,4307.451132414145,13,15,2,36,37,2.6325158697827415,1.6325158697827418,1.5230960660282344,0.5230960660282344,1.7080460954635273,0.7080460954635273,1.2258058949509734,0.22580589495097328,1.2002772482028004,0.20027724820280032,5.036437399976421,233.0859375,233.16796875,0.08203125,-0.44024564887421996,-0.005877312731369006
TS48,spine,1.0,0,0,3,107.8594752799734,0.06844930397090217,3335,6666,1024237.6056875429,28933719.594191074,1575.757078929897,True,0,1,107.8594752799734,39.87353530285784,197.92422118379002,255,254,2812.0365345288587,9,7,0,32,31,1.9211132127058825,0.9211132127058824,1.5316651553337524,0.5316651553337525,1.0708482930726766,0.0708482930726766,1.243233890655835,0.24323389065583492,0.9467833042986222,-0.05321669570137779,6.2426875999663025,234.65234375,237.640625,2.98828125,1.2387077649385976,-0.001508092046429003
TS48,spine,1.0,1,0,3,107.8594752799734,0.06844930397090217,3335,6666,1024237.6056875429,28933719.594191074,1575.757078929897,True,0,1,107.8594752799734,39.87353530285784,197.92422118379002,255,254,2812.0365345288587,9,7,0,40,39,2.003114836799295,1.0031148367992946,1.5839167681411137,0.5839167681411137,1.1528499171660884,0.1528499171660885,1.2954855034631962,0.29548550346319613,0.918449942568623,-0.08155005743137696,6.2426875999663025,234.65234375,237.640625,2.98828125,1.6429124137638722,-0.0020001998972749863
TS48,spine,1.0,0,1,3,107.8594752799734,0.06844930397090217,3335,6666,1024237.6056875429,28933719.594191074,1575.757078929897,True,0,1,107.8594752799734,39.87353530285784,197.92422118379002,255,254,2812.0365345288587,9,7,0,32,31,1.9363863329507742,0.9363863329507741,1.5482011423339221,0.5482011423339221,1.0962999410583723,0.09629994105837233,1.261411875826204,0.2614118758262042,0.9358820924250948,-0.0641179075749052,6.883082900021691,232.83203125,247.96484375,15.1328125,1.2387077649385976,-0.001508092046429003
TS48,spine,1.0,1,1,3,107.8594752799734,0.06844930397090217,3335,6666,1024237.6056875429,28933719.594191074,1575.757078929897,True,0,1,107.8594752799734,39.87353530285784,197.92422118379002,255,254,2812.0365345288587,9,7,0,40,39,2.018790055365912,1.0187900553659122,1.6006517858402756,0.6006517858402755,1.1787036634735104,0.1787036634735105,1.3138625193325575,0.31386251933255743,0.9078341532923645,-0.09216584670763545,6.883082900021691,232.83203125,247.96484375,15.1328125,1.6429124137638722,-0.0020001998972749863
TS48,spine,1.0,0,2,3,107.8594752799734,0.06844930397090217,3335,6666,1024237.6056875429,28933719.594191074,1575.757078929897,True,0,1,107.8594752799734,39.87353530285784,197.92422118379002,255,254,2812.0365345288587,9,7,0,32,31,1.952605996360815,0.9526059963608151,1.5301894283682371,0.5301894283682371,1.1242668441497883,0.12426684414978835,1.2464679373908285,0.24646793739082848,0.9562074157720976,-0.043792584227902394,6.8865844999672845,236.9296875,244.09765625,7.16796875,1.2387077649385976,-0.001508092046429003
TS48,spine,1.0,1,2,3,107.8594752799734,0.06844930397090217,3335,6666,1024237.6056875429,28933719.594191074,1575.757078929897,True,0,1,107.8594752799734,39.87353530285784,197.92422118379002,255,254,2812.0365345288587,9,7,0,40,39,2.0331090646028716,1.0331090646028718,1.5819795621509747,0.5819795621509748,1.204769912391845,0.20476991239184492,1.298258071173566,0.2982580711735662,0.9263762265160013,-0.07362377348399876,6.8865844999672845,236.9296875,244.09765625,7.16796875,1.6429124137638722,-0.0020001998972749863
TS48,spine,2.0,0,0,3,215.7189505599468,0.13689860794180433,3335,6666,1024237.6056875429,28933719.594191074,1575.757078929897,True,0,1,107.8594752799734,39.87353530285784,197.92422118379002,255,254,2812.0365345288587,9,7,0,19,18,2.0639194179482363,1.0639194179482365,1.4733689032282524,0.47336890322825237,0.8463487687570503,-0.15365123124294963,1.1052986831155525,0.10529868311555254,1.053245575463717,0.0532455754637171,3.1871302999788895,238.1875,238.1875,0.0,1.2387077649385976,-0.001508092046429003
TS48,spine,2.0,1,0,3,215.7189505599468,0.13689860794180433,3335,6666,1024237.6056875429,28933719.594191074,1575.757078929897,True,0,1,107.8594752799734,39.87353530285784,197.92422118379002,255,254,2812.0365345288587,9,7,0,27,26,2.1439310370567584,1.1439310370567584,1.525260850788831,0.5252608507888309,0.9263603878655722,-0.0736396121344278,1.1571906306761315,0.15719063067613154,1.0145856761891205,0.014585676189120572,3.1871302999788895,238.1875,238.1875,0.0,1.6429124137638722,-0.0020001998972749863
TS48,spine,2.0,0,1,3,215.7189505599468,0.13689860794180433,3335,6666,1024237.6056875429,28933719.594191074,1575.757078929897,True,0,1,107.8594752799734,39.87353530285784,197.92422118379002,255,254,2812.0365345288587,9,7,0,19,18,2.067094514308361,1.0670945143083612,1.4491411062541357,0.4491411062541357,0.8474394745484798,-0.15256052545152016,1.0791618721188267,0.07916187211882673,1.0858657001638625,0.08586570016386254,1.7388577000238001,233.02734375,236.25,3.22265625,1.2387077649385976,-0.001508092046429003
TS48,spine,2.0,1,1,3,215.7189505599468,0.13689860794180433,3335,6666,1024237.6056875429,28933719.594191074,1575.757078929897,True,0,1,107.8594752799734,39.87353530285784,197.92422118379002,255,254,2812.0365345288587,9,7,0,27,26,2.149300280996477,1.1493002809964767,1.5015913540967756,0.5015913540967755,0.9296452412365953,-0.07035475876340469,1.1316121199614666,0.13161211996146652,1.0454796659273018,0.045479665927301786,1.7388577000238001,233.02734375,236.25,3.22265625,1.6429124137638722,-0.0020001998972749863
TS48,spine,2.0,0,2,3,215.7189505599468,0.13689860794180433,3335,6666,1024237.6056875429,28933719.594191074,1575.757078929897,True,0,1,107.8594752799734,39.87353530285784,197.92422118379002,255,254,2812.0365345288587,9,7,0,19,18,2.0424889525682057,1.0424889525682057,1.4577376736669525,0.45773767366695245,0.8725039612625144,-0.12749603873748563,1.0979376800767546,0.0979376800767546,1.0578033609926238,0.05780336099262392,3.2153683999786153,236.09375,237.29296875,1.19921875,1.2387077649385976,-0.001508092046429003
TS48,spine,2.0,1,2,3,215.7189505599468,0.13689860794180433,3335,6666,1024237.6056875429,28933719.594191074,1575.757078929897,True,0,1,107.8594752799734,39.87353530285784,197.92422118379002,255,254,2812.0365345288587,9,7,0,27,26,2.123475083588686,1.1234750835886862,1.510043563329164,0.5100435633291641,0.9534900922829949,-0.04650990771700513,1.1502435697389664,0.15024356973896627,1.0185314564600914,0.018531456460091255,3.2153683999786153,236.09375,237.29296875,1.19921875,1.6429124137638722,-0.0020001998972749863
TS48,spine,3.0,0,0,3,323.5784258399202,0.20534791191270652,3335,6666,1024237.6056875429,28933719.594191074,1575.757078929897,True,0,1,107.8594752799734,39.87353530285784,197.92422118379002,255,254,2812.0365345288587,9,7,0,19,18,1.9970309206496053,0.9970309206496052,1.4258085324379306,0.4258085324379306,0.924569230815676,-0.07543076918432404,1.0834054158265456,0.08340541582654565,1.0673387942943362,0.06733879429433628,3.331459699955303,236.98046875,238.36328125,1.3828125,1.2387077649385976,-0.001508092046429003
TS48,spine,3.0,1,0,3,323.5784258399202,0.20534791191270652,3335,6666,1024237.6056875429,28933719.594191074,1575.757078929897,True,0,1,107.8594752799734,39.87353530285784,197.92422118379002,255,254,2812.0365345288587,9,7,0,27,26,2.0842933598435334,1.0842933598435334,1.4802799815748453,0.48027998157484536,1.0118316700096042,0.01183167000960413,1.1378768649634603,0.13787686496346038,1.0268906717406303,0.026890671740630236,3.331459699955303,236.98046875,238.36328125,1.3828125,1.6429124137638722,-0.0020001998972749863
TS48,spine,3.0,0,1,3,323.5784258399202,0.20534791191270652,3335,6666,1024237.6056875429,28933719.594191074,1575.757078929897,True,0,1,107.8594752799734,39.87353530285784,197.92422118379002,255,254,2812.0365345288587,9,7,0,19,18,2.077963045835161,1.077963045835161,1.4562690463526622,0.4562690463526622,0.8472142998440677,-0.15278570015593224,1.085085602531779,0.08508560253177888,1.0777992875348634,0.07779928753486345,2.7936397999874316,236.6015625,238.3515625,1.75,1.2387077649385976,-0.001508092046429003
TS48,spine,3.0,1,1,3,323.5784258399202,0.20534791191270652,3335,6666,1024237.6056875429,28933719.594191074,1575.757078929897,True,0,1,107.8594752799734,39.87353530285784,197.92422118379002,255,254,2812.0365345288587,9,7,0,27,26,2.1598445004104905,1.1598445004104905,1.5088482837926025,0.5088482837926025,0.9290957544193971,-0.07090424558060295,1.137664839971719,0.13766483997171916,1.0369853715922313,0.03698537159223129,2.7936397999874316,236.6015625,238.3515625,1.75,1.6429124137638722,-0.0020001998972749863
TS48,spine,3.0,0,2,3,323.5784258399202,0.20534791191270652,3335,6666,1024237.6056875429,28933719.594191074,1575.757078929897,True,0,1,107.8594752799734,39.87353530285784,197.92422118379002,255,254,2812.0365345288587,9,7,0,19,18,2.175864686653927,1.175864686653927,1.4797236859609373,0.4797236859609373,0.8786393269275317,-0.12136067307246831,1.0882960273985007,0.08829602739850079,1.1000381257172425,0.10003812571724252,1.3769378999713808,237.2109375,237.2265625,0.015625,1.2387077649385976,-0.001508092046429003
TS48,spine,3.0,1,2,3,323.5784258399202,0.20534791191270652,3335,6666,1024237.6056875429,28933719.594191074,1575.757078929897,True,0,1,107.8594752799734,39.87353530285784,197.92422118379002,255,254,2812.0365345288587,9,7,0,27,26,2.259307471083533,1.2593074710835326,1.5326909373475182,0.5326909373475182,0.9620821113571373,-0.03791788864286271,1.1412632787850816,0.14126327878508163,1.0575047846997783,0.057504784699778225,1.3769378999713808,237.2109375,237.2265625,0.015625,1.6429124137638722,-0.0020001998972749863
TS67,spine,1.0,0,0,3,78.16611755972033,0.05984738125192367,1694,3394,957339.6911641813,19331473.79737958,1306.0908585237028,False,,2,78.16611755972033,32.48410440964262,131.98519329097633,296,297,3301.3090471440128,12,13,2,48,49,3.6820355830402147,2.6820355830402147,1.878780600624666,0.878780600624666,2.069303997986667,1.0693039979866674,1.4588837221594668,0.4588837221594669,1.2222154436899635,0.2222154436899634,8.784854599973187,237.2265625,240.640625,3.4140625,1.6265712099333978,0.013288273058166829
TS67,spine,1.0,1,0,3,78.16611755972033,0.05984738125192367,1694,3394,957339.6911641813,19331473.79737958,1306.0908585237028,False,,2,78.16611755972033,32.48410440964262,131.98519329097633,296,297,3301.3090471440128,12,13,2,54,55,3.7127572896495216,2.7127572896495216,1.9018705576871742,0.9018705576871742,2.100025704595974,1.100025704595974,1.481973679221975,0.48197367922197515,1.1965383020084228,0.1965383020084229,8.784854599973187,237.2265625,240.640625,3.4140625,1.9428649565119152,0.01580956294480239
TS67,spine,1.0,0,1,3,78.16611755972033,0.05984738125192367,1694,3394,957339.6911641813,19331473.79737958,1306.0908585237028,False,,2,78.16611755972033,32.48410440964262,131.98519329097633,296,297,3301.3090471440128,12,13,2,48,49,3.692604661983255,2.692604661983255,1.879533460299635,0.879533460299635,2.1646236087748125,1.1646236087748123,1.4746985679683489,0.47469856796834886,1.2201566466936435,0.22015664669364365,8.98721910000313,240.62109375,244.0859375,3.46484375,1.6265712099333978,0.013288273058166829
TS67,spine,1.0,1,1,3,78.16611755972033,0.05984738125192367,1694,3394,957339.6911641813,19331473.79737958,1306.0908585237028,False,,2,78.16611755972033,32.48410440964262,131.98519329097633,296,297,3301.3090471440128,12,13,2,54,55,3.7236024513300308,2.7236024513300308,1.9027476567602097,0.9027476567602096,2.195621398121588,1.195621398121588,1.4979127644289236,0.4979127644289235,1.1943849046429185,0.19438490464291858,8.98721910000313,240.62109375,244.0859375,3.46484375,1.9428649565119152,0.01580956294480239
TS67,spine,1.0,0,2,3,78.16611755972033,0.05984738125192367,1694,3394,957339.6911641813,19331473.79737958,1306.0908585237028,False,,2,78.16611755972033,32.48410440964262,131.98519329097633,296,297,3301.3090471440128,12,13,2,48,49,3.9842647412261556,2.984264741226155,1.9504097068664679,0.9504097068664679,2.008015652008927,1.0080156520089274,1.4713658755266494,0.4713658755266494,1.236100034023392,0.2361000340233921,10.548309100035112,244.06640625,244.06640625,0.0,1.6265712099333978,0.013288273058166829
TS67,spine,1.0,1,2,3,78.16611755972033,0.05984738125192367,1694,3394,957339.6911641813,19331473.79737958,1306.0908585237028,False,,2,78.16611755972033,32.48410440964262,131.98519329097633,296,297,3301.3090471440128,12,13,2,54,55,4.015162624728414,3.0151626247284136,1.9735847712591328,0.9735847712591328,2.0389135355111856,1.0389135355111856,1.4945409399193144,0.4945409399193143,1.2099754417981292,0.20997544179812927,10.548309100035112,244.06640625,244.06640625,0.0,1.9428649565119152,0.01580956294480239
TS67,spine,2.0,0,0,3,156.33223511944067,0.11969476250384734,1694,3394,957339.6911641813,19331473.79737958,1306.0908585237028,False,,2,78.16611755972033,32.48410440964262,131.98519329097633,296,297,3301.3090471440128,12,13,2,30,31,3.696124972340933,2.696124972340933,1.7215594703780042,0.7215594703780042,1.61927017766061,0.61927017766061,1.2279655592946803,0.22796555929468026,1.392489385970796,0.3924893859707961,3.053107200015802,240.12109375,242.08203125,1.9609375,1.6265712099333978,0.013288273058166829
TS67,spine,2.0,1,0,3,156.33223511944067,0.11969476250384734,1694,3394,957339.6911641813,19331473.79737958,1306.0908585237028,False,,2,78.16611755972033,32.48410440964262,131.98519329097633,296,297,3301.3090471440128,12,13,2,36,37,3.727452337703266,2.7274523377032653,1.745292326703242,0.7452923267032421,1.6505975430229427,0.6505975430229427,1.2516984156199182,0.2516984156199181,1.3596020206374433,0.3596020206374432,3.053107200015802,240.12109375,242.08203125,1.9609375,1.9428649565119152,0.01580956294480239
TS67,spine,2.0,0,1,3,156.33223511944067,0.11969476250384734,1694,3394,957339.6911641813,19331473.79737958,1306.0908585237028,False,,2,78.16611755972033,32.48410440964262,131.98519329097633,296,297,3301.3090471440128,12,13,2,30,31,3.930845001026475,2.930845001026475,1.8076543847230435,0.8076543847230435,1.9839311287222021,0.983931128722202,1.3322190433601304,0.3322190433601305,1.3361886047717233,0.33618860477172324,5.181240700010676,240.81640625,240.8984375,0.08203125,1.6265712099333978,0.013288273058166829
TS67,spine,2.0,1,1,3,156.33223511944067,0.11969476250384734,1694,3394,957339.6911641813,19331473.79737958,1306.0908585237028,False,,2,78.16611755972033,32.48410440964262,131.98519329097633,296,297,3301.3090471440128,12,13,2,36,37,3.9620091898465946,2.962009189846594,1.831328545399167,0.831328545399167,2.0150953175423214,1.0150953175423212,1.355893204036254,0.3558932040362539,1.3050090932889717,0.30500909328897186,5.181240700010676,240.81640625,240.8984375,0.08203125,1.9428649565119152,0.01580956294480239
TS67,spine,2.0,0,2,3,156.33223511944067,0.11969476250384734,1694,3394,957339.6911641813,19331473.79737958,1306.0908585237028,False,,2,78.16611755972033,32.48410440964262,131.98519329097633,296,297,3301.3090471440128,12,13,2,30,31,4.02319996912367,3.02319996912367,1.8346016320271101,0.8346016320271101,2.0241396419810607,1.0241396419810609,1.350227514378002,0.350227514378002,1.3299434494506854,0.3299434494506854,5.089500900008716,240.87890625,241.1171875,0.23828125,1.6265712099333978,0.013288273058166829
TS67,spine,2.0,1,2,3,156.33223511944067,0.11969476250384734,1694,3394,957339.6911641813,19331473.79737958,1306.0908585237028,False,,2,78.16611755972033,32.48410440964262,131.98519329097633,296,297,3301.3090471440128,12,13,2,36,37,4.053909593028314,3.0539095930283144,1.8580807498595189,0.858080749859519,2.054849265885705,1.0548492658857052,1.3737066322104106,0.3737066322104106,1.2992305199632903,0.29923051996329036,5.089500900008716,240.87890625,241.1171875,0.23828125,1.9428649565119152,0.01580956294480239
TS67,spine,3.0,0,0,3,234.498352679161,0.179542143755771,1694,3394,957339.6911641813,19331473.79737958,1306.0908585237028,False,,2,78.16611755972033,32.48410440964262,131.98519329097633,296,297,3301.3090471440128,12,13,2,22,23,3.5612567102364094,2.561256710236409,1.7085267341686061,0.708526734168606,1.4998711555880095,0.49987115558800943,1.2194175889901386,0.21941758899013858,1.3619322792303856,0.36193227923038557,3.1793176000355743,241.04296875,241.6171875,0.57421875,1.6265712099333978,0.013288273058166829
TS67,spine,3.0,1,0,3,234.498352679161,0.179542143755771,1694,3394,957339.6911641813,19331473.79737958,1306.0908585237028,False,,2,78.16611755972033,32.48410440964262,131.98519329097633,296,297,3301.3090471440128,12,13,2,28,29,3.5936695695214085,2.5936695695214085,1.7331417071287096,0.7331417071287095,1.5322840148730088,0.5322840148730089,1.2440325619502424,0.24403256195024234,1.3287678710757787,0.32876787107577865,3.1793176000355743,241.04296875,241.6171875,0.57421875,1.9428649565119152,0.01580956294480239
TS67,spine,3.0,0,1,3,234.498352679161,0.179542143755771,1694,3394,957339.6911641813,19331473.79737958,1306.0908585237028,False,,2,78.16611755972033,32.48410440964262,131.98519329097633,296,297,3301.3090471440128,12,13,2,22,23,3.6030336483262824,2.603033648326282,1.7123898584503305,0.7123898584503305,1.6554368723859008,0.6554368723859008,1.240597211115605,0.24059721111560484,1.358959920956009,0.358959920956009,3.3778944999794476,241.59765625,241.59765625,0.0,1.6265712099333978,0.013288273058166829
TS67,spine,3.0,1,1,3,234.498352679161,0.179542143755771,1694,3394,957339.6911641813,19331473.79737958,1306.0908585237028,False,,2,78.16611755972033,32.48410440964262,131.98519329097633,296,297,3301.3090471440128,12,13,2,28,29,3.6354810460510913,2.6354810460510913,1.737014407815224,0.7370144078152242,1.68788427011071,0.68788427011071,1.2652217604804985,0.26522176048049845,1.3256142022304251,0.32561420223042514,3.3778944999794476,241.59765625,241.59765625,0.0,1.9428649565119152,0.01580956294480239
TS67,spine,3.0,0,2,3,234.498352679161,0.179542143755771,1694,3394,957339.6911641813,19331473.79737958,1306.0908585237028,False,,2,78.16611755972033,32.48410440964262,131.98519329097633,296,297,3301.3090471440128,12,13,2,22,23,3.573600551641475,2.573600551641475,1.7104166602828257,0.7104166602828257,1.5832012890298677,0.5832012890298677,1.230768288957422,0.2307682889574221,1.3495607586051421,0.3495607586051421,3.3656273999949917,240.78515625,241.84375,1.05859375,1.6265712099333978,0.013288273058166829
TS67,spine,3.0,1,2,3,234.498352679161,0.179542143755771,1694,3394,957339.6911641813,19331473.79737958,1306.0908585237028,False,,2,78.16611755972033,32.48410440964262,131.98519329097633,296,297,3301.3090471440128,12,13,2,28,29,3.606520844902412,2.6065208449024118,1.735362542362804,0.7353625423628041,1.6161215822908046,0.6161215822908046,1.2557141710374005,0.25571417103740046,1.3160893029118172,0.3160893029118172,3.3656273999949917,240.78515625,241.84375,1.05859375,1.9428649565119152,0.01580956294480239
TS76,spine,1.0,0,0,3,86.5888012566166,0.0920959439094878,1509,3022,548029.1969304897,11801286.30696941,940.202115108526,False,,5,86.5888012566166,43.39702098324926,129.48504578291383,191,190,1576.7772959414992,9,7,0,25,24,1.7249647553198764,0.7249647553198764,1.261039167586489,0.26103916758648893,1.127762251328767,0.12776225132876706,1.0293775665430502,0.029377566543050185,1.1583939620548533,0.15839396205485334,3.6453485999954864,242.0078125,243.51171875,1.50390625,1.8039025111690776,0.007651123568738682
TS76,spine,1.0,1,0,3,86.5888012566166,0.0920959439094878,1509,3022,548029.1969304897,11801286.30696941,940.202115108526,False,,5,86.5888012566166,43.39702098324926,129.48504578291383,191,190,1576.7772959414992,9,7,0,32,31,1.808179874817179,0.8081798748171789,1.3172778813950443,0.31727788139504426,1.2109773708260696,0.21097737082606963,1.0856162803516054,0.08561628035160547,1.1124986864182695,0.11249868641826959,3.6453485999954864,242.0078125,243.51171875,1.50390625,2.4833058303476254,0.010532639520751513
TS76,spine,1.0,0,1,3,86.5888012566166,0.0920959439094878,1509,3022,548029.1969304897,11801286.30696941,940.202115108526,False,,5,86.5888012566166,43.39702098324926,129.48504578291383,191,190,1576.7772959414992,9,7,0,25,24,1.6534643573448562,0.6534643573448562,1.214961904212938,0.21496190421293807,1.1211442106762757,0.12114421067627576,0.9969839489438888,-0.003016051056111198,1.1762032456217795,0.17620324562177955,3.574124100035988,243.4921875,244.98828125,1.49609375,1.8039025111690776,0.007651123568738682
TS76,spine,1.0,1,1,3,86.5888012566166,0.0920959439094878,1509,3022,548029.1969304897,11801286.30696941,940.202115108526,False,,5,86.5888012566166,43.39702098324926,129.48504578291383,191,190,1576.7772959414992,9,7,0,32,31,1.7358611069484093,0.7358611069484092,1.2709895954092112,0.2709895954092112,1.2035409602798288,0.20354096027982885,1.053011640140162,0.05301164014016194,1.1284744099840316,0.1284744099840315,3.574124100035988,243.4921875,244.98828125,1.49609375,2.4833058303476254,0.010532639520751513
TS76,spine,1.0,0,2,3,86.5888012566166,0.0920959439094878,1509,3022,548029.1969304897,11801286.30696941,940.202115108526,False,,5,86.5888012566166,43.39702098324926,129.48504578291383,191,190,1576.7772959414992,9,7,0,25,24,1.5888862112912896,0.5888862112912896,1.2030149433737471,0.2030149433737472,1.0759941615460502,0.07599416154605021,0.9914842881653524,-0.008515711834647641,1.157010050612361,0.15701005061236098,2.0481406000326388,244.96875,244.96875,0.0,1.8039025111690776,0.007651123568738682
TS76,spine,1.0,1,2,3,86.5888012566166,0.0920959439094878,1509,3022,548029.1969304897,11801286.30696941,940.202115108526,False,,5,86.5888012566166,43.39702098324926,129.48504578291383,191,190,1576.7772959414992,9,7,0,32,31,1.6704340853669797,0.6704340853669796,1.258644447974516,0.25864444797451597,1.1575420356217403,0.15754203562174018,1.0471137927661212,0.047113792766121106,1.11337553531919,0.11337553531919013,2.0481406000326388,244.96875,244.96875,0.0,2.4833058303476254,0.010532639520751513
TS76,spine,2.0,0,0,3,173.1776025132332,0.1841918878189756,1509,3022,548029.1969304897,11801286.30696941,940.202115108526,False,,5,86.5888012566166,43.39702098324926,129.48504578291383,191,190,1576.7772959414992,9,7,0,16,15,1.8208251505736834,0.8208251505736833,1.2343562504102474,0.2343562504102474,1.278657031202389,0.27865703120238905,1.0176446394743193,0.017644639474319174,1.2425350251384202,0.2425350251384202,1.842028700048104,243.78125,243.87109375,0.08984375,1.8039025111690776,0.007651123568738682
TS76,spine,2.0,1,0,3,173.1776025132332,0.1841918878189756,1509,3022,548029.1969304897,11801286.30696941,940.202115108526,False,,5,86.5888012566166,43.39702098324926,129.48504578291383,191,190,1576.7772959414992,9,7,0,23,22,1.9116218401412832,0.9116218401412831,1.2945640885646204,0.2945640885646204,1.3694537207699886,0.3694537207699886,1.0778524776286922,0.07785247762869217,1.181925821958703,0.1819258219587031,1.842028700048104,243.78125,243.87109375,0.08984375,2.4833058303476254,0.010532639520751513
TS76,spine,2.0,0,1,3,173.1776025132332,0.1841918878189756,1509,3022,548029.1969304897,11801286.30696941,940.202115108526,False,,5,86.5888012566166,43.39702098324926,129.48504578291383,191,190,1576.7772959414992,9,7,0,16,15,1.7949761344693749,0.7949761344693749,1.2482776456286544,0.24827764562865443,1.0933261983367464,0.09332619833674638,0.9873661983227671,-0.012633801677232931,1.2164361042776384,0.2164361042776383,0.7153992999810725,243.8515625,243.87890625,0.02734375,1.8039025111690776,0.007651123568738682
TS76,spine,2.0,1,1,3,173.1776025132332,0.1841918878189756,1509,3022,548029.1969304897,11801286.30696941,940.202115108526,False,,5,86.5888012566166,43.39702098324926,129.48504578291383,191,190,1576.7772959414992,9,7,0,23,22,1.8805124504489168,0.8805124504489169,1.3064710903634738,0.3064710903634737,1.1788625143162883,0.17886251431628833,1.0455596430575866,0.045559643057586544,1.161765261022416,0.16176526102241615,0.7153992999810725,243.8515625,243.87890625,0.02734375,2.4833058303476254,0.010532639520751513
TS76,spine,2.0,0,2,3,173.1776025132332,0.1841918878189756,1509,3022,548029.1969304897,11801286.30696941,940.202115108526,False,,5,86.5888012566166,43.39702098324926,129.48504578291383,191,190,1576.7772959414992,9,7,0,16,15,1.7153342614382208,0.7153342614382208,1.2045059360928736,0.20450593609287349,1.1531627672053795,0.15316276720537955,0.9808019504094931,-0.019198049590506906,1.2268837809803366,0.22688378098033657,1.5324265999952331,243.859375,243.88671875,0.02734375,1.8039025111690776,0.007651123568738682
TS76,spine,2.0,1,2,3,173.1776025132332,0.1841918878189756,1509,3022,548029.1969304897,11801286.30696941,940.202115108526,False,,5,86.5888012566166,43.39702098324926,129.48504578291383,191,190,1576.7772959414992,9,7,0,23,22,1.8034421413591821,0.8034421413591821,1.263564105308889,0.2635641053088891,1.241270647126341,0.24127064712634094,1.0398601196255086,0.03986011962550867,1.170097290162021,0.17009729016202094,1.5324265999952331,243.859375,243.88671875,0.02734375,2.4833058303476254,0.010532639520751513
TS76,spine,3.0,0,0,3,259.76640376984983,0.27628783172846344,1509,3022,548029.1969304897,11801286.30696941,940.202115108526,False,,5,86.5888012566166,43.39702098324926,129.48504578291383,191,190,1576.7772959414992,9,7,0,14,13,1.7528166306718085,0.7528166306718085,1.210688409572915,0.2106884095729148,1.2296596702220741,0.22965967022207417,0.9982071823705765,-0.0017928176294235575,1.2385665218988626,0.23856652189886257,1.441123600001447,243.8671875,243.89453125,0.02734375,1.8039025111690776,0.007651123568738682
TS76,spine,3.0,1,0,3,259.76640376984983,0.27628783172846344,1509,3022,548029.1969304897,11801286.30696941,940.202115108526,False,,5,86.5888012566166,43.39702098324926,129.48504578291383,191,190,1576.7772959414992,9,7,0,21,20,1.8425557881968146,0.8425557881968146,1.2706517094519,0.27065170945190004,1.3193988277470803,0.3193988277470803,1.0581704822495617,0.05817048224956166,1.1788839118787267,0.17888391187872654,1.441123600001447,243.8671875,243.89453125,0.02734375,2.4833058303476254,0.010532639520751513
TS76,spine,3.0,0,1,3,259.76640376984983,0.27628783172846344,1509,3022,548029.1969304897,11801286.30696941,940.202115108526,False,,5,86.5888012566166,43.39702098324926,129.48504578291383,191,190,1576.7772959414992,9,7,0,14,13,1.7707592458791708,0.7707592458791709,1.2214726431317213,0.2214726431317213,1.164019216879015,0.16401921687901505,0.9869107421804155,-0.013089257819584432,1.2384424498206406,0.2384424498206406,0.9086490999907255,243.875,243.89453125,0.01953125,1.8039025111690776,0.007651123568738682
TS76,spine,3.0,1,1,3,259.76640376984983,0.27628783172846344,1509,3022,548029.1969304897,11801286.30696941,940.202115108526,False,,5,86.5888012566166,43.39702098324926,129.48504578291383,191,190,1576.7772959414992,9,7,0,21,20,1.8583373969103458,0.8583373969103458,1.2805646706234275,0.28056467062342744,1.2515973679101902,0.2515973679101902,1.046002769672122,0.04600276967212194,1.1803784362802519,0.1803784362802519,0.9086490999907255,243.875,243.89453125,0.01953125,2.4833058303476254,0.010532639520751513
TS76,spine,3.0,0,2,3,259.76640376984983,0.27628783172846344,1509,3022,548029.1969304897,11801286.30696941,940.202115108526,False,,5,86.5888012566166,43.39702098324926,129.48504578291383,191,190,1576.7772959414992,9,7,0,14,13,1.7570660309670043,0.7570660309670042,1.215461272040921,0.215461272040921,1.155091234016829,0.15509123401682892,0.9818685210464225,-0.018131478953577463,1.2403254145802631,0.2403254145802632,0.8018740999978036,243.87109375,243.99609375,0.125,1.8039025111690776,0.007651123568738682
TS76,spine,3.0,1,2,3,259.76640376984983,0.27628783172846344,1509,3022,548029.1969304897,11801286.30696941,940.202115108526,False,,5,86.5888012566166,43.39702098324926,129.48504578291383,191,190,1576.7772959414992,9,7,0,21,20,1.845217121860583,0.845217121860583,1.2747471239695385,0.2747471239695385,1.2432423249104076,0.24324232491040765,1.04115437297504,0.04115437297504001,1.1824295218919225,0.18242952189192244,0.8018740999978036,243.87109375,243.99609375,0.125,2.4833058303476254,0.010532639520751513
